단축코드,표준코드,한글명,그룹코드,시가총액규모,지수업종대분류,지수업종중분류,지수업종소분류,제조업,저유동성,지배구조지수종목,KOSPI200섹터업종,KOSPI100,KOSPI50,KRX,ETP,ELW발행,KRX100,KRX자동차,KRX반도체,KRX바이오,KRX은행,SPAC,KRX에너지화학,KRX철강,단기과열,KRX미디어통신,KRX건설,Non1,KRX증권,KRX선박,KRX섹터_보험,KRX섹터_운송,SRI,기준가,매매수량단위,시간외수량단위,거래정지,정리매매,관리종목,시장경고,경고예고,불성실공시,우회상장,락구분,액면변경,증자구분,증거금비율,신용가능,신용기간,전일거래량,액면가,상장일자,상장주수,자본금,결산월,공모가,우선주,공매도과열,이상급등,KRX300,KOSPI,매출액,영업이익,경상이익,당기순이익,ROE,기준년월,시가총액,그룹사코드,회사신용한도초과,담보대출가능,대주가능
F70100034,KR5701000345,한투한미넥스트혁신성장1(A),BC,,0,0,0,N,N,,0,N,N,N,,N,N,,,,,N,,,0,,,N,,,,,,1073,1,0,N,N,N,0,N,N,N,0,0,0,100,N,90,0,1000,20260130,22303,22303495000,,,0,,N,N,N,0,0,0,0,0.0,,239,,N,N,N
F70100035,KR5701000352,한투한미넥스트혁신성장1(A-e),BC,,0,0,0,N,N,,0,N,N,N,,N,N,,,,,N,,,0,,,N,,,,,,1074,1,0,N,N,N,0,N,N,N,0,0,0,100,N,90,0,1000,20260130,33802,33802314000,,,0,,N,N,N,0,0,0,0,0.0,,363,,N,N,N
F70100036,KR5701000360,한투한미넥스트혁신성장2(A),BC,,0,0,0,N,N,,0,N,N,N,,N,N,,,,,N,,,0,,,N,,,,,,1073,1,0,N,N,N,0,N,N,N,0,0,0,100,N,90,0,1000,20260130,21625,21625450000,,,0,,N,N,N,0,0,0,0,0.0,,232,,N,N,N
F70100037,KR5701000378,한투한미넥스트혁신성장2(A-e),BC,,0,0,0,N,N,,0,N,N,N,,N,N,,,,,N,,,0,,,N,,,,,,1074,1,0,N,N,N,0,N,N,N,0,0,0,100,N,90,0,1000,20260130,33161,33161954000,,,0,,N,N,N,0,0,0,0,0.0,,356,,N,N,N
F70100038,KR5701000386,한투AI혁신산업1(A-e),BC,,0,0,0,N,N,,0,N,N,N,,N,N,,,,,N,,,0,,,N,,,,,,1009,1,0,N,N,N,0,N,N,N,0,0,0,100,N,90,0,1000,20260330,35652,35652944000,,,0,,N,N,N,0,0,0,0,0.0,,359,,N,N,N
F70100039,KR5701000394,한투AI혁신산업2(A),BC,,0,0,0,N,N,,0,N,N,N,,N,N,,,,,N,,,0,,,N,,,,,,1008,1,0,N,N,N,0,N,N,N,0,0,0,100,N,90,0,1000,20260330,20180,20180691000,,,0,,N,N,N,0,0,0,0,0.0,,203,,N,N,N
F70100040,KR5701000402,한투AI혁신산업2(A-e),BC,,0,0,0,N,N,,0,N,N,N,,N,N,,,,,N,,,0,,,N,,,,,,1009,1,0,N,N,N,0,N,N,N,0,0,0,100,N,90,0,1000,20260330,34880,34880363000,,,0,,N,N,N,0,0,0,0,0.0,,351,,N,N,N
F70100041,KR5701000410,한투AI혁신산업1(A),BC,,0,0,0,N,N,,0,N,N,N,,N,N,,,,,N,,,0,,,N,,,,,,1008,1,0,N,N,N,0,N,N,N,0,0,0,100,N,90,0,1000,20260330,18985,18985331000,,,0,,N,N,N,0,0,0,0,0.0,,191,,N,N,N
F70100042,KR5701000428,한투한국핵심성장포커스1(A),BC,,0,0,0,N,N,,0,N,N,N,,N,N,,,,,N,,,0,,,N,,,,,,917,1,0,N,N,N,0,N,N,N,0,0,0,100,N,90,0,1000,20260716,15429,15429201000,,,0,,N,N,N,0,0,0,0,0.0,,141,,N,N,N
F70100043,KR5701000436,한투한국핵심성장포커스1(A-e),BC,,0,0,0,N,N,,0,N,N,N,,N,N,,,,,N,,,0,,,N,,,,,,918,1,0,N,N,N,0,N,N,N,0,0,0,100,N,90,0,1000,20260716,34083,34083383000,,,0,,N,N,N,0,0,0,0,0.0,,312,,N,N,N
F70100044,KR5701000444,한투한국핵심성장포커스2(A),BC,,0,0,0,N,N,,0,N,N,N,,N,N,,,,,N,,,0,,,N,,,,,,917,1,0,N,N,N,0,N,N,N,0,0,0,100,N,90,0,1000,20260716,12210,12210690000,,,0,,N,N,N,0,0,0,0,0.0,,111,,N,N,N
F70100045,KR5701000451,한투한국핵심성장포커스2(A-e),BC,,0,0,0,N,N,,0,N,N,N,,N,N,,,,,N,,,0,,,N,,,,,,918,1,0,N,N,N,0,N,N,N,0,0,0,100,N,90,0,1000,20260716,35360,35360652000,,,0,,N,N,N,0,0,0,0,0.0,,324,,N,N,N
F70100046,KR5701000469,한투레벨업코리아1(A),BC,,0,0,0,N,N,,0,N,N,N,,N,N,,,,,N,,,0,,,N,,,,,,1099,1,0,N,N,N,0,N,N,N,0,0,0,100,N,90,0,1000,20261008,33757,33757562000,,,0,,N,N,N,0,0,0,0,0.0,,0,,N,N,N
F70100047,KR5701000477,한투레벨업코리아1(A-e),BC,,0,0,0,N,N,,0,N,N,N,,N,N,,,,,N,,,0,,,N,,,,,,1100,1,0,N,N,N,0,N,N,N,0,0,0,100,N,90,0,1000,20261008,64995,64995359000,,,0,,N,N,N,0,0,0,0,0.0,,0,,N,N,N
F70100048,KR5701000485,한투레벨업코리아2(A),BC,,0,0,0,N,N,,0,N,N,N,,N,N,,,,,N,,,0,,,N,,,,,,1099,1,0,N,N,N,0,N,N,N,0,0,0,100,N,90,0,1000,20261008,28985,28985623000,,,0,,N,N,N,0,0,0,0,0.0,,0,,N,N,N
F70100049,KR5701000493,한투레벨업코리아2(A-e),BC,,0,0,0,N,N,,0,N,N,N,,N,N,,,,,N,,,0,,,N,,,,,,1100,1,0,N,N,N,0,N,N,N,0,0,0,100,N,90,0,1000,20261008,70719,70719239000,,,0,,N,N,N,0,0,0,0,0.0,,0,,N,N,N
F70101B95,KR570101B954,밀라노부동산,BC,,0,0,0,N,N,,0,N,N,N,,N,N,,,,,N,,,0,,,N,,,,,,350,1,0,N,N,N,0,N,N,N,0,0,0,100,N,90,0,1000,20190521,53532,53532869000,,,0,,N,N,N,0,0,0,0,0.0,,187,,N,N,N
F70101B96,KR570101B962,벨기에코어오피스2호,BC,,0,0,0,N,N,,0,N,N,N,,N,N,,,,,N,,,0,,,N,,,,,,464,1,0,Y,N,N,0,N,N,N,0,0,0,100,N,90,0,1000,20190911,90387,90387607000,,,0,,N,N,N,0,0,0,0,0.0,,419,,N,N,N
F70101B9A,KR570101B9A2,한국투자뉴욕오피스1호,BC,,0,0,0,N,N,,0,N,N,N,,N,N,,,,,N,,,0,,,N,,,,,,100,1,0,N,N,N,0,N,N,N,0,0,0,100,N,90,0,1000,20200121,126300,126300000000,,,0,,N,N,N,0,0,0,0,0.0,,126,,N,N,N
F70102B96,KR570102B960,룩셈부르크코어오피스(파생형)(A),BC,,0,0,0,N,N,,0,N,N,N,,N,N,,,,,N,,,0,,,N,,,,,,1100,1,0,N,N,N,0,N,N,N,0,0,0,100,N,90,0,1000,20190920,78856,78856510000,,,0,,N,N,N,0,0,0,0,0.0,,867,,N,N,N
F70103B96,KR570103B968,룩셈부르크코어오피스(파생형)(C-I),BC,,0,0,0,N,N,,0,N,N,N,,N,N,,,,,N,,,0,,,N,,,,,,994,1,0,N,N,N,0,N,N,N,0,0,0,100,N,90,0,1000,20190920,16000,16000000000,,,0,,N,N,N,0,0,0,0,0.0,,159,,N,N,N
F70600001,KR5706000019,삼성국민참여형국민성장투자신탁_C1,BC,,0,0,0,N,N,,0,N,N,N,,N,N,,,,,N,,,0,,,N,,,,,,1017,1,0,N,N,N,0,N,N,N,0,0,0,100,N,90,12311,1000,20260909,66301,66301556000,,,0,,N,N,N,0,0,0,0,0.0,,674,,N,N,N
F70600002,KR5706000027,삼성국민참여형국민성장투자신탁_C1-e,BC,,0,0,0,N,N,,0,N,N,N,,N,N,,,,,N,,,0,,,N,,,,,,1431,1,0,N,N,N,0,N,N,N,0,0,0,100,N,90,1393,1000,20260909,66999,66999355000,,,0,,N,N,N,0,0,0,0,0.0,,958,,N,N,N
F70600003,KR5706000035,삼성국민참여형국민성장투자신탁_CO,BC,,0,0,0,N,N,,0,N,N,N,,N,N,,,,,N,,,0,,,N,,,,,,1000,1,0,N,N,N,0,N,N,N,0,0,0,100,N,90,0,1000,20260909,44059,44059631000,,,0,,N,N,N,0,0,0,0,0.0,,440,,N,N,N
F70600004,KR5706000043,삼성국민참여형국민성장투자신탁_CO-e,BC,,0,0,0,N,N,,0,N,N,N,,N,N,,,,,N,,,0,,,N,,,,,,1105,1,0,N,N,N,0,N,N,N,0,0,0,100,N,90,0,1000,20260909,22639,22639477000,,,0,,N,N,N,0,0,0,0,0.0,,250,,N,N,N
F71201B98,KR571201B985,키움히어로즈유럽오피스부동산1호 A,BC,,0,0,0,N,N,,0,N,N,N,,N,N,,,,,N,,,0,,,N,,,,,,230,1,0,N,N,N,0,N,N,N,0,0,0,100,N,90,10,1000,20191112,16355,16355918000,,,0,,N,N,N,0,0,0,0,0.0,,37,,N,N,N
F71202B98,KR571202B983,키움히어로즈유럽오피스부동산1호 C-I,BC,,0,0,0,N,N,,0,N,N,N,,N,N,,,,,N,,,0,,,N,,,,,,929,1,0,N,N,N,0,N,N,N,0,0,0,100,N,90,0,1000,20191112,644,644082000,,,0,,N,N,N,0,0,0,0,0.0,,5,,N,N,N
F71203B98,KR571203B981,키움히어로즈유럽오피스부동산2호 A,BC,,0,0,0,N,N,,0,N,N,N,,N,N,,,,,N,,,0,,,N,,,,,,980,1,0,N,N,N,0,N,N,N,0,0,0,100,N,90,0,1000,20191112,15529,15529644000,,,0,,N,N,N,0,0,0,0,0.0,,152,,N,N,N
F71204B98,KR571204B989,키움히어로즈유럽오피스부동산2호 C-I,BC,,0,0,0,N,N,,0,N,N,N,,N,N,,,,,N,,,0,,,N,,,,,,929,1,0,N,N,N,0,N,N,N,0,0,0,100,N,90,0,1000,20191112,1470,1470356000,,,0,,N,N,N,0,0,0,0,0.0,,13,,N,N,N
F71205B98,KR571205B986,키움히어로즈유럽오피스부동산3호 A,BC,,0,0,0,N,N,,0,N,N,N,,N,N,,,,,N,,,0,,,N,,,,,,260,1,0,N,N,N,0,N,N,N,0,0,0,100,N,90,0,1000,20191112,14272,14272637000,,,0,,N,N,N,0,0,0,0,0.0,,37,,N,N,N
F71206B98,KR571206B984,키움히어로즈유럽오피스부동산3호 C-I,BC,,0,0,0,N,N,,0,N,N,N,,N,N,,,,,N,,,0,,,N,,,,,,929,1,0,N,N,N,0,N,N,N,0,0,0,100,N,90,0,1000,20191112,2727,2727363000,,,0,,N,N,N,0,0,0,0,0.0,,25,,N,N,N
F71207B98,KR571207B982,키움히어로즈유럽오피스부동산4호 A,BC,,0,0,0,N,N,,0,N,N,N,,N,N,,,,,N,,,0,,,N,,,,,,1050,1,0,N,N,N,0,N,N,N,0,0,0,100,N,90,0,1000,20191112,1400,1400000000,,,0,,N,N,N,0,0,0,0,0.0,,14,,N,N,N
F71208B98,KR571208B980,키움히어로즈유럽오피스부동산4호 C-I,BC,,0,0,0,N,N,,0,N,N,N,,N,N,,,,,N,,,0,,,N,,,,,,929,1,0,N,N,N,0,N,N,N,0,0,0,100,N,90,0,1000,20191112,15600,15600000000,,,0,,N,N,N,0,0,0,0,0.0,,144,,N,N,N
F71900001,KR5719000014,KB 국민참여형 국민성장 혼합자산 C,BC,,0,0,0,N,N,,0,N,N,N,,N,N,,,,,N,,,0,,,N,,,,,,1000,1,0,N,N,N,0,N,N,N,0,0,0,100,N,90,0,1000,20260909,62092,62092136000,,,0,,N,N,N,0,0,0,0,0.0,,620,,N,N,N
F71900002,KR5719000022,KB 국민참여형 국민성장 혼합자산 C-E,BC,,0,0,0,N,N,,0,N,N,N,,N,N,,,,,N,,,0,,,N,,,,,,1888,1,0,N,N,N,0,N,N,N,0,0,0,100,N,90,15210,1000,20260909,61305,61305518000,,,0,,N,N,N,0,0,0,0,0.0,,1157,,N,N,N
F71900003,KR5719000030,KB 국민참여형 국민성장 혼합자산 C-O,BC,,0,0,0,N,N,,0,N,N,N,,N,N,,,,,N,,,0,,,N,,,,,,955,1,0,N,N,N,0,N,N,N,0,0,0,100,N,90,0,1000,20260909,43657,43657370000,,,0,,N,N,N,0,0,0,0,0.0,,416,,N,N,N
F71900004,KR5719000048,KB 국민참여형 국민성장 혼합자산 C-Oe,BC,,0,0,0,N,N,,0,N,N,N,,N,N,,,,,N,,,0,,,N,,,,,,995,1,0,N,N,N,0,N,N,N,0,0,0,100,N,90,0,1000,20260909,32944,32944986000,,,0,,N,N,N,0,0,0,0,0.0,,327,,N,N,N
F73400008,KR5734000080,코레이트하이일드공모주만기형3호 A,BC,,0,0,0,N,N,,0,N,N,N,,N,N,,,,,N,,,0,,,N,,,,,,1012,1,0,N,N,N,0,N,N,N,0,0,0,100,N,90,0,1000,20250808,6707,6707382000,,,0,,N,N,N,0,0,0,0,0.0,,67,,N,N,N
F73400009,KR5734000098,코레이트하이일드공모주만기형3호 A2,BC,,0,0,0,N,N,,0,N,N,N,,N,N,,,,,N,,,0,,,N,,,,,,1013,1,0,N,N,N,0,N,N,N,0,0,0,100,N,90,0,1000,20250808,9177,9177718000,,,0,,N,N,N,0,0,0,0,0.0,,92,,N,N,N
F73400010,KR5734000106,코레이트하이일드공모주만기형3호 Ae,BC,,0,0,0,N,N,,0,N,N,N,,N,N,,,,,N,,,0,,,N,,,,,,1012,1,0,N,N,N,0,N,N,N,0,0,0,100,N,90,0,1000,20250808,2600,2600599000,,,0,,N,N,N,0,0,0,0,0.0,,26,,N,N,N
F73400011,KR5734000114,코레이트하이일드공모주만기형4호 A,BC,,0,0,0,N,N,,0,N,N,N,,N,N,,,,,N,,,0,,,N,,,,,,1010,1,0,N,N,N,0,N,N,N,0,0,0,100,N,90,0,1000,20260514,13008,13008896000,,,0,,N,N,N,0,0,0,0,0.0,,131,,N,N,N
F73400012,KR5734000122,코레이트하이일드공모주만기형4호 Ae,BC,,0,0,0,N,N,,0,N,N,N,,N,N,,,,,N,,,0,,,N,,,,,,1010,1,0,N,N,N,0,N,N,N,0,0,0,100,N,90,0,1000,20260514,3550,3550103000,,,0,,N,N,N,0,0,0,0,0.0,,35,,N,N,N
F74201773,KR5742017738,하나대체나사부동산1호,BC,,0,0,0,N,N,,0,N,N,N,,N,N,,,,,N,,,0,,,N,,,,,,99,1,0,N,N,N,0,N,N,N,0,0,0,100,N,90,2782,1000,20170627,136688,136688658000,,,0,,N,N,N,0,0,0,0,0.0,,135,,N,N,N
F74201BAA,KR574201BAA6,하나대체미국부동산1호 A,BC,,0,0,0,N,N,,0,N,N,N,,N,N,,,,,N,,,0,,,N,,,,,,700,1,0,N,N,N,0,N,N,N,0,0,0,100,N,90,0,1000,20210108,21241,21241331000,,,0,,N,N,N,0,0,0,0,0.0,,148,,N,N,N
F74202BAA,KR574202BAA4,하나대체미국부동산1호 C-I,BC,,0,0,0,N,N,,0,N,N,N,,N,N,,,,,N,,,0,,,N,,,,,,920,1,0,N,N,N,0,N,N,N,0,0,0,100,N,90,0,1000,20210108,19758,19758669000,,,0,,N,N,N,0,0,0,0,0.0,,181,,N,N,N
F74400001,KR5744000013,미래에셋국민참여형국민성장C,BC,,0,0,0,N,N,,0,N,N,N,,N,N,,,,,N,,,0,,,N,,,,,,1000,1,0,N,N,N,0,N,N,N,0,0,0,100,N,90,0,1000,20260909,72208,72208893000,,,0,,N,N,N,0,0,0,0,0.0,,722,,N,N,N
F74400002,KR5744000021,미래에셋국민참여형국민성장C-e,BC,,0,0,0,N,N,,0,N,N,N,,N,N,,,,,N,,,0,,,N,,,,,,1000,1,0,N,N,N,0,N,N,N,0,0,0,100,N,90,15008,1000,20260909,61971,61971637000,,,0,,N,N,N,0,0,0,0,0.0,,619,,N,N,N
F74400003,KR5744000039,미래에셋국민참여형국민성장C1,BC,,0,0,0,N,N,,0,N,N,N,,N,N,,,,,N,,,0,,,N,,,,,,995,1,0,N,N,N,0,N,N,N,0,0,0,100,N,90,0,1000,20260909,47313,47313763000,,,0,,N,N,N,0,0,0,0,0.0,,470,,N,N,N
F74400004,KR5744000047,미래에셋국민참여형국민성장C1-e,BC,,0,0,0,N,N,,0,N,N,N,,N,N,,,,,N,,,0,,,N,,,,,,993,1,0,N,N,N,0,N,N,N,0,0,0,100,N,90,0,1000,20260909,18505,18505707000,,,0,,N,N,N,0,0,0,0,0.0,,183,,N,N,N
F74401777,KR5744017777,맵스미국11호,BC,,0,0,0,N,N,,0,N,N,N,,N,N,,,,,N,,,0,,,N,,,,,,202,1,0,N,N,N,0,N,N,N,0,0,0,100,N,90,5895,1000,20170901,135305,135305764000,,,0,,N,N,N,0,0,0,0,0.0,,273,,N,N,N
F74401BAA,KR574401BAA2,맵스미국16호 종류A,BC,,0,0,0,N,N,,0,N,N,N,,N,N,,,,,N,,,0,,,N,,,,,,281,1,0,N,N,N,0,N,N,N,0,0,0,100,N,90,4,1000,20201222,74430,74430266000,,,0,,N,N,N,0,0,0,0,0.0,,209,,N,N,N
F74701776,KR5747017766,이지스코어부동산126호 A,BC,,0,0,0,N,N,,0,N,N,N,,N,N,,,,,N,,,0,,,N,,,,,,9000,1,0,N,N,N,0,N,N,N,0,0,0,100,N,90,0,1000,20170908,61133,61133729000,,,0,,N,N,N,0,0,0,0,0.0,,5502,,N,N,N
F74701B97,KR574701B973,이지스글로벌281호 Class A,BC,,0,0,0,N,N,,0,N,N,N,,N,N,,,,,N,,,0,,,N,,,,,,330,1,0,N,N,N,0,N,N,N,0,0,0,100,N,90,0,1000,20191010,230574,230574068000,,,0,,N,N,N,0,0,0,0,0.0,,760,,N,N,N
F74701B9A,KR574701B9A8,이지스299호A,BC,,0,0,0,N,N,,0,N,N,N,,N,N,,,,,N,,,0,,,N,,,,,,1015,1,0,N,N,N,0,N,N,N,0,0,0,100,N,90,0,1000,20200109,21670,21670028000,,,0,,N,N,N,0,0,0,0,0.0,,219,,N,N,N
F74702776,KR5747027765,이지스코어부동산126호 C-i,BC,,0,0,0,N,N,,0,N,N,N,,N,N,,,,,N,,,0,,,N,,,,,,1005,1,0,N,N,N,0,N,N,N,0,0,0,100,N,90,0,1000,20170908,402,402701000,,,0,,N,N,N,0,0,0,0,0.0,,4,,N,N,N
F75601BA2,KR575601BA20,유경공모부동산3호ClassA,BC,,0,0,0,N,N,,0,N,N,N,,N,N,,,,,N,,,0,,,N,,,,,,9,1,0,N,N,N,0,N,N,N,0,0,0,100,N,90,0,1000,20200512,38319,38319438000,,,0,,N,N,N,0,0,0,0,0.0,,3,,N,N,N
F75602BA2,KR575602BA29,유경공모부동산3호ClassC-I,BC,,0,0,0,N,N,,0,N,N,N,,N,N,,,,,N,,,0,,,N,,,,,,1015,1,0,N,N,N,0,N,N,N,0,0,0,100,N,90,0,1000,20200512,67679,67679890000,,,0,,N,N,N,0,0,0,0,0.0,,686,,N,N,N
F75701BA7,KR575701BA78,현대유퍼스트부동산30호[파생형] A,BC,,0,0,0,N,N,,0,N,N,N,,N,N,,,,,N,,,0,,,N,,,,,,599,1,0,N,N,N,0,N,N,N,0,0,0,100,N,90,0,1000,20200928,28809,28809945000,,,0,,N,N,N,0,0,0,0,0.0,,172,,N,N,N
F75702BA7,KR575702BA77,현대유퍼스트부동산30호[파생형] C-i,BC,,0,0,0,N,N,,0,N,N,N,,N,N,,,,,N,,,0,,,N,,,,,,965,1,0,N,N,N,0,N,N,N,0,0,0,100,N,90,0,1000,20200928,23488,23488200000,,,0,,N,N,N,0,0,0,0,0.0,,226,,N,N,N
F76201BC5,KR576201BC53,이탈리아물류1호 종류A,BC,,0,0,0,N,N,,0,N,N,N,,N,N,,,,,N,,,0,,,N,,,,,,870,1,0,N,N,N,0,N,N,N,0,0,0,100,N,90,0,1000,20220823,66985,66985800000,,,0,,N,N,N,0,0,0,0,0.0,,582,,N,N,N
F77200017,KR5772000174,한국밸류라이프V파워1(A),BC,,0,0,0,N,N,,0,N,N,N,,N,N,,,,,N,,,0,,,N,,,,,,0,1,0,Y,N,N,0,N,N,N,0,0,0,100,N,90,0,1000,20251219,26098,26098184000,,,0,,N,N,N,0,0,0,0,0.0,,0,,N,N,N
F77200018,KR5772000182,한국밸류라이프V파워1(A-e),BC,,0,0,0,N,N,,0,N,N,N,,N,N,,,,,N,,,0,,,N,,,,,,0,1,0,Y,N,N,0,N,N,N,0,0,0,100,N,90,0,1000,20251219,24055,24055627000,,,0,,N,N,N,0,0,0,0,0.0,,0,,N,N,N
F77200019,KR5772000190,한국밸류라이프V파워1(C-F),BC,,0,0,0,N,N,,0,N,N,N,,N,N,,,,,N,,,0,,,N,,,,,,0,1,0,Y,N,N,0,N,N,N,0,0,0,100,N,90,0,1000,20251219,200,200000000,,,0,,N,N,N,0,0,0,0,0.0,,0,,N,N,N
F77200020,KR5772000208,한국밸류라이프V파워2(A),BC,,0,0,0,N,N,,0,N,N,N,,N,N,,,,,N,,,0,,,N,,,,,,0,1,0,Y,N,N,0,N,N,N,0,0,0,100,N,90,0,1000,20251219,24298,24298944000,,,0,,N,N,N,0,0,0,0,0.0,,0,,N,N,N
F77200021,KR5772000216,한국밸류라이프V파워2(A-e),BC,,0,0,0,N,N,,0,N,N,N,,N,N,,,,,N,,,0,,,N,,,,,,0,1,0,Y,N,N,0,N,N,N,0,0,0,100,N,90,0,1000,20251219,25958,25958965000,,,0,,N,N,N,0,0,0,0,0.0,,0,,N,N,N
F77200022,KR5772000224,한국밸류라이프V파워2(C-F),BC,,0,0,0,N,N,,0,N,N,N,,N,N,,,,,N,,,0,,,N,,,,,,0,1,0,Y,N,N,0,N,N,N,0,0,0,100,N,90,0,1000,20251219,200,200000000,,,0,,N,N,N,0,0,0,0,0.0,,0,,N,N,N
F77200023,KR5772000232,한국밸류코리아기업가치포커스1호A,BC,,0,0,0,N,N,,0,N,N,N,,N,N,,,,,N,,,0,,,N,,,,,,1201,1,0,N,N,N,0,N,N,N,0,0,0,100,N,90,0,1000,20260209,41545,41545805000,,,0,,N,N,N,0,0,0,0,0.0,,498,,N,N,N
F77200024,KR5772000240,한국밸류코리아기업가치포커스1호C-F,BC,,0,0,0,N,N,,0,N,N,N,,N,N,,,,,N,,,0,,,N,,,,,,1203,1,0,N,N,N,0,N,N,N,0,0,0,100,N,90,0,1000,20260209,200,200000000,,,0,,N,N,N,0,0,0,0,0.0,,2,,N,N,N
F77200025,KR5772000257,한국밸류코리아기업가치포커스2호A,BC,,0,0,0,N,N,,0,N,N,N,,N,N,,,,,N,,,0,,,N,,,,,,1200,1,0,N,N,N,0,N,N,N,0,0,0,100,N,90,0,1000,20260209,35368,35368037000,,,0,,N,N,N,0,0,0,0,0.0,,424,,N,N,N
F77200026,KR5772000265,한국밸류코리아기업가치포커스1호A-e,BC,,0,0,0,N,N,,0,N,N,N,,N,N,,,,,N,,,0,,,N,,,,,,1202,1,0,N,N,N,0,N,N,N,0,0,0,100,N,90,0,1000,20260209,38168,38168590000,,,0,,N,N,N,0,0,0,0,0.0,,458,,N,N,N
F77200027,KR5772000273,한국밸류코리아기업가치포커스2호C-F,BC,,0,0,0,N,N,,0,N,N,N,,N,N,,,,,N,,,0,,,N,,,,,,1202,1,0,N,N,N,0,N,N,N,0,0,0,100,N,90,0,1000,20260209,200,200000000,,,0,,N,N,N,0,0,0,0,0.0,,2,,N,N,N
F77200028,KR5772000281,한국밸류코리아기업가치포커스2호A-e,BC,,0,0,0,N,N,,0,N,N,N,,N,N,,,,,N,,,0,,,N,,,,,,1201,1,0,N,N,N,0,N,N,N,0,0,0,100,N,90,0,1000,20260209,44645,44645539000,,,0,,N,N,N,0,0,0,0,0.0,,536,,N,N,N
F77200029,KR5772000299,한국밸류 K-파워2 1호(A),BC,,0,0,0,N,N,,0,N,N,N,,N,N,,,,,N,,,0,,,N,,,,,,1163,1,0,N,N,N,0,N,N,N,0,0,0,100,N,90,0,1000,20260424,20315,20315512000,,,0,,N,N,N,0,0,0,0,0.0,,236,,N,N,N
F77200030,KR5772000307,한국밸류 K-파워2 1호(A-e),BC,,0,0,0,N,N,,0,N,N,N,,N,N,,,,,N,,,0,,,N,,,,,,1164,1,0,N,N,N,0,N,N,N,0,0,0,100,N,90,0,1000,20260424,35233,35233655000,,,0,,N,N,N,0,0,0,0,0.0,,410,,N,N,N
F77200031,KR5772000315,한국밸류 K-파워2 2호(C-F),BC,,0,0,0,N,N,,0,N,N,N,,N,N,,,,,N,,,0,,,N,,,,,,1166,1,0,N,N,N,0,N,N,N,0,0,0,100,N,90,0,1000,20260424,200,200000000,,,0,,N,N,N,0,0,0,0,0.0,,2,,N,N,N
F77200032,KR5772000323,한국밸류 K-파워2 2호(A-e),BC,,0,0,0,N,N,,0,N,N,N,,N,N,,,,,N,,,0,,,N,,,,,,1165,1,0,N,N,N,0,N,N,N,0,0,0,100,N,90,0,1000,20260424,36576,36576595000,,,0,,N,N,N,0,0,0,0,0.0,,426,,N,N,N
F77200033,KR5772000331,한국밸류 K-파워2 2호(A),BC,,0,0,0,N,N,,0,N,N,N,,N,N,,,,,N,,,0,,,N,,,,,,1164,1,0,N,N,N,0,N,N,N,0,0,0,100,N,90,0,1000,20260424,18565,18565056000,,,0,,N,N,N,0,0,0,0,0.0,,216,,N,N,N
F77200034,KR5772000349,한국밸류 K-파워2 1호(C-F),BC,,0,0,0,N,N,,0,N,N,N,,N,N,,,,,N,,,0,,,N,,,,,,1165,1,0,N,N,N,0,N,N,N,0,0,0,100,N,90,0,1000,20260424,200,200000000,,,0,,N,N,N,0,0,0,0,0.0,,2,,N,N,N
F77200035,KR5772000356,한국밸류 기업가치포커스3 1호(A),BC,,0,0,0,N,N,,0,N,N,N,,N,N,,,,,N,,,0,,,N,,,,,,1168,1,0,N,N,N,0,N,N,N,0,0,0,100,N,90,0,1000,20260708,12533,12533367000,,,0,,N,N,N,0,0,0,0,0.0,,146,,N,N,N
F77200036,KR5772000364,한국밸류 기업가치포커스3 1호(A-e),BC,,0,0,0,N,N,,0,N,N,N,,N,N,,,,,N,,,0,,,N,,,,,,1170,1,0,N,N,N,0,N,N,N,0,0,0,100,N,90,0,1000,20260708,32423,32423003000,,,0,,N,N,N,0,0,0,0,0.0,,379,,N,N,N
F77200037,KR5772000372,한국밸류 기업가치포커스3 1호(C-F),BC,,0,0,0,N,N,,0,N,N,N,,N,N,,,,,N,,,0,,,N,,,,,,1171,1,0,N,N,N,0,N,N,N,0,0,0,100,N,90,0,1000,20260708,200,200000000,,,0,,N,N,N,0,0,0,0,0.0,,2,,N,N,N
F77200038,KR5772000380,한국밸류 기업가치포커스3 2호(A),BC,,0,0,0,N,N,,0,N,N,N,,N,N,,,,,N,,,0,,,N,,,,,,1167,1,0,N,N,N,0,N,N,N,0,0,0,100,N,90,0,1000,20260708,12848,12848189000,,,0,,N,N,N,0,0,0,0,0.0,,149,,N,N,N
F77200039,KR5772000398,한국밸류 기업가치포커스3 2호(A-e),BC,,0,0,0,N,N,,0,N,N,N,,N,N,,,,,N,,,0,,,N,,,,,,1168,1,0,N,N,N,0,N,N,N,0,0,0,100,N,90,0,1000,20260708,32588,32588852000,,,0,,N,N,N,0,0,0,0,0.0,,380,,N,N,N
F77200040,KR5772000406,한국밸류 기업가치포커스3 2호(C-F),BC,,0,0,0,N,N,,0,N,N,N,,N,N,,,,,N,,,0,,,N,,,,,,1169,1,0,N,N,N,0,N,N,N,0,0,0,100,N,90,0,1000,20260708,200,200000000,,,0,,N,N,N,0,0,0,0,0.0,,2,,N,N,N
000020,KR7000020008,동화약품,ST,3.0,27,9,0,,N,N,0,N,N,Y,,N,N,N,N,Y,N,N,N,N,0,N,N,N,N,N,N,N,N,5610,1,1,N,N,N,0,N,N,N,0,0,0,100,N,90,2421088,1000,19760324,27931,27931470000,12.0,,0,,N,N,Y,2675,215,160,161,4.69,20260630.0,1566,,N,N,N
000040,KR7000040006,KR모터스,ST,3.0,27,15,0,,N,N,0,N,N,N,,N,N,N,N,N,N,N,N,N,0,N,N,N,N,N,N,N,N,997,1,1,N,N,Y,0,N,N,N,0,0,0,100,N,90,26970,2500,19760525,19675,49187590000,12.0,,0,,N,N,Y,289,-2,283,289,54.83,20260630.0,196,,N,N,N
000050,KR7000050005,경방,ST,3.0,16,0,0,,N,N,0,N,N,N,,N,N,N,N,N,N,N,N,N,0,N,N,N,N,N,N,N,N,8100,1,1,N,N,N,0,N,N,N,0,0,0,40,Y,90,134137,500,19560303,27415,13707635000,12.0,,0,,N,N,Y,2281,290,214,183,6.57,20260630.0,2220,,N,N,N
000070,KR7000070003,삼양홀딩스,ST,3.0,21,0,0,,N,N,0,N,N,N,,N,N,N,N,N,N,N,N,N,0,N,N,N,N,N,N,N,N,56800,1,1,N,N,N,0,N,N,N,0,0,0,40,Y,90,12561,5000,19681227,7763,40215955000,12.0,,0,,N,N,Y,18012,897,1128,866,-9.61,20260630.0,4409,512,N,N,N
000080,KR7000080002,하이트진로,ST,2.0,27,5,0,,N,N,7,N,N,Y,,N,N,N,N,N,N,N,N,N,0,N,N,N,N,N,N,N,N,14860,1,1,N,N,N,0,N,N,N,0,0,0,40,Y,90,58731,5000,20091019,70133,363168055000,12.0,,0,,N,Y,Y,12094,1209,1046,764,4.09,20260630.0,10421,732,N,N,Y
000087,KR7000082008,하이트진로2우B,ST,0.0,27,5,0,,N,N,0,N,N,N,,N,N,N,N,N,N,N,N,N,0,N,N,N,N,N,N,N,N,12310,1,1,N,N,N,0,N,N,N,0,0,0,100,N,90,85,5000,20110926,1130,5650690000,12.0,,2,,N,N,N,0,0,0,0,0.0,,139,,N,N,N
0000D0,KR70000D0009,TIGER 엔비디아미국채커버드콜밸런스(합성),EF,,0,0,0,N,N,,0,N,N,N,2.0,N,N,,,,,N,,,0,,,Y,,,,,,8525,1,1,N,N,N,0,N,N,N,0,0,0,100,N,90,32052,0,20241217,6300,0,12.0,,0,,N,N,N,0,0,0,0,0.0,,537,,N,N,N
0000H0,KR70000H0005,KODEX 인도Nifty미드캡100,EF,,0,0,0,N,N,,0,N,N,N,2.0,N,N,,,,,N,,,0,,,Y,,,,,,9380,1,1,N,N,N,0,N,N,N,0,0,0,100,N,90,9708,0,20250408,1150,0,12.0,,0,,N,N,N,0,0,0,0,0.0,,107,,N,N,N
0000J0,KR70000J0003,PLUS 한화그룹주,EF,,0,0,0,N,N,,0,N,N,N,2.0,N,N,,,,,N,,,0,,,Y,,,,,,27625,1,1,N,N,N,0,N,N,N,0,0,0,100,N,90,90639,0,20241224,4000,0,12.0,,0,,N,N,N,0,0,0,0,0.0,,1105,,N,N,N
0000Y0,KR70000Y0004,HK 26-12 회사채(AA-이상)액티브,EF,,0,0,0,N,N,,0,N,N,N,2.0,N,N,,,,,N,,,0,,,Y,,,,,,102185,1,1,N,N,N,0,N,N,N,0,0,0,100,N,90,6,0,20241224,1210,0,12.0,,0,,N,N,N,0,0,0,0,0.0,,1236,,N,N,N
0000Z0,KR70000Z0003,RISE 바이오TOP10액티브,EF,,0,0,0,N,N,,0,N,N,N,2.0,N,N,,,,,N,,,0,,,Y,,,,,,8570,1,1,N,N,N,0,N,N,N,0,0,0,100,N,90,91579,0,20241224,5850,0,12.0,,0,,N,N,N,0,0,0,0,0.0,,501,,N,N,N
000100,KR7000100008,유한양행,ST,1.0,27,9,0,,N,N,A,Y,N,Y,,Y,Y,N,N,Y,N,N,N,N,0,N,N,N,N,N,N,N,N,75000,1,1,N,N,N,0,N,N,N,0,0,0,40,Y,90,168036,1000,19621101,73615,80209064000,12.0,,0,,N,Y,Y,11662,757,1171,914,10.45,20260630.0,55211,,N,N,Y
000105,KR7000101006,유한양행우,ST,0.0,27,9,0,,N,N,0,N,N,N,,N,N,N,N,N,N,N,N,N,0,N,N,N,N,N,N,N,N,65100,1,1,N,N,N,0,N,N,N,0,0,0,100,N,90,329,1000,19950221,1148,1180940000,12.0,,1,,N,N,N,0,0,0,0,0.0,,747,,N,N,N
000120,KR7000120006,CJ대한통운,ST,2.0,19,0,0,,N,N,9,N,N,Y,,N,N,N,N,N,N,N,N,N,0,N,N,N,N,N,N,Y,Y,70300,1,1,N,N,N,0,N,N,N,0,0,0,40,Y,90,39838,5000,19560702,22812,114061720000,12.0,,0,,N,Y,Y,65945,1937,1019,747,5.46,20260630.0,16037,720,N,N,Y
000140,KR7000140004,하이트진로홀딩스,ST,3.0,21,0,0,,N,N,0,N,N,N,,N,N,N,N,N,N,N,N,N,0,N,N,N,N,N,N,N,N,7720,1,1,N,N,N,0,N,N,N,0,0,0,60,Y,90,1346,5000,19730919,23206,116033825000,12.0,,0,,N,N,Y,12036,1200,916,659,-0.44,20260630.0,1791,732,N,N,N
000145,KR7000141002,하이트진로홀딩스우,ST,0.0,21,0,0,,N,N,0,N,N,N,,N,N,N,N,N,N,N,N,N,0,N,N,N,N,N,N,N,N,9140,1,1,N,N,N,0,N,N,N,0,0,0,100,N,90,8,5000,19870929,470,2354050000,12.0,,1,,N,N,N,0,0,0,0,0.0,,43,,N,N,N
000150,KR7000150003,두산,ST,1.0,27,13,0,,N,Y,2,Y,N,Y,,Y,Y,N,N,N,N,N,N,N,0,N,N,N,N,N,N,N,Y,1399000,1,1,N,N,N,0,N,N,N,0,0,0,40,Y,90,61307,5000,19730629,16193,99290605000,12.0,,0,,N,Y,Y,106175,8307,9689,6371,17.75,20260630.0,226551,391,N,N,Y
000155,KR7000151001,두산우,ST,0.0,27,13,0,,N,N,0,N,N,N,,N,N,N,N,N,N,N,N,N,0,N,N,N,N,N,N,N,N,460000,1,1,N,N,N,0,N,N,N,0,0,0,40,Y,90,6795,5000,19860731,3996,19982310000,12.0,,1,,N,N,N,0,0,0,0,0.0,,18383,,N,N,N
000157,KR7000152009,두산2우B,ST,0.0,27,13,0,,N,N,0,N,N,N,,N,N,N,N,N,N,N,N,N,0,N,N,N,N,N,N,N,N,370000,1,1,N,N,N,0,N,N,N,0,0,0,40,Y,90,367,5000,19991203,893,4465190000,12.0,,2,,N,N,N,0,0,0,0,0.0,,3304,,N,N,N
000180,KR7000180000,성창기업지주,ST,3.0,26,0,0,,N,N,0,N,N,N,,N,N,N,N,N,N,N,N,N,0,N,N,N,N,N,N,N,N,4830,1,1,N,N,N,0,N,N,N,0,0,0,100,N,90,7432,2500,19760602,13950,36000000000,12.0,,0,,N,N,Y,678,-12,-7,-5,-2.63,20260630.0,673,,N,N,N
0001P0,KR70001P0004,마이티 바이오시밀러&CDMO액티브,EF,,0,0,0,N,N,,0,N,N,N,2.0,N,N,,,,,N,,,0,,,Y,,,,,,9055,1,1,N,N,N,0,N,N,N,0,0,0,100,N,90,543,0,20241224,1120,0,12.0,,0,,N,N,N,0,0,0,0,0.0,,101,,N,N,N
000210,KR7000210005,DL,ST,2.0,27,8,0,,N,N,1,N,N,Y,,N,N,N,N,N,N,N,N,N,0,N,Y,N,N,N,N,N,Y,49250,1,1,N,N,N,0,N,N,N,0,0,0,40,Y,90,36088,5000,19760202,20955,128279420000,12.0,,0,,N,Y,Y,29506,3694,1940,1649,3.44,20260630.0,10320,321,N,N,Y
000215,KR7000211003,DL우,ST,0.0,27,8,0,,N,N,0,N,N,N,,N,N,N,N,N,N,N,N,N,0,N,N,N,N,N,N,N,N,24300,1,1,N,N,N,0,N,N,N,0,0,0,100,N,90,1144,5000,19890821,1686,10430575000,12.0,,1,,N,N,N,0,0,0,0,0.0,,409,,N,N,N
000220,KR7000220004,유유제약,ST,3.0,27,9,0,,N,N,0,N,N,N,,N,N,N,N,N,N,N,N,N,0,N,N,N,N,N,N,N,N,3840,1,1,N,N,N,0,N,N,N,0,0,0,100,N,90,141906,1000,19751118,15747,17609191000,12.0,,0,,N,N,Y,722,83,81,69,9.66,20260630.0,604,,N,N,N
000225,KR7000221002,유유제약1우,ST,0.0,27,9,0,,N,N,0,N,N,N,,N,N,N,N,N,N,N,N,N,0,N,N,N,N,N,N,N,N,3625,1,1,N,N,N,0,N,N,N,0,0,0,100,N,90,6268,1000,19900105,2266,2266930000,12.0,,1,,N,N,N,0,0,0,0,0.0,,82,,N,N,N
000227,KR7000222000,유유제약2우B,ST,0.0,27,9,0,,Y,N,0,N,N,N,,N,N,N,N,N,N,N,N,N,0,N,N,N,N,N,N,N,N,8120,1,1,N,N,N,0,N,N,N,0,0,0,100,N,90,99,1000,20000620,322,325560000,12.0,,2,,N,N,N,0,0,0,0,0.0,,26,,N,N,N
000230,KR7000230003,일동홀딩스,ST,3.0,27,9,0,,N,N,0,N,N,Y,,N,N,N,N,Y,N,N,N,N,0,N,N,N,N,N,N,N,N,6270,1,1,N,N,N,0,N,N,N,0,0,0,100,N,90,13068,1000,19750628,11540,11540400000,12.0,,0,,N,N,Y,3029,108,76,85,14.3,20260630.0,723,,N,N,N
000240,KR7000240002,한국앤컴퍼니,ST,2.0,21,0,0,,N,N,8,N,N,Y,,N,N,N,N,N,N,N,N,N,0,N,N,N,N,N,N,N,Y,25550,1,1,N,N,N,0,N,N,N,0,0,0,40,Y,90,34972,500,19681227,94935,47467620000,12.0,,0,,N,Y,Y,7179,2218,2406,2204,8.27,20260630.0,24255,912,N,N,N
000270,KR7000270009,기아,ST,1.0,27,15,0,,N,N,8,Y,Y,Y,,Y,Y,Y,N,N,N,N,N,N,0,N,N,N,N,N,N,N,Y,109600,1,1,N,N,N,0,N,N,N,0,0,0,40,Y,90,749640,5000,19730721,390412,2139316735000,12.0,,0,,N,Y,Y,625389,48337,57033,41579,11.61,20260630.0,427892,BH1,N,N,Y
0002C0,KR70002C0008,에셋플러스 인도일등기업포커스20액티브,EF,,0,0,0,N,N,,0,N,N,N,2.0,N,N,,,,,N,,,0,,,Y,,,,,,10025,1,1,N,N,N,0,N,N,N,0,0,0,100,N,90,1327,0,20250225,1080,0,12.0,,0,,N,N,N,0,0,0,0,0.0,,108,,N,N,N
000300,KR7000300004,DH오토넥스,ST,3.0,27,15,0,,N,N,0,N,N,N,,N,N,N,N,N,N,N,N,N,0,N,N,N,N,N,N,N,N,4200,1,1,Y,N,N,0,N,N,N,0,0,0,100,N,90,0,500,19750609,41437,20718527500,12.0,,0,,N,N,Y,212,-16,-23,-46,-2.3,20260630.0,1740,,N,N,N
000320,KR7000320002,노루홀딩스,ST,3.0,21,0,0,,N,N,0,N,N,N,,N,N,N,N,N,N,N,N,N,0,N,N,N,N,N,N,N,N,15610,1,1,N,N,N,0,N,N,N,0,0,0,40,Y,90,6230,500,19730810,13291,8407575500,12.0,,0,,N,N,Y,6550,471,569,422,7.49,20260630.0,2074,,N,N,N
000325,KR7000321000,노루홀딩스우,ST,0.0,21,0,0,,N,N,0,N,N,N,,N,N,N,N,N,N,N,N,N,0,N,N,N,N,N,N,N,N,28950,1,1,N,N,N,0,N,N,N,0,0,0,100,N,90,56,500,19890121,243,121779500,12.0,,1,,N,N,N,0,0,0,0,0.0,,70,,N,N,N
000370,KR7000370007,한화손해보험,ST,2.0,21,25,0,,N,N,0,N,N,Y,,N,N,N,N,N,N,N,N,N,0,N,N,N,N,N,Y,N,N,7340,1,1,N,N,N,0,N,N,N,0,0,0,40,Y,90,268380,5000,19750630,116738,583694575000,12.0,,0,,N,N,Y,41775,2766,2778,2276,11.12,20260630.0,8568,913,N,N,Y
000390,KR7000390005,SP삼화,ST,3.0,27,8,0,,N,N,0,N,N,N,,N,N,N,N,N,N,N,N,N,0,N,N,N,N,N,N,N,N,7220,1,1,N,N,N,0,N,N,N,0,0,0,60,Y,90,106898,500,19930910,27203,13601734500,12.0,,0,,N,N,Y,3219,156,163,125,4.04,20260630.0,1964,,N,N,N
000400,KR7000400002,롯데손해보험,ST,2.0,21,25,0,,N,N,0,N,N,Y,,N,N,N,N,N,N,N,N,N,0,N,N,N,N,N,Y,N,N,2240,1,1,N,N,N,0,N,N,N,0,0,0,40,Y,90,653767,1000,19710416,310336,310336320000,12.0,,0,,N,N,Y,0,0,0,0,0.0,20250930.0,6951,,N,N,N
000430,KR7000430009,대원강업,ST,3.0,27,15,0,,N,N,0,N,N,N,,N,N,N,N,N,N,N,N,N,0,N,N,N,N,N,N,N,N,4440,1,1,N,N,N,0,N,N,N,0,0,0,50,Y,90,60173,500,19770622,62000,31000000000,12.0,,0,,N,N,Y,9048,618,675,658,12.53,20260630.0,2752,Z35,N,N,N
000480,KR7000480004,CR홀딩스,ST,3.0,27,10,0,,N,N,0,N,N,N,,N,N,N,N,N,N,N,N,N,0,N,N,N,N,N,N,N,N,4300,1,1,N,N,N,0,N,N,N,0,0,0,100,N,90,10394,500,19780630,46890,23445245000,12.0,,0,,N,N,Y,4065,103,48,8,-4.78,20260630.0,2016,,N,N,N
000490,KR7000490003,대동,ST,3.0,27,12,0,,N,N,0,N,N,N,,N,N,N,N,N,N,N,N,N,0,N,N,N,N,N,N,N,N,7480,1,1,N,N,N,0,N,N,N,0,0,0,50,Y,90,105082,1000,19750627,28826,28826865000,12.0,,0,,N,N,Y,8448,473,182,153,-3.2,20260630.0,2156,,N,N,Y
0004G0,KR70004G0002,1Q 미국배당TOP30,EF,,0,0,0,N,N,,0,N,N,N,2.0,N,N,,,,,N,,,0,,,Y,,,,,,8330,1,1,N,N,N,0,N,N,N,0,0,0,100,N,90,5272,0,20250121,1600,0,12.0,,0,,N,N,N,0,0,0,0,0.0,,133,,N,N,N
000500,KR7000500009,가온전선,ST,2.0,27,13,0,,N,N,0,N,N,N,,N,N,N,N,N,N,N,N,N,0,N,N,N,N,N,N,N,N,306500,1,1,N,N,N,0,N,N,N,0,0,0,50,Y,90,498458,5000,19870608,29777,148888035000,12.0,,0,,N,N,Y,16330,640,573,425,13.13,20260630.0,91268,FN2,N,N,N
000520,KR7000520007,삼일제약,ST,3.0,27,9,0,,N,N,0,N,N,N,,N,N,N,N,N,N,N,N,N,0,N,N,N,N,N,N,N,N,8530,1,1,N,N,N,0,N,N,N,0,0,0,100,N,90,46608,500,19850529,21691,10845905500,12.0,,0,,N,N,Y,1031,-147,-191,-185,-27.37,20260630.0,1850,,N,N,N
000540,KR7000540005,흥국화재,ST,3.0,21,25,0,,N,N,0,N,N,N,,N,N,N,N,N,N,N,N,N,0,N,N,N,N,N,N,N,N,3425,1,1,N,N,N,0,N,N,N,0,0,0,50,Y,90,21906,5000,19741205,64242,321213225000,12.0,,0,,N,N,Y,33740,1488,1437,1067,9.97,20241231.0,2200,841,N,N,N
000545,KR7000541003,흥국화재우,ST,0.0,21,25,0,,N,N,0,N,N,N,,N,N,N,N,N,N,N,N,N,3,N,N,N,N,N,N,N,N,5760,1,1,N,N,N,0,N,N,N,0,0,0,100,N,90,73,5000,19900320,768,3840000000,12.0,,1,,N,N,N,0,0,0,0,0.0,,44,,N,N,N
000590,KR7000590000,CS홀딩스,ST,3.0,21,0,0,,N,N,0,N,N,N,,N,N,N,N,N,N,N,N,N,0,N,N,N,N,N,N,N,N,70700,1,1,N,N,N,0,N,N,N,0,0,0,100,N,90,408,5000,19751222,1154,5772410000,12.0,,0,,N,N,Y,709,121,193,158,7.07,20260630.0,816,,N,N,N
0005A0,KR70005A0007,KODEX 미국S&P500데일리커버드콜OTM,EF,,0,0,0,N,N,,0,N,N,N,2.0,N,N,,,,,N,,,0,,,Y,,,,,,9135,1,1,N,N,N,0,N,N,N,0,0,0,100,N,90,129058,0,20250107,22400,0,12.0,,0,,N,N,N,0,0,0,0,0.0,,2046,,N,N,N
0005C0,KR70005C0005,RISE 미국S&P500엔화노출(합성 H),EF,,0,0,0,N,N,,0,N,N,N,2.0,N,N,,,,,N,,,0,,,Y,,,,,,11175,1,1,N,N,N,0,N,N,N,0,0,0,100,N,90,1289,0,20250114,650,0,12.0,,0,,N,N,N,0,0,0,0,0.0,,72,,N,N,N
0005D0,KR70005D0004,SOL 전고체배터리&실리콘음극재,EF,,0,0,0,N,N,,0,N,N,N,2.0,N,N,,,,,N,,,0,,,Y,,,,,,16785,1,1,N,N,N,0,N,N,N,0,0,0,100,N,90,1495163,0,20250107,10550,0,12.0,,0,,N,N,N,0,0,0,0,0.0,,1770,,N,N,N
0005G0,KR70005G0001,IBK K-AI반도체코어테크,EF,,0,0,0,N,N,,0,N,N,N,2.0,N,N,,,,,N,,,0,,,Y,,,,,,56825,1,1,N,N,N,0,N,N,N,0,0,0,100,N,90,16861,0,20250121,3450,0,12.0,,0,,N,N,N,0,0,0,0,0.0,,1960,,N,N,N
000640,KR7000640003,동아쏘시오홀딩스,ST,2.0,21,0,0,,N,N,0,N,N,Y,,N,N,N,N,Y,N,N,N,N,0,N,N,N,N,N,N,N,N,94700,1,1,N,N,N,0,N,N,N,0,0,0,40,Y,90,5254,5000,19700210,6732,33662635000,12.0,,0,,N,N,Y,7634,581,587,494,7.44,20260630.0,6375,,N,N,N
000650,KR7000650002,천일고속,ST,3.0,19,0,0,,N,N,0,N,N,N,,N,N,N,N,N,N,N,N,N,0,N,N,N,N,N,N,N,N,180300,1,1,N,N,N,0,N,N,N,0,0,0,100,N,90,25162,5000,19770623,1429,7146100000,12.0,,0,,N,N,Y,447,-53,-42,-42,-25.32,20241231.0,2576,,N,N,N
000660,KR7000660001,SK하이닉스,ST,1.0,27,13,0,,N,N,5,Y,Y,Y,,Y,Y,N,Y,N,N,N,N,N,0,N,N,N,N,N,N,N,Y,1723000,1,1,N,N,N,0,N,N,N,0,0,0,40,Y,90,2618253,5000,19961226,730492,3746602050000,12.0,,0,,N,Y,Y,1318950,981529,1743252,13426,92.68,20260630.0,12586383,535,N,N,Y
000670,KR7000670000,영풍,ST,2.0,27,11,0,,N,N,3,N,N,Y,,N,N,N,N,N,N,N,N,Y,0,N,N,N,N,N,N,N,N,40150,1,1,N,N,N,0,N,N,N,0,0,0,100,N,90,24517,500,19760612,18410,9822341500,12.0,,0,,N,Y,Y,17043,448,5241,4070,2.72,20260630.0,7391,632,N,N,N
000680,KR7000680009,LS네트웍스,ST,3.0,16,0,0,,N,N,0,N,N,N,,N,N,N,N,N,N,N,N,N,0,N,N,N,N,N,N,N,N,2955,1,1,N,N,N,0,N,N,N,0,0,0,100,N,90,33122,5000,19731115,78803,394015080000,12.0,,0,,N,N,Y,40839,1063,927,623,-0.77,20260630.0,2328,FN2,N,N,N
000700,KR7000700005,유수홀딩스,ST,3.0,26,0,0,,N,N,0,N,N,Y,,N,N,N,N,N,N,N,N,N,0,N,N,N,N,N,N,Y,N,6640,1,1,N,N,N,0,N,N,N,0,0,0,60,Y,90,19744,2500,19560303,26041,65104530000,12.0,,0,,N,N,Y,2281,228,319,241,4.59,20260630.0,1729,926,N,N,N
000720,KR7000720003,현대건설,ST,1.0,18,0,0,,N,N,1,Y,N,Y,,Y,Y,N,N,N,N,N,N,N,0,N,Y,N,N,N,N,N,Y,110900,1,1,N,N,N,0,N,N,N,0,0,0,40,Y,90,445459,5000,19841222,111355,556778825000,12.0,,0,,N,Y,Y,131236,4427,5139,3637,5.19,20260630.0,123493,BH1,N,N,Y
000725,KR7000721001,현대건설우,ST,0.0,18,0,0,,N,N,0,N,N,N,,N,N,N,N,N,N,N,N,N,0,N,N,N,N,N,N,N,N,51400,1,1,N,N,N,0,N,N,N,0,0,0,100,N,90,2012,5000,19890921,1054,5273465000,12.0,,1,,N,N,N,0,0,0,0,0.0,,542,,N,N,N
000760,KR7000760009,이화산업,ST,3.0,16,0,0,,N,N,0,N,N,N,,N,N,N,N,N,N,N,N,N,0,N,N,N,N,N,N,N,N,12330,1,1,N,N,N,0,N,N,N,0,0,0,100,N,90,732,5000,19940429,2800,14000000000,12.0,,0,,N,N,Y,245,19,18,16,-0.87,20260630.0,345,,N,N,N
0007F0,KR70007F0000,KODEX 27-12 회사채(AA-이상)액티브,EF,,0,0,0,N,N,,0,N,N,N,2.0,N,N,,,,,N,,,0,,,Y,,,,,,10210,1,1,N,N,N,0,N,N,N,0,0,0,100,N,90,6889,0,20250114,63640,0,12.0,,0,,N,N,N,0,0,0,0,0.0,,6497,,N,N,N
0007G0,KR70007G0009,PLUS 글로벌원자력밸류체인,EF,,0,0,0,N,N,,0,N,N,N,2.0,N,N,,,,,N,,,0,,,Y,,,,,,12635,1,1,N,N,N,0,N,N,N,0,0,0,100,N,90,17079,0,20250114,3050,0,12.0,,0,,N,N,N,0,0,0,0,0.0,,385,,N,N,N
0007N0,KR70007N0000,아이엠에셋 200,EF,,0,0,0,N,N,,0,N,N,N,2.0,N,N,,,,,N,,,0,,,Y,,,,,,109115,1,1,N,N,N,0,N,N,N,0,0,0,100,N,90,1904,0,20250211,800,0,12.0,,0,,N,N,N,0,0,0,0,0.0,,872,,N,N,N
000810,KR7000810002,삼성화재,ST,1.0,21,25,0,,N,Y,6,Y,Y,Y,,Y,Y,N,N,N,N,N,N,N,0,N,N,N,N,N,Y,N,Y,629000,1,1,N,N,N,0,N,N,N,0,0,0,40,Y,90,67521,500,19750630,44647,24802418500,12.0,,0,,N,Y,Y,131377,17465,18508,13740,8.13,20260630.0,280832,511,N,N,N
000815,KR7000811000,삼성화재우,ST,0.0,21,25,0,,N,N,0,N,N,N,,N,N,N,N,N,N,N,N,N,0,N,N,N,N,N,N,N,N,394000,1,1,N,N,N,0,N,N,N,0,0,0,40,Y,90,4870,500,19900410,3007,1671000000,12.0,,1,,N,N,N,0,0,0,0,0.0,,11847,,N,N,N
000850,KR7000850008,화천기공,ST,3.0,27,12,0,,N,N,0,N,N,N,,N,N,N,N,N,N,N,N,N,0,N,N,N,N,N,N,N,N,36800,1,1,N,N,N,0,N,N,N,0,0,0,100,N,90,3139,5000,19991118,2200,11000000000,12.0,,0,,N,N,Y,1301,84,167,140,6.01,20260630.0,809,,N,N,N
000860,KR7000860007,강남제비스코,ST,3.0,27,8,0,,N,N,0,N,N,N,,N,N,N,N,N,N,N,N,N,0,N,N,N,N,N,N,N,N,12480,1,1,N,N,N,0,N,N,N,0,0,0,100,N,90,6075,500,19751112,13000,6500000000,12.0,,0,,N,N,Y,3255,132,93,54,-0.39,20260630.0,1622,,N,N,N
000880,KR7000880005,한화,ST,1.0,27,8,0,,N,N,4,N,N,Y,,N,Y,N,N,N,N,N,N,N,0,N,N,N,N,N,N,N,Y,118000,1,1,N,N,N,0,N,N,N,0,0,0,40,Y,90,101229,5000,19760624,53328,290278140000,12.0,,0,,N,Y,Y,500893,36752,30697,25969,6.69,20260630.0,62928,913,N,N,N
00088K,KR700088K015,한화3우B,ST,0.0,27,8,0,,N,,0,N,N,N,,N,N,,,,,N,,,0,,,N,,,,,,37250,1,1,N,N,N,0,N,N,N,0,0,0,100,N,90,19566,5000,20161019,14676,73383065000,12.0,,2,,N,N,N,0,0,0,0,0.0,,5467,,N,N,N
000890,KR7000890004,보해양조,ST,3.0,27,5,0,,N,N,0,N,N,N,,N,N,N,N,N,N,N,N,N,0,N,N,N,N,N,N,N,N,1315,1,1,N,N,N,0,N,N,N,0,0,0,100,N,90,79784,2500,19880923,27624,69560064500,12.0,,0,,N,N,Y,432,25,21,19,8.75,20250630.0,363,,N,N,N
0008E0,KR70008E0000,ACE 미국중심중소형제조업,EF,,0,0,0,N,N,,0,N,N,N,2.0,N,N,,,,,N,,,0,,,Y,,,,,,11540,1,1,N,N,N,0,N,N,N,0,0,0,100,N,90,464,0,20250121,750,0,12.0,,0,,N,N,N,0,0,0,0,0.0,,86,,N,N,N
0008S0,KR70008S0004,TIGER 미국배당다우존스타겟데일리커버드콜,EF,,0,0,0,N,N,,0,N,N,N,2.0,N,N,,,,,N,,,0,,,Y,,,,,,9215,1,1,N,N,N,0,N,N,N,0,0,0,100,N,90,203373,0,20250121,31500,0,12.0,,0,,N,N,N,0,0,0,0,0.0,,2902,,N,N,N
0008T0,KR70008T0003,SOL 화장품TOP3플러스,EF,,0,0,0,N,N,,0,N,N,N,2.0,N,N,,,,,N,,,0,,,Y,,,,,,17345,1,1,N,N,N,0,N,N,N,0,0,0,100,N,90,2166099,0,20250121,5550,0,12.0,,0,,N,N,N,0,0,0,0,0.0,,962,,N,N,N
000910,KR7000910000,유니온,ST,3.0,27,10,0,,N,N,0,N,N,N,,N,N,N,N,N,N,N,N,N,0,N,N,N,N,N,N,N,N,2955,1,1,N,N,N,0,N,N,N,0,0,0,100,N,90,39028,500,19960703,15611,7805809500,12.0,,0,,N,N,Y,992,5,579,432,51.22,20260630.0,461,,N,N,N
000950,KR7000950006,전방,ST,3.0,27,6,0,,N,N,0,N,N,N,,N,N,N,N,N,N,N,N,N,0,N,N,N,N,N,N,N,N,29900,1,1,N,N,N,0,N,N,N,0,0,0,100,N,90,234,5000,19681021,1680,8400000000,12.0,,0,,N,N,Y,148,-11,20,17,0.22,20260630.0,502,,N,N,N
000970,KR7000970004,한국주철관,ST,3.0,27,11,0,,N,N,0,N,N,Y,,N,N,N,N,N,N,N,N,N,0,N,Y,N,N,N,N,N,N,6510,1,1,N,N,N,0,N,N,N,0,0,0,60,Y,90,30860,500,19691212,22800,12000000000,12.0,,0,,N,N,Y,2039,97,111,87,4.77,20260630.0,1484,,N,N,N
000990,KR7000990002,DB하이텍,ST,1.0,27,13,0,,N,N,5,N,N,Y,,Y,N,N,Y,N,N,N,N,N,0,N,N,N,N,N,N,N,N,134400,1,1,N,N,N,0,N,N,N,0,0,0,40,Y,90,555063,5000,19751212,43504,221992940000,12.0,,0,,N,Y,Y,7740,1721,2837,2025,15.88,20260630.0,58470,LB9,N,N,Y
001020,KR7001020007,페이퍼코리아,ST,3.0,27,7,0,,N,N,0,N,N,N,,N,N,N,N,N,N,N,N,N,0,N,N,N,N,N,N,N,N,1933,1,1,N,N,N,0,N,N,N,0,0,0,100,N,90,20021,2500,19760626,35596,88991655000,12.0,,0,,N,N,Y,1475,67,23,19,-4.3,20260630.0,688,,N,N,N
001040,KR7001040005,CJ,ST,2.0,21,0,0,,N,N,7,N,N,Y,,N,N,N,N,N,N,N,N,N,0,N,N,N,N,N,N,N,Y,131900,1,1,N,N,N,0,N,N,N,0,0,0,40,Y,90,67395,5000,19730629,29176,146613695000,12.0,,0,,N,Y,Y,229793,9924,5157,3300,0.89,20260630.0,38484,720,N,N,Y
001045,KR7001041003,CJ우,ST,0.0,21,0,0,,N,N,0,N,N,N,,N,N,N,N,N,N,N,N,N,0,N,N,N,N,N,N,N,N,66500,1,1,N,N,N,0,N,N,N,0,0,0,60,Y,90,838,5000,19890818,2260,11301115000,12.0,,1,,N,N,N,0,0,0,0,0.0,,1503,,N,N,N
00104K,KR700104K010,CJ4우(전환),ST,0.0,21,0,0,,N,,0,N,N,N,,N,N,,,,,N,,,0,,,N,,,,,,128000,1,1,N,N,N,0,N,N,N,0,0,0,40,Y,90,3625,5000,20190809,4226,21132560000,12.0,,2,,N,N,N,0,0,0,0,0.0,,5409,,N,N,N
001060,KR7001060003,JW중외제약,ST,2.0,27,9,0,,N,N,0,N,N,Y,,N,N,N,N,Y,N,N,N,N,0,N,N,N,N,N,N,N,N,27650,1,1,N,N,N,0,N,N,N,0,0,0,40,Y,90,52359,2500,19760614,23285,58214825000,12.0,,0,,N,N,Y,4219,669,700,554,27.63,20260630.0,6438,,N,N,Y
001065,KR7001061001,JW중외제약우,ST,0.0,27,9,0,,N,N,0,N,N,N,,N,N,N,N,N,N,N,N,N,0,N,N,N,N,N,N,N,N,21600,1,1,N,N,N,0,N,N,N,0,0,0,100,N,90,579,2500,19941021,341,854877500,12.0,,1,,N,N,N,0,0,0,0,0.0,,73,,N,N,N
001067,KR7001062009,JW중외제약2우B,ST,0.0,27,9,0,,N,N,0,N,N,N,,N,N,N,N,N,N,N,N,N,0,N,N,N,N,N,N,N,N,50000,1,1,N,N,N,0,N,N,N,0,0,0,100,N,90,4,2500,19980413,209,524932500,12.0,,2,,N,N,N,0,0,0,0,0.0,,104,,N,N,N
001070,KR7001070002,대한방직,ST,3.0,27,6,0,,N,N,0,N,N,N,,N,N,N,N,N,N,N,N,N,0,N,N,N,N,N,N,N,N,5640,1,1,N,N,N,0,N,N,N,0,0,0,100,N,90,2333,1000,19731228,5300,5300000000,12.0,,0,,N,N,Y,755,15,1,1,0.03,20260630.0,298,,N,N,N
001080,KR7001080001,만호제강,ST,3.0,27,11,0,,N,N,0,N,N,N,,N,N,N,N,N,N,N,N,N,0,N,N,N,N,N,N,N,N,3865,1,1,N,N,N,0,N,N,N,0,0,0,100,N,90,34286,100,19770618,35114,4150000000,12.0,,0,,N,N,Y,1496,2,12,12,0.0,20260630.0,1357,,N,N,N
001120,KR7001120005,LX인터내셔널,ST,2.0,16,0,0,,N,N,0,N,N,N,,N,N,N,N,N,N,N,N,N,0,N,N,N,N,N,N,N,N,43950,1,1,N,N,N,0,N,N,N,0,0,0,40,Y,90,99654,5000,19760130,38760,193800000000,12.0,,0,,N,N,Y,89876,2267,2392,1522,4.24,20260630.0,17035,LD1,N,N,Y
001130,KR7001130004,대한제분,ST,3.0,27,5,0,,N,N,0,N,N,N,,N,N,N,N,N,N,N,N,N,0,N,N,N,N,N,N,N,N,11210,1,1,N,N,N,0,N,N,N,0,0,0,60,Y,90,16271,500,19701125,16900,8450000000,12.0,,0,,N,N,Y,6855,140,279,196,-3.88,20260630.0,1894,,N,N,N
001200,KR7001200005,유진투자증권,ST,3.0,21,24,0,,N,N,0,N,N,Y,,N,N,N,N,N,N,N,N,N,0,N,N,N,Y,N,N,N,N,4020,1,1,N,N,N,0,N,N,N,0,0,0,40,Y,90,206292,5000,19870824,96866,537592090000,12.0,,0,,N,N,Y,25646,1542,1570,1202,12.46,20260630.0,3894,653,N,N,N
001210,KR7001210004,금호전기,ST,3.0,27,13,0,,N,N,0,N,N,N,,N,N,N,N,N,N,N,N,N,0,N,N,N,N,N,N,N,N,8760,1,1,N,N,N,0,N,N,N,0,0,0,100,N,90,751635,2500,19731115,12626,31566497500,12.0,,0,,N,N,Y,187,-10,20,19,-0.18,20260630.0,1106,,N,N,N
001230,KR7001230002,동국홀딩스,ST,3.0,21,0,0,,N,N,0,N,N,Y,,N,N,N,N,N,N,N,N,Y,0,N,N,N,N,N,N,N,N,2005,1,1,N,N,N,0,N,N,N,0,0,0,40,Y,90,391732,500,19880509,155507,77753857500,12.0,,0,,N,N,Y,12222,263,1175,1058,6.33,20260630.0,3117,364,N,N,N
001250,KR7001250000,GS글로벌,ST,3.0,16,0,0,,N,N,0,N,N,N,,N,N,N,N,N,N,N,N,N,0,N,N,N,N,N,N,N,N,3065,1,1,N,N,N,0,N,N,N,0,0,0,40,Y,90,948560,2500,19760626,82533,206334410000,12.0,,0,,N,N,Y,22340,246,205,116,2.75,20260630.0,2529,FN4,N,N,Y
001260,KR7001260009,남광토건,ST,3.0,18,0,0,,N,N,0,N,N,N,,N,N,N,N,N,N,N,N,N,0,N,N,N,N,N,N,N,N,8060,1,1,N,N,N,0,N,N,N,0,0,0,100,N,90,28737,5000,19761228,9832,49162860000,12.0,,0,,N,N,Y,1624,45,60,50,4.39,20260630.0,792,,N,N,N
001270,KR7001270008,부국증권,ST,2.0,21,24,0,,N,N,0,N,N,N,,N,N,N,N,N,N,N,N,N,0,N,N,N,N,N,N,N,N,49800,1,1,N,N,N,0,N,N,N,0,0,0,40,Y,90,1511,5000,19880719,10369,51849430000,12.0,,0,,N,N,Y,10627,401,480,372,5.51,20260630.0,5164,,N,N,N
001275,KR7001271006,부국증권우,ST,0.0,21,24,0,,Y,N,0,N,N,N,,N,N,N,N,N,N,N,N,N,0,N,N,N,N,N,N,N,N,30450,1,1,N,N,N,0,N,N,N,0,0,0,100,N,90,316,5000,19891110,3000,15000000000,12.0,,1,,N,N,N,0,0,0,0,0.0,,913,,N,N,N
001290,KR7001290006,상상인증권,ST,3.0,21,24,0,,N,N,0,N,N,N,,N,N,N,N,N,N,N,N,N,0,N,N,N,N,N,N,N,N,4170,1,1,N,N,N,0,N,N,N,0,0,0,100,N,90,39612,5000,19880923,21667,109640596000,12.0,,0,,N,N,Y,1168,85,89,111,6.45,20260630.0,903,,N,N,N
001340,KR7001340009,PKC,ST,3.0,27,8,0,,N,N,0,N,N,N,,N,N,N,N,N,N,N,N,N,0,N,N,N,N,N,N,N,N,5070,1,1,N,N,N,0,N,N,N,0,0,0,50,Y,90,73660,500,19760610,45028,22514044500,12.0,,0,,N,N,Y,1418,104,21,15,3.4,20260630.0,2282,,N,N,N
001360,KR7001360007,삼성제약,ST,3.0,27,9,0,,N,N,0,N,N,N,,N,N,N,N,N,N,N,N,N,0,N,N,N,N,N,N,N,N,1434,1,1,N,N,N,0,N,N,N,0,0,0,100,N,90,1051254,500,19750704,94162,47081039500,12.0,,0,,N,N,Y,443,-148,-141,-141,-15.36,20241231.0,1350,,N,N,N
001380,KR7001380005,SG글로벌,ST,3.0,27,15,0,,N,N,0,N,N,N,,N,N,N,N,N,N,N,N,N,0,N,N,N,N,N,N,N,N,1105,1,1,N,N,Y,0,N,N,N,0,0,0,100,N,90,0,1000,19760629,22482,22482071000,12.0,,0,,N,N,Y,568,48,49,37,2.36,20260630.0,248,,N,N,N
001390,KR7001390004,KG케미칼,ST,3.0,27,8,0,,N,N,0,N,N,N,,N,N,N,N,N,N,N,N,N,0,N,N,N,N,N,N,N,N,4220,1,1,N,N,N,0,N,N,N,0,0,0,50,Y,90,116108,1000,19890825,66403,71128350000,12.0,,0,,N,N,Y,49747,1555,2898,2270,9.14,20260630.0,2802,LC4,N,N,Y
0013P0,KR70013P0000,RISE 미국은행TOP10,EF,,0,0,0,N,N,,0,N,N,N,2.0,N,N,,,,,N,,,0,,,Y,,,,,,11365,1,1,N,N,N,0,N,N,N,0,0,0,100,N,90,9117,0,20250218,1100,0,12.0,,0,,N,N,N,0,0,0,0,0.0,,125,,N,N,N
0013R0,KR70013R0008,RISE 테슬라미국채타겟커버드콜혼합(합성),EF,,0,0,0,N,N,,0,N,N,N,2.0,N,N,,,,,N,,,0,,,Y,,,,,,7370,1,1,N,N,N,0,N,N,N,0,0,0,100,N,90,6133,0,20250218,3600,0,12.0,,0,,N,N,N,0,0,0,0,0.0,,265,,N,N,N
001420,KR7001420009,태원물산,ST,3.0,27,15,0,,N,N,0,N,N,N,,N,N,N,N,N,N,N,N,N,0,N,N,N,N,N,N,N,N,2625,1,1,N,N,Y,0,N,N,N,0,0,0,100,N,90,33056,500,19750624,7600,3800000000,12.0,,0,,N,N,Y,116,-9,12,175,47.06,20241231.0,199,,N,N,N
001430,KR7001430008,세아베스틸지주,ST,2.0,27,11,0,,N,N,3,N,N,Y,,N,N,N,N,N,N,N,N,Y,0,N,N,N,N,N,N,N,N,44150,1,1,N,N,N,0,N,N,N,0,0,0,40,Y,90,145374,5000,19910312,35862,219310595000,12.0,,0,,N,Y,Y,21033,909,807,571,4.59,20260630.0,15833,474,N,N,Y
001440,KR7001440007,대한전선,ST,1.0,27,13,0,,N,N,9,N,N,Y,,Y,Y,N,N,N,N,N,N,N,0,N,N,N,N,Y,N,N,N,29800,1,1,N,N,N,0,N,N,N,0,0,0,40,Y,90,3965040,1000,19681227,195992,195992596000,12.0,,0,,N,Y,Y,22820,1213,-886,-950,-0.92,20260630.0,58405,LB7,N,N,Y
001450,KR7001450006,현대해상,ST,2.0,21,25,0,,N,Y,6,N,N,Y,,N,N,N,N,N,N,N,N,N,0,N,N,N,N,N,Y,N,Y,48100,1,1,N,N,N,0,N,N,N,0,0,0,40,Y,90,288204,500,19890825,85248,44700000000,12.0,,0,,N,Y,Y,94064,8532,8365,6547,21.03,20260630.0,41004,117,N,N,Y
001460,KR7001460005,BYC,ST,3.0,27,6,0,,N,N,0,N,N,N,,N,N,N,N,N,N,N,N,N,0,N,N,N,N,N,N,N,N,37800,1,1,N,N,N,0,N,N,N,0,0,0,50,Y,90,6487,500,19750602,6246,3123075000,12.0,,0,,N,N,Y,797,86,85,80,4.07,20260630.0,2361,,N,N,N
001465,KR7001461003,BYC우,ST,0.0,27,6,0,,N,N,0,N,N,N,,N,N,N,N,N,N,N,N,N,0,N,N,N,N,N,N,N,N,26950,1,1,N,N,N,0,N,N,N,0,0,0,100,N,90,1802,500,19890905,2153,1076925000,12.0,,1,,N,N,N,0,0,0,0,0.0,,580,,N,N,N
001470,KR7001470004,삼부토건,ST,3.0,18,0,0,,N,N,0,N,N,N,,N,N,N,N,N,N,N,N,N,0,N,N,N,N,N,N,N,N,5820,1,1,Y,N,Y,0,N,N,N,0,0,0,100,N,90,0,1000,19760626,39139,39139903000,12.0,,0,,N,N,Y,377,-81,1744,1744,4646.34,20260630.0,2277,,N,N,N
001500,KR7001500008,현대차증권,ST,2.0,21,24,0,,N,N,0,N,N,Y,,N,N,N,N,N,N,N,N,N,0,N,N,N,Y,N,N,N,N,7680,1,1,N,N,N,0,N,N,N,0,0,0,40,Y,90,42752,5000,19900609,61833,309165220000,12.0,,0,,N,N,Y,18853,514,773,593,5.33,20260630.0,4748,BH1,N,N,N
001510,KR7001510007,SK증권,ST,2.0,21,24,0,,N,N,0,N,N,Y,,N,N,N,N,N,N,N,N,N,0,N,N,N,Y,N,N,N,N,2260,1,1,N,N,N,0,N,N,N,0,0,0,40,Y,90,1787805,1000,19860920,231295,236295085000,12.0,,0,,N,N,Y,17217,513,699,569,11.32,20260630.0,5227,,N,N,Y
001515,KR7001511005,SK증권우,ST,0.0,21,24,0,,N,N,0,N,N,N,,N,N,N,N,N,N,N,N,N,3,N,N,N,N,N,N,N,N,3985,1,1,N,N,N,0,N,N,N,0,0,0,100,N,90,4752,1000,19890829,1956,1956257000,12.0,,1,,N,N,N,0,0,0,0,0.0,,77,,N,N,N
001520,KR7001520006,동양,ST,3.0,27,10,0,,N,N,0,N,N,Y,,N,N,N,N,N,N,N,N,N,0,N,Y,N,N,N,N,N,N,1126,1,1,N,N,N,0,N,N,N,0,0,0,100,N,90,266205,1000,19760625,107122,119342031500,12.0,,0,,N,N,Y,2715,-123,-76,-97,1.65,20260630.0,1206,653,N,N,N
001525,KR7001521004,동양우,ST,0.0,27,10,0,,N,N,0,N,N,N,,N,N,N,N,N,N,N,N,N,0,N,N,N,N,N,N,N,N,7500,1,1,N,N,N,0,N,N,N,0,0,0,100,N,90,1860,1000,19890930,262,308865500,12.0,,1,,N,N,N,0,0,0,0,0.0,,19,,N,N,N
001527,KR7001522002,동양2우B,ST,0.0,27,10,0,,Y,N,0,N,N,N,,N,N,N,N,N,N,N,N,N,0,N,N,N,N,N,N,N,N,4900,1,1,N,N,Y,0,N,N,N,0,0,0,100,N,90,619,1000,19990128,205,239284500,12.0,,2,,N,N,N,0,0,0,0,0.0,,10,,N,N,N
001530,KR7001530005,DI동일,ST,3.0,16,0,0,,N,N,0,N,N,N,,N,N,N,N,N,N,N,N,N,0,N,N,N,N,N,N,N,N,25450,1,1,N,N,N,0,N,N,N,0,0,0,50,Y,90,16179,500,19640104,20715,14240538500,12.0,,0,,N,N,Y,3500,40,106,89,1.21,20260630.0,5272,,N,N,N
001550,KR7001550003,조비,ST,3.0,27,8,0,,N,N,0,N,N,N,,N,N,N,N,N,N,N,N,N,0,N,N,N,N,N,N,N,N,10120,1,1,N,N,N,0,N,N,N,0,0,0,100,N,90,11229,5000,19761228,5192,25961195000,12.0,,0,,N,N,Y,1024,48,4,6,1.22,20241231.0,525,,N,N,N
001560,KR7001560002,제일연마,ST,3.0,27,10,0,,N,N,0,N,N,N,,N,N,N,N,N,N,N,N,N,0,N,N,N,N,N,N,N,N,9160,1,1,N,N,N,0,N,N,N,0,0,0,100,N,90,3019,500,20051209,7600,5000000000,12.0,,0,,N,N,Y,411,36,53,42,6.27,20260630.0,696,,N,N,N
001570,KR7001570001,금양,ST,2.0,27,8,0,,N,N,0,N,N,N,,N,N,N,N,N,N,N,N,N,0,N,N,N,N,N,N,N,N,9900,1,1,Y,N,Y,0,N,N,N,0,0,0,100,N,90,0,500,19761217,63967,31983598000,12.0,,0,,N,N,Y,174,-79,-189,-194,-13.29,20260331.0,6332,,N,N,N
0015B0,KR70015B0004,KoAct 미국나스닥성장기업액티브,EF,,0,0,0,N,N,,0,N,N,N,2.0,N,N,,,,,N,,,0,,,Y,,,,,,19775,1,1,N,N,N,0,N,N,N,0,0,0,50,Y,90,321553,0,20250225,32500,0,12.0,,0,,N,N,N,0,0,0,0,0.0,,6426,,N,N,N
0015E0,KR70015E0001,KIWOOM 엔비디아미국30년국채혼합액티브(H),EF,,0,0,0,N,N,,0,N,N,N,2.0,N,N,,,,,N,,,0,,,Y,,,,,,10270,1,1,N,N,N,0,N,N,N,0,0,0,100,N,90,1593,0,20250211,500,0,12.0,,0,,N,N,N,0,0,0,0,0.0,,51,,N,N,N
0015F0,KR70015F0000,KIWOOM 팔란티어미국30년국채혼합액티브(H),EF,,0,0,0,N,N,,0,N,N,N,2.0,N,N,,,,,N,,,0,,,Y,,,,,,10280,1,1,N,N,N,0,N,N,N,0,0,0,100,N,90,5299,0,20250211,1200,0,12.0,,0,,N,N,N,0,0,0,0,0.0,,123,,N,N,N
0015K0,KR70015K0003,TIGER 미국소비트렌드액티브,EF,,0,0,0,N,N,,0,N,N,N,2.0,N,N,,,,,N,,,0,,,Y,,,,,,6835,1,1,N,N,N,0,N,N,N,0,0,0,100,N,90,2462,0,20250218,700,0,12.0,,0,,N,N,N,0,0,0,0,0.0,,47,,N,N,N
001620,KR7001620004,케이비아이동국실업,ST,3.0,27,15,0,,N,N,0,N,N,N,,N,N,N,N,N,N,N,N,N,0,N,N,N,N,N,N,N,N,2180,1,1,N,N,N,0,N,N,N,0,0,0,100,N,90,10850,2500,19900915,22258,55646515000,12.0,,0,,N,N,Y,4205,-12,171,110,17.21,20260630.0,485,,N,N,N
001630,KR7001630003,종근당홀딩스,ST,3.0,27,9,0,,N,N,0,N,N,Y,,N,N,N,N,Y,N,N,N,N,0,N,N,N,N,N,N,N,N,37550,1,1,N,N,N,0,N,N,N,0,0,0,40,Y,90,4523,2500,19760630,5009,12524652500,12.0,,0,,N,N,Y,4914,259,470,355,8.55,20260630.0,1881,,N,N,N
001680,KR7001680008,대상,ST,2.0,27,5,0,,N,N,7,N,N,N,,N,N,N,N,N,N,N,N,N,0,N,N,N,N,N,N,N,N,17590,1,1,N,N,N,0,N,N,N,0,0,0,50,Y,90,34599,1000,19700401,34648,34648025000,12.0,,0,,N,N,Y,22756,1035,751,522,-23.89,20260630.0,6094,,N,N,N
001685,KR7001681006,대상우,ST,0.0,27,5,0,,N,N,0,N,N,N,,N,N,N,N,N,N,N,N,N,0,N,N,N,N,N,N,N,N,14670,1,1,N,N,N,0,N,N,N,0,0,0,100,N,90,236,1000,19891121,1370,1370223000,12.0,,1,,N,N,N,0,0,0,0,0.0,,201,,N,N,N
0016X0,KR70016X0007,SOL 중단기회사채(A-이상)액티브,EF,,0,0,0,N,N,,0,N,N,N,2.0,N,N,,,,,N,,,0,,,Y,,,,,,51650,1,1,N,N,N,0,N,N,N,0,0,0,100,N,90,556,0,20250218,8210,0,12.0,,0,,N,N,N,0,0,0,0,0.0,,4240,,N,N,N
001720,KR7001720002,신영증권,ST,2.0,21,24,0,,N,N,0,N,N,Y,,N,N,N,N,N,N,N,N,N,0,N,N,N,Y,N,N,N,N,139600,1,1,N,N,N,0,N,N,N,0,0,0,40,Y,90,4866,5000,19870824,16440,82200000000,3.0,,0,,N,Y,Y,16631,1211,1275,943,9.53,20260630.0,22950,,N,N,N
001740,KR7001740000,SK네트웍스,ST,2.0,16,0,0,,N,N,0,N,N,N,,N,N,N,N,N,N,N,N,N,0,N,N,N,N,N,N,N,N,6370,1,1,N,N,N,0,N,N,N,0,0,0,40,Y,90,586371,2500,19770630,200593,620469117500,12.0,,0,,N,N,Y,31879,581,970,924,5.81,20260630.0,12777,535,N,N,Y
001750,KR7001750009,한양증권,ST,3.0,21,24,0,,N,N,0,N,N,N,,N,N,N,N,N,N,N,N,N,0,N,N,N,N,N,N,N,N,19200,1,1,N,N,N,0,N,N,N,0,0,0,40,Y,90,6935,5000,19880304,15109,75547430000,12.0,,0,,N,N,Y,2003,294,287,211,0.0,20250331.0,2901,,N,N,N
001755,KR7001751007,한양증권우,ST,0.0,21,24,0,,N,N,0,N,N,N,,N,N,N,N,N,N,N,N,N,0,N,N,N,N,N,N,N,N,19290,1,1,N,N,N,0,N,N,N,0,0,0,100,N,90,101,5000,19891024,472,2625000000,12.0,,1,,N,N,N,0,0,0,0,0.0,,91,,N,N,N
001770,KR7001770007,SHD,ST,3.0,27,11,0,,N,N,0,N,N,N,,N,N,N,N,N,N,N,N,N,0,N,N,N,N,N,N,N,N,3925,1,1,Y,N,Y,0,N,N,N,0,0,0,100,N,90,0,5000,19881123,1214,6074390000,12.0,,0,,N,N,Y,1066,-40,12,29,5.58,20241231.0,47,,N,N,N
001780,KR7001780006,알루코,ST,3.0,27,11,0,,N,N,0,N,N,N,,N,N,N,N,N,N,N,N,N,0,N,N,N,N,N,N,N,N,1669,1,1,N,N,N,0,N,N,N,0,0,0,60,Y,90,395726,500,20070607,96830,48415066000,12.0,,0,,N,N,Y,2845,156,158,111,5.88,20260630.0,1616,,N,N,N
001790,KR7001790005,대한제당,ST,3.0,27,5,0,,N,N,0,N,N,N,,N,N,N,N,N,N,N,N,N,0,N,N,N,N,N,N,N,N,2800,1,1,N,N,N,0,N,N,N,0,0,0,50,Y,90,69193,500,19681227,86241,44848290000,12.0,,0,,N,N,Y,6518,189,274,218,-15.46,20260630.0,2414,,N,N,N
001795,KR7001791003,대한제당우,ST,0.0,27,5,0,,N,N,0,N,N,N,,N,N,N,N,N,N,N,N,N,0,N,N,N,N,N,N,N,N,2140,1,1,N,N,N,0,N,N,N,0,0,0,100,N,90,3654,500,19950121,6482,3241380000,12.0,,1,,N,N,N,0,0,0,0,0.0,,138,,N,N,N
0017Y0,KR70017Y0005,1Q 종합채권(AA-이상)액티브,EF,,0,0,0,N,N,,0,N,N,N,2.0,N,N,,,,,N,,,0,,,Y,,,,,,94465,1,1,N,N,N,0,N,N,N,0,0,0,100,N,90,162,0,20250225,869,0,12.0,,0,,N,N,N,0,0,0,0,0.0,,820,,N,N,N
001800,KR7001800002,오리온홀딩스,ST,2.0,21,0,0,,N,N,7,N,N,Y,,N,N,N,N,N,N,N,N,N,0,N,N,N,N,N,N,N,N,22800,1,1,N,N,N,0,N,N,N,0,0,0,40,Y,90,32611,500,19750627,60156,31322711000,12.0,,0,,N,Y,Y,19691,3006,3004,2080,5.73,20260630.0,13715,LE9,N,N,N
001820,KR7001820000,삼화콘덴서,ST,2.0,27,13,0,,N,N,0,N,N,N,,N,N,N,N,N,N,N,N,N,0,N,N,N,N,N,N,N,N,159700,1,1,N,N,N,0,N,N,N,0,0,0,40,Y,90,776066,1000,19760626,10395,10395000000,12.0,,0,,N,N,Y,1557,133,182,136,6.86,20260630.0,16600,,N,N,N
0018C0,KR70018C0000,PLUS 고배당주위클리고정커버드콜,EF,,0,0,0,N,N,,0,N,N,N,2.0,N,N,,,,,N,,,0,,,Y,,,,,,10345,1,1,N,N,N,0,N,N,N,0,0,0,100,N,90,75560,0,20250305,7700,0,12.0,,0,,N,N,N,0,0,0,0,0.0,,796,,N,N,N
0018Z0,KR70018Z0003,RISE 미국양자컴퓨팅,EF,,0,0,0,N,N,,0,N,N,N,2.0,N,N,,,,,N,,,0,,,Y,,,,,,18015,1,1,N,N,N,0,N,N,N,0,0,0,100,N,90,2759,0,20250311,1000,0,12.0,,0,,N,N,N,0,0,0,0,0.0,,180,,N,N,N
001940,KR7001940006,KISCO홀딩스,ST,3.0,27,11,0,,N,N,0,N,N,N,,N,N,N,N,N,N,N,N,N,0,N,N,N,N,N,N,N,N,25250,1,1,N,N,N,0,N,N,N,0,0,0,100,N,90,3936,1000,19891113,14176,18476380000,12.0,,0,,N,N,Y,4763,-241,-173,-134,-1.93,20260630.0,3579,,N,N,N
0019K0,KR70019K0009,TIME 미국나스닥100채권혼합50액티브,EF,,0,0,0,N,N,,0,N,N,N,2.0,N,N,,,,,N,,,0,,,Y,,,,,,13580,1,1,N,N,N,0,N,N,N,0,0,0,100,N,90,283161,0,20250325,43900,0,12.0,,0,,N,N,N,0,0,0,0,0.0,,5961,,N,N,N
002020,KR7002020006,코오롱,ST,3.0,21,0,0,,N,N,0,N,N,N,,N,N,N,N,N,N,N,N,N,0,N,N,N,N,N,N,N,N,23000,1,1,N,N,N,0,N,N,N,0,0,0,50,Y,90,25000,5000,19750623,12907,64538400000,12.0,,0,,N,N,Y,32255,1986,584,107,-3.74,20260630.0,2968,KOL,N,N,N
002025,KR7002021004,코오롱우,ST,0.0,21,0,0,,N,N,0,N,N,N,,N,N,N,N,N,N,N,N,N,0,N,N,N,N,N,N,N,N,12980,1,1,N,N,N,0,N,N,N,0,0,0,100,N,90,687,5000,19890822,1160,5802185000,12.0,,1,,N,N,N,0,0,0,0,0.0,,150,,N,N,N
002030,KR7002030005,아세아,ST,3.0,26,0,0,,N,N,3,N,N,N,,N,N,N,N,N,N,N,N,N,0,N,N,N,N,N,N,N,N,209000,1,1,N,N,N,0,N,N,N,0,0,0,40,Y,90,1492,5000,19740603,2058,10955120000,12.0,,0,,N,N,Y,9682,601,534,420,2.36,20260630.0,4303,,N,N,N
002070,KR7002070001,비비안,ST,3.0,27,6,0,,N,N,0,N,N,N,,N,N,N,N,N,N,N,N,N,0,N,N,N,N,N,N,N,N,3715,1,1,N,N,Y,0,N,N,N,0,0,0,100,N,90,18978,500,19760713,4801,2400900000,12.0,,0,,N,N,Y,1194,-22,-69,-69,-26.05,20260630.0,178,,N,N,N
0020H0,KR70020H0001,KoAct 글로벌양자컴퓨팅액티브,EF,,0,0,0,N,N,,0,N,N,N,2.0,N,N,,,,,N,,,0,,,Y,,,,,,22270,1,1,N,N,N,0,N,N,N,0,0,0,100,N,90,8650,0,20250311,2100,0,12.0,,0,,N,N,N,0,0,0,0,0.0,,467,,N,N,N
002100,KR7002100006,경농,ST,3.0,27,8,0,,N,N,0,N,N,N,,N,N,N,N,N,N,N,N,N,0,N,N,N,N,N,N,N,N,9000,1,1,N,N,N,0,N,N,N,0,0,0,60,Y,90,7849,500,19770630,19522,10845875000,12.0,,0,,N,N,Y,2754,459,442,345,5.29,20260630.0,1757,,N,N,N
002140,KR7002140002,고려산업,ST,3.0,27,5,0,,N,N,0,N,N,N,,N,N,N,N,N,N,N,N,N,0,N,N,N,N,N,N,N,N,1917,1,1,N,N,N,0,N,N,N,0,0,0,100,N,90,53599,1000,19910114,24939,24939425000,12.0,,0,,N,N,Y,1547,73,44,34,6.25,20260630.0,478,,N,N,N
002150,KR7002150001,도화엔지니어링,ST,3.0,26,0,0,,N,N,0,N,N,N,,N,N,N,N,N,N,N,N,N,0,N,N,N,N,N,N,N,N,4970,1,1,N,N,N,0,N,N,N,0,0,0,60,Y,90,11296,500,20100812,33720,16860000000,12.0,,0,,N,N,Y,3251,21,34,5,3.54,20260630.0,1675,,N,N,N
002170,KR7002170009,SYTS,ST,3.0,27,6,0,,N,N,0,N,N,N,,N,N,N,N,N,N,N,N,N,0,N,N,N,N,N,N,N,N,52000,1,1,N,N,N,0,N,N,N,0,0,0,60,Y,90,3414,5000,19891110,3000,15000000000,12.0,,0,,N,N,Y,766,38,134,96,5.62,20260630.0,1560,FN4,N,N,N
002200,KR7002200004,한국수출포장,ST,3.0,27,7,0,,N,N,0,N,N,N,,N,N,N,N,N,N,N,N,N,0,N,N,N,N,N,N,N,N,2755,1,1,N,N,N,0,N,N,N,0,0,0,100,N,90,30950,500,19740628,33499,20000000000,12.0,,0,,N,N,Y,1463,-169,-55,-44,-3.38,20260630.0,922,,N,N,N
002210,KR7002210003,동성제약,ST,3.0,27,9,0,,N,N,0,N,N,N,,N,N,N,N,N,N,N,N,N,0,N,N,N,N,N,N,N,N,1293,1,1,N,N,N,0,N,N,N,0,0,0,100,N,90,49811,1000,19900119,96619,96619507000,12.0,,0,,N,N,Y,884,-66,-77,-73,-15.27,20241231.0,1249,841,N,N,N
002220,KR7002220002,한일철강,ST,3.0,27,11,0,,N,N,0,N,N,N,,N,N,N,N,N,N,N,N,N,0,N,N,N,N,N,N,N,N,2895,1,1,N,N,N,0,N,N,N,0,0,0,100,N,90,87283,500,19881007,26697,13348730000,12.0,,0,,N,N,Y,1236,33,3,1,-1.14,20260630.0,772,,N,N,N
002240,KR7002240000,고려제강,ST,3.0,27,11,0,,N,N,0,N,N,Y,,N,N,N,N,N,N,N,N,Y,0,N,N,N,N,N,N,N,N,16720,1,1,N,N,N,0,N,N,N,0,0,0,40,Y,90,28126,1000,19760525,27000,27000000000,12.0,,0,,N,N,Y,9158,124,606,477,2.64,20260630.0,4514,,N,N,N
0022T0,KR70022T0005,SOL 국제금커버드콜액티브,EF,,0,0,0,N,N,,0,N,N,N,2.0,N,N,,,,,N,,,0,,,Y,,,,,,11985,1,1,N,N,N,0,N,N,N,0,0,0,100,N,90,64508,0,20250311,5700,0,12.0,,0,,N,N,N,0,0,0,0,0.0,,683,,N,N,N
002310,KR7002310001,아세아제지,ST,3.0,27,7,0,,N,N,0,N,N,N,,N,N,N,N,N,N,N,N,N,0,N,N,N,N,N,N,N,N,7530,1,1,N,N,N,0,N,N,N,0,0,0,40,Y,90,40766,1000,19881215,39449,44782510000,12.0,,0,,N,N,Y,4466,225,275,194,3.21,20260630.0,2970,,N,N,N
002320,KR7002320000,한진,ST,3.0,19,0,0,,N,N,0,N,N,Y,,N,N,N,N,N,N,N,N,N,0,N,N,N,N,N,N,Y,N,16860,1,1,N,N,N,0,N,N,N,0,0,0,50,Y,90,74286,5000,19740812,15518,77593080000,12.0,,0,,N,N,Y,16431,497,-26,7,-0.78,20260630.0,2616,926,N,N,N
002350,KR7002350007,넥센타이어,ST,2.0,27,8,0,,N,N,0,N,N,Y,,N,N,Y,N,N,N,N,N,N,0,N,N,N,N,N,N,N,N,5760,1,1,N,N,N,0,N,N,N,0,0,0,50,Y,90,64317,500,19760519,97667,50833938500,12.0,,0,,N,N,Y,17296,885,1075,622,7.59,20260630.0,5625,,N,N,N
002355,KR7002351005,넥센타이어1우B,ST,0.0,27,8,0,,N,N,0,N,N,N,,N,N,N,N,N,N,N,N,N,0,N,N,N,N,N,N,N,N,3960,1,1,N,N,N,0,N,N,N,0,0,0,100,N,90,101,500,19990608,6500,3250000000,12.0,,2,,N,N,N,0,0,0,0,0.0,,257,,N,N,N
002360,KR7002360006,SH에너지화학,ST,3.0,27,8,0,,N,N,0,N,N,N,,N,N,N,N,N,N,N,N,N,1,N,N,N,N,N,N,N,N,3400,1,1,N,N,Y,2,N,N,N,0,0,0,100,N,90,61441,5000,19851223,11113,55566865000,12.0,,0,,N,N,Y,591,-11,-4,-1,-7.41,20260630.0,377,,N,N,N
002380,KR7002380004,KCC,ST,2.0,27,8,0,,N,N,1,N,N,Y,,N,N,N,N,N,N,N,N,N,0,N,Y,N,N,N,N,N,N,467500,1,1,N,N,N,0,N,N,N,0,0,0,40,Y,90,12569,5000,19730625,8592,48084660000,12.0,,0,,N,Y,Y,34157,2225,40773,30561,40.44,20260630.0,40171,KCC,N,N,N
002390,KR7002390003,한독,ST,3.0,27,9,0,,N,N,0,N,N,Y,,N,N,N,N,Y,N,N,N,N,0,N,N,N,N,N,N,N,N,8650,1,1,N,N,N,0,N,N,N,0,0,0,100,N,90,11168,500,19760630,13763,6881766500,12.0,,0,,N,N,Y,2762,35,-251,-213,-3.65,20260630.0,1190,,N,N,N
0023A0,KR70023A0005,SOL 미국양자컴퓨팅TOP10,EF,,0,0,0,N,N,,0,N,N,N,2.0,N,N,,,,,N,,,0,,,Y,,,,,,23155,1,1,N,N,N,0,N,N,N,0,0,0,40,Y,90,117719,0,20250311,17700,0,12.0,,0,,N,N,N,0,0,0,0,0.0,,4098,,N,N,N
0023B0,KR70023B0004,PLUS 미국양자컴퓨팅TOP10,EF,,0,0,0,N,N,,0,N,N,N,2.0,N,N,,,,,N,,,0,,,Y,,,,,,15470,1,1,N,N,N,0,N,N,N,0,0,0,100,N,90,13572,0,20250311,2150,0,12.0,,0,,N,N,N,0,0,0,0,0.0,,332,,N,N,N
002410,KR7002410009,범양건영,ST,3.0,18,0,0,,N,N,0,N,N,N,,N,N,N,N,N,N,N,N,N,0,N,N,N,N,N,N,N,N,1935,1,1,Y,N,Y,0,N,N,N,0,0,0,100,N,90,0,1000,19880525,27479,27479820000,12.0,,0,,N,N,Y,87,1,1,1,-36100000.0,20260630.0,531,,N,N,N
002420,KR7002420008,우양피앤엘,ST,3.0,16,0,0,,N,N,0,N,N,N,,N,N,N,N,N,N,N,N,N,0,N,N,N,N,N,N,N,N,5690,1,1,N,N,N,0,N,N,N,0,0,0,100,N,90,9110,500,19681227,31167,15583942000,12.0,,0,,N,N,Y,320,-20,-27,-28,-10.99,20241231.0,1773,,N,N,N
002450,KR7002450005,삼익악기,ST,3.0,27,0,0,,N,N,0,N,N,N,,N,N,N,N,N,N,N,N,N,0,N,N,N,N,N,N,N,N,1083,1,1,N,N,N,0,N,N,N,0,0,0,100,N,90,232619,500,19880930,90530,45265457500,12.0,,0,,N,N,Y,1244,117,525,436,13.68,20260630.0,980,,N,N,N
002460,KR7002460004,HS화성,ST,3.0,18,0,0,,N,N,0,N,N,N,,N,N,N,N,N,N,N,N,N,0,N,N,N,N,N,N,N,N,11110,1,1,N,N,N,0,N,N,N,0,0,0,60,Y,90,2401,5000,19880929,10150,62254000000,12.0,,0,,N,N,Y,1506,-53,58,56,6.1,20260630.0,1127,,N,N,N
0025N0,KR70025N0008,TIGER TDF2045 적격,EF,,0,0,0,N,N,,0,N,N,N,2.0,N,N,,,,,N,,,0,,,Y,,,,,,11855,1,1,N,N,N,0,N,N,N,0,0,0,40,Y,90,125344,0,20250325,66100,0,12.0,,0,,N,N,N,0,0,0,0,0.0,,7836,,N,N,N
002600,KR7002600005,조흥,ST,3.0,27,5,0,,N,N,0,N,N,N,,N,N,N,N,N,N,N,N,N,0,N,N,N,N,N,N,N,N,139000,1,1,N,N,N,0,N,N,N,0,0,0,100,N,90,21,5000,19761223,600,3000000000,12.0,,0,,N,N,Y,2487,94,-13,-9,1.49,20260630.0,834,,N,N,N
002620,KR7002620003,제일파마홀딩스,ST,3.0,26,0,0,,N,N,0,N,N,Y,,N,N,N,N,Y,N,N,N,N,0,N,N,N,N,N,N,N,N,7560,1,1,N,N,N,0,N,N,N,0,0,0,100,N,90,8177,500,19880120,15973,7986677500,12.0,,0,,N,N,Y,3151,-64,-58,-17,2.7,20260630.0,1207,,N,N,N
002630,KR7002630002,오리엔트바이오,ST,3.0,27,9,0,,N,N,0,N,N,Y,,N,N,N,N,Y,N,N,N,N,0,N,N,N,N,N,N,N,N,1659,1,1,N,N,N,0,N,N,N,0,0,0,100,N,90,24072,1000,19761228,29645,29645751000,3.0,,0,,N,N,Y,0,0,0,0,0.0,20251231.0,491,,N,N,N
002690,KR7002690006,동일제강,ST,3.0,27,11,0,,N,N,0,N,N,N,,N,N,N,N,N,N,N,N,N,0,N,N,N,N,N,N,N,N,1317,1,1,N,N,N,0,N,N,N,0,0,0,100,N,90,38816,500,20150924,20300,10150180000,12.0,,0,,N,N,Y,1511,-58,-7,-5,-0.32,20241231.0,267,,N,N,N
0026E0,KR70026E0008,KODEX 미국S&P500버퍼3월액티브,EF,,0,0,0,N,N,,0,N,N,N,2.0,N,N,,,,,N,,,0,,,Y,,,,,,11485,1,1,N,N,N,0,N,N,N,0,0,0,100,N,90,347,0,20250325,1850,0,3.0,,0,,N,N,N,0,0,0,0,0.0,,212,,N,N,N
0026S0,KR70026S0002,1Q 미국S&P500,EF,,0,0,0,N,N,,0,N,N,N,2.0,N,N,,,,,N,,,0,,,Y,,,,,,12695,1,1,N,N,N,0,N,N,N,0,0,0,100,N,90,107232,0,20250318,27300,0,12.0,,0,,N,N,N,0,0,0,0,0.0,,3465,,N,N,N
002700,KR7002700003,신일전자,ST,3.0,16,0,0,,N,N,0,N,N,N,,N,N,N,N,N,N,N,N,N,0,N,N,N,N,N,N,N,N,1048,1,1,N,N,N,0,N,N,N,0,0,0,100,N,90,892043,500,19750930,68547,35523760500,12.0,,0,,N,N,Y,0,0,0,0,0.0,20250930.0,718,,N,N,N
002710,KR7002710002,TCC스틸,ST,3.0,27,11,0,,N,N,0,N,N,N,,N,N,N,N,N,N,N,N,N,0,N,N,N,N,N,N,N,N,14310,1,1,N,N,N,0,N,N,N,0,0,0,50,Y,90,429198,1000,19841221,26213,26213697000,12.0,,0,,N,N,Y,3573,-28,-103,-76,-6.99,20260630.0,3751,,N,N,N
002720,KR7002720001,국제약품,ST,3.0,27,9,0,,N,N,0,N,N,N,,N,N,N,N,N,N,N,N,N,0,N,N,N,N,N,N,N,N,4430,1,1,N,N,N,0,N,N,N,0,0,0,100,N,90,6113624,1000,19751227,21159,21159832000,12.0,,0,,N,N,Y,923,41,48,38,5.19,20260630.0,937,,N,N,N
002760,KR7002760007,보락,ST,3.0,27,8,0,,N,N,0,N,N,N,,N,N,N,N,N,N,N,N,N,0,N,N,N,N,N,N,N,N,994,1,1,N,N,N,0,N,N,N,0,0,0,100,N,90,51019,200,19891130,59900,11980000000,12.0,,0,,N,N,Y,476,-18,-16,-15,-3.16,20241231.0,595,,N,N,N
002780,KR7002780005,진흥기업,ST,3.0,18,0,0,,N,N,0,N,N,N,,N,N,N,N,N,N,N,N,N,0,N,N,N,N,N,N,N,N,6640,1,1,N,N,N,0,N,N,N,0,0,0,60,Y,90,46479,5000,19770625,14547,72735870000,12.0,,0,,N,N,Y,7262,-47,6,22,0.81,20241231.0,965,971,N,N,N
002785,KR7002781003,진흥기업우B,ST,0.0,18,0,0,,N,N,0,N,N,N,,N,N,N,N,N,N,N,N,N,0,N,N,N,N,N,N,N,N,6840,1,1,N,N,Y,0,N,N,N,0,0,0,100,N,90,1771,5000,20030616,85,428605000,12.0,,2,,N,N,N,0,0,0,0,0.0,,5,,N,N,N
002787,KR7002782001,진흥기업2우B,ST,0.0,18,0,0,,Y,N,0,N,N,N,,N,N,N,N,N,N,N,N,N,0,N,N,N,N,N,N,N,N,9930,1,1,N,N,Y,0,N,N,N,0,0,0,100,N,90,955,5000,20061205,29,147400000,12.0,,2,,N,N,N,0,0,0,0,0.0,,2,,N,N,N
002790,KR7002790004,아모레퍼시픽홀딩스,ST,2.0,27,8,0,,N,N,7,N,N,Y,,N,N,N,N,N,N,N,N,N,0,N,N,N,N,N,N,N,N,26500,1,1,N,N,N,0,N,N,N,0,0,0,40,Y,90,136353,500,19730430,76458,41229090000,12.0,,0,,N,Y,Y,24770,2606,3040,2369,4.01,20260630.0,20261,842,N,N,Y
002795,KR7002791002,아모레퍼시픽홀딩스우,ST,0.0,27,8,0,,N,N,0,N,N,N,,N,N,N,N,N,N,N,N,N,0,N,N,N,N,N,N,N,N,11220,1,1,N,N,N,0,N,N,N,0,0,0,100,N,90,3531,500,19890630,6381,3221885000,12.0,,1,,N,N,N,0,0,0,0,0.0,,715,,N,N,N
00279K,KR700279K010,아모레퍼시픽홀딩스3우C,ST,0.0,27,8,0,,N,,0,N,N,N,,N,N,,,,,N,,,0,,,N,,,,,,21550,1,1,N,N,N,0,N,N,N,0,0,0,60,Y,90,7743,500,20191226,7092,3546100000,12.0,,2,,N,N,N,0,0,0,0,0.0,,1528,,N,N,N
002810,KR7002810000,삼영무역,ST,3.0,16,0,0,,N,N,0,N,N,N,,N,N,N,N,N,N,N,N,N,0,N,N,N,N,N,N,N,N,21500,1,1,N,N,N,0,N,N,N,0,0,0,50,Y,90,14389,500,19880328,18466,9233474000,12.0,,0,,N,N,Y,2328,135,486,429,11.05,20260630.0,3970,,N,N,N
002820,KR7002820009,SUN&L,ST,3.0,27,8,0,,N,N,0,N,N,N,,N,N,N,N,N,N,N,N,N,0,N,N,N,N,N,N,N,N,991,1,1,N,N,Y,0,N,N,N,0,0,0,100,N,90,66011,1000,19760522,12063,12607989000,12.0,,0,,N,N,Y,1101,-38,46,32,3.68,20260630.0,119,,N,N,N
002840,KR7002840007,미원상사,ST,2.0,27,8,0,,N,N,4,N,N,N,,N,N,N,N,N,N,N,N,N,0,N,N,N,N,N,N,N,N,139700,1,1,N,N,N,0,N,N,N,0,0,0,40,Y,90,2439,500,19890925,4500,6661780000,12.0,,0,,N,N,Y,2474,301,380,297,12.63,20260630.0,6286,,N,N,N
002870,KR7002870004,신풍,ST,3.0,16,0,0,,N,N,0,N,N,N,,N,N,N,N,N,N,N,N,N,0,N,N,N,N,N,N,N,N,1164,1,1,N,N,N,0,N,N,N,0,0,0,100,N,90,143463,500,19760630,34958,17479350000,12.0,,0,,N,N,Y,128,-12,77,77,11.26,20260630.0,406,,N,N,N
002880,KR7002880003,디와이에이,ST,3.0,27,15,0,,N,N,0,N,N,N,,N,N,N,N,N,N,N,N,N,0,N,N,N,N,N,N,N,N,3655,1,1,N,N,N,0,N,N,N,0,0,0,100,N,90,4584,2500,19770218,9354,23386997500,12.0,,0,,N,N,Y,4423,208,213,180,23.19,20260630.0,341,,N,N,N
0028X0,KR70028X0003,KODEX 미국금융테크액티브,EF,,0,0,0,N,N,,0,N,N,N,2.0,N,N,,,,,N,,,0,,,Y,,,,,,11155,1,1,N,N,N,0,N,N,N,0,0,0,100,N,90,4156,0,20250527,1150,0,12.0,,0,,N,N,N,0,0,0,0,0.0,,128,,N,N,N
002900,KR7002900009,TYM,ST,3.0,27,12,0,,N,N,0,N,N,N,,N,N,N,N,N,N,N,N,N,0,N,N,N,N,N,N,N,N,6630,1,1,N,N,N,0,N,N,N,0,0,0,100,N,90,113699,2500,19730626,41400,112627390000,12.0,,0,,N,N,Y,5522,626,697,567,16.72,20260630.0,2744,,N,N,N
002920,KR7002920007,유성기업,ST,3.0,27,15,0,,N,N,0,N,N,N,,N,N,N,N,N,N,N,N,N,0,N,N,N,N,N,N,N,N,1794,1,1,N,N,N,0,N,N,N,0,0,0,100,N,90,59232,500,19881010,25947,12973750000,12.0,,0,,N,N,Y,1372,-110,56,33,-11.02,20260630.0,465,,N,N,N
002960,KR7002960003,한국쉘석유,ST,2.0,27,8,0,,N,N,0,N,N,Y,,N,N,N,N,N,N,N,Y,N,0,N,N,N,N,N,N,N,N,541000,1,1,N,N,N,0,N,N,N,0,0,0,40,Y,90,1476,5000,19880810,1300,7000000000,12.0,,0,,N,N,Y,3272,460,508,367,28.93,20241231.0,7033,,N,N,N
002990,KR7002990000,금호건설,ST,3.0,18,0,0,,N,N,0,N,N,Y,,N,N,N,N,N,N,N,N,N,0,N,Y,N,N,N,N,N,N,11420,1,1,N,N,N,0,N,N,N,0,0,0,100,N,90,841675,5000,19760626,37259,186299870000,12.0,,0,,N,N,Y,9651,287,232,244,30.01,20260630.0,4255,,N,N,N
002995,KR7002991008,금호건설우,ST,0.0,18,0,0,,N,N,0,N,N,N,,N,N,N,N,N,N,N,N,N,0,N,N,N,N,N,N,N,N,14270,1,1,N,N,N,0,N,N,N,0,0,0,100,N,90,5105,5000,19881006,292,1461330000,12.0,,1,,N,N,N,0,0,0,0,0.0,,41,,N,N,N
003000,KR7003000007,부광약품,ST,3.0,27,9,0,,N,N,0,N,N,Y,,N,N,N,N,Y,N,N,N,N,0,N,N,N,N,N,N,N,N,4270,1,1,N,N,N,0,N,N,N,0,0,0,100,N,90,2523490,500,19880805,98664,51506993000,12.0,,0,,N,N,Y,1048,25,39,26,3.01,20260630.0,4212,378,N,N,N
003010,KR7003010006,혜인,ST,3.0,16,0,0,,N,N,0,N,N,N,,N,N,N,N,N,N,N,N,N,0,N,N,N,N,N,N,N,N,8320,1,1,N,N,N,1,N,N,N,0,0,0,100,N,90,469433,500,19880920,12712,6356373500,12.0,,0,,N,N,Y,0,0,0,0,0.0,20250930.0,1057,,N,N,N
003030,KR7003030004,세아제강지주,ST,3.0,21,0,0,,N,N,3,N,N,Y,,N,N,N,N,N,N,N,N,Y,0,N,N,N,N,N,N,N,N,107000,1,1,N,N,N,0,N,N,N,0,0,0,100,N,90,11828,5000,19690513,4141,20708285000,12.0,,0,,N,N,Y,21588,-241,-195,-664,-5.76,20260630.0,4431,474,N,N,N
003060,KR7003060001,에이프로젠바이오로직스,ST,3.0,27,9,0,,N,N,0,N,N,Y,,N,N,N,N,Y,N,N,N,N,0,N,N,N,N,N,N,N,N,1540,1,1,N,N,N,0,N,N,N,0,0,0,100,N,90,138497,500,19841019,16261,8130601500,12.0,,0,,N,N,Y,447,-311,-142,-142,-33.9,20260630.0,250,,N,N,N
003070,KR7003070000,코오롱글로벌,ST,3.0,18,0,0,,N,N,0,N,N,N,,N,N,N,N,N,N,N,N,N,0,N,N,N,N,N,N,N,N,9080,1,1,N,N,N,0,N,N,N,0,0,0,50,Y,90,6660,5000,19780915,25423,127119795000,12.0,,0,,N,N,Y,13817,742,558,431,-14.33,20260630.0,2308,KOL,N,N,N
003075,KR7003071008,코오롱글로벌우,ST,0.0,18,0,0,,N,N,0,N,N,N,,N,N,N,N,N,N,N,N,N,0,N,N,N,N,N,N,N,N,12380,1,1,N,N,N,0,N,N,N,0,0,0,100,N,90,109,5000,19891211,740,3703685000,12.0,,1,,N,N,N,0,0,0,0,0.0,,91,,N,N,N
003080,KR7003080009,SB성보,ST,3.0,27,8,0,,N,N,0,N,N,N,,N,N,N,N,N,N,N,N,N,0,N,N,N,N,N,N,N,N,2245,1,1,N,N,N,0,N,N,N,0,0,0,100,N,90,4039,500,19761223,20020,10010000000,12.0,,0,,N,N,Y,572,34,36,18,-8.38,20260630.0,449,,N,N,N
003090,KR7003090008,대웅,ST,2.0,27,9,0,,N,N,A,N,N,Y,,N,N,N,N,Y,N,N,N,N,0,N,N,N,N,N,N,N,N,15700,1,1,N,N,N,0,N,N,N,0,0,0,40,Y,90,73421,500,19730626,58141,29070990000,12.0,,0,,N,N,Y,10635,1244,1085,896,15.62,20260630.0,9128,,N,N,N
0030R0,KR70030R0007,대신밸류리츠,RT,3.0,21,0,0,,N,,0,N,N,N,,N,N,,,,,N,,,0,,,Y,,,,,,4005,1,1,N,N,N,0,N,N,N,0,0,0,100,N,90,15469,500,20250710,59780,29890000000,,,0,,N,N,Y,84,67,20,20,3.66,20260530.0,2394,,N,N,N
003120,KR7003120003,일성아이에스,ST,3.0,27,9,0,,N,N,0,N,N,N,,N,N,N,N,N,N,N,N,N,0,N,N,N,N,N,N,N,N,22200,1,1,N,N,N,0,N,N,N,0,0,0,100,N,90,4373,1000,19850114,13300,13300000000,12.0,,0,,N,N,Y,690,-95,112,131,3.41,20241231.0,2952,,N,N,N
003160,KR7003160009,디아이,ST,2.0,27,14,0,,N,N,0,N,N,N,,N,N,N,N,N,N,N,N,N,0,N,N,N,N,N,N,N,N,41550,1,1,N,N,N,0,N,N,N,0,0,0,40,Y,90,564970,500,19960731,28300,17248392500,12.0,,0,,N,N,Y,2743,585,603,468,15.63,20260630.0,11758,,N,N,N
003200,KR7003200003,일신방직,ST,3.0,27,6,0,,N,N,0,N,N,N,,N,N,N,N,N,N,N,N,N,0,N,N,N,N,N,N,N,N,11100,1,1,N,N,N,0,N,N,N,0,0,0,50,Y,90,45093,500,19730523,22960,12000000000,12.0,,0,,N,N,Y,2790,155,439,341,5.07,20260630.0,2548,,N,N,N
003220,KR7003220001,대원제약,ST,3.0,27,9,0,,N,N,0,N,N,Y,,N,N,N,N,Y,N,N,N,N,0,N,N,N,N,N,N,N,N,8250,1,1,N,N,N,0,N,N,N,0,0,0,40,Y,90,337471,500,19991215,22427,11213791500,12.0,,0,,N,N,Y,3109,44,93,57,0.98,20260630.0,1850,,N,N,N
003230,KR7003230000,삼양식품,ST,1.0,27,5,0,,N,N,7,Y,N,Y,,N,Y,N,N,N,N,N,N,N,0,N,N,N,N,N,N,N,N,1217000,1,1,N,N,N,0,N,N,N,0,0,0,40,Y,90,24784,5000,19750630,7533,37665075000,12.0,,0,,N,Y,Y,14847,3533,3835,2821,38.78,20260630.0,91676,,N,N,N
003240,KR7003240009,태광산업,ST,2.0,27,8,0,,N,N,4,N,N,Y,,N,N,N,N,N,N,N,N,N,0,N,N,N,N,N,N,N,N,924000,1,1,N,N,N,0,N,N,N,0,0,0,100,N,90,1137,5000,19751227,1113,5567000000,12.0,,0,,N,Y,Y,10910,-125,828,871,2.9,20260630.0,10287,841,N,N,N
003280,KR7003280005,흥아해운,ST,3.0,19,0,0,,N,N,0,N,N,N,,N,N,N,N,N,N,N,N,N,0,N,N,N,N,N,N,N,N,1841,1,1,N,N,N,0,N,N,N,0,0,0,50,Y,90,3369612,500,19760629,240424,120212449500,12.0,,0,,N,N,Y,900,42,35,27,9.42,20260630.0,4426,LA2,N,N,Y
003300,KR7003300001,한일홀딩스,ST,2.0,27,10,0,,N,N,0,N,N,Y,,N,N,N,N,N,N,N,N,N,0,N,Y,N,N,N,N,N,N,17070,1,1,N,N,N,0,N,N,N,0,0,0,40,Y,90,7504,1000,19691120,30831,33359554000,12.0,,0,,N,N,Y,8980,777,767,611,3.29,20260630.0,5262,,N,N,N
003350,KR7003350006,한국화장품제조,ST,3.0,27,8,0,,N,N,0,N,N,N,,N,N,N,N,N,N,N,N,N,0,N,N,N,N,N,N,N,N,16830,1,1,N,N,N,0,N,N,N,0,0,0,100,N,90,5829553,100,19780206,22660,2266000000,12.0,,0,,N,N,Y,0,0,0,0,0.0,20250930.0,3813,,N,N,N
003460,KR7003460003,유화증권,ST,3.0,21,24,0,,N,N,0,N,N,N,,N,N,N,N,N,N,N,N,N,0,N,N,N,N,N,N,N,N,2975,1,1,N,N,N,0,N,N,N,0,0,0,100,N,90,27473,1000,19870824,56702,56702415000,12.0,,0,,N,N,Y,377,122,218,178,3.5,20241231.0,1686,,N,N,N
003465,KR7003461001,유화증권우,ST,0.0,21,24,0,,Y,N,0,N,N,N,,N,N,N,N,N,N,N,N,N,0,N,N,N,N,N,N,N,N,3155,1,1,N,N,N,0,N,N,N,0,0,0,100,N,90,36,1000,19900220,17476,17476425000,12.0,,1,,N,N,N,0,0,0,0,0.0,,551,,N,N,N
003470,KR7003470002,유안타증권,ST,2.0,21,24,0,,N,N,0,N,N,Y,,N,N,N,N,N,N,N,N,N,0,N,N,N,Y,N,N,N,N,4255,1,1,N,N,N,0,N,N,N,0,0,0,40,Y,90,181323,5000,19880121,192680,997982880000,12.0,,0,,N,N,Y,35186,1593,1702,1298,10.67,20260630.0,8198,,N,N,N
003475,KR7003471000,유안타증권우,ST,0.0,21,24,0,,N,N,0,N,N,N,,N,N,N,N,N,N,N,N,N,0,N,N,N,N,N,N,N,N,4150,1,1,N,N,N,0,N,N,N,0,0,0,100,N,90,5367,5000,19890322,12811,64561060000,12.0,,1,,N,N,N,0,0,0,0,0.0,,531,,N,N,N
003480,KR7003480001,한진중공업홀딩스,ST,3.0,17,0,0,,N,N,0,N,N,N,,N,N,N,N,N,N,N,N,N,0,N,N,N,N,N,N,N,N,4670,1,1,N,N,N,0,N,N,N,0,0,0,60,Y,90,20321,5000,19560303,29529,155149060000,12.0,,0,,N,N,Y,6898,527,479,359,15.11,20260630.0,1379,,N,N,N
003490,KR7003490000,대한항공,ST,1.0,19,0,0,,N,N,9,Y,N,Y,,N,Y,N,N,N,N,N,N,N,0,N,N,N,N,N,N,Y,N,30850,1,1,N,N,N,0,N,N,N,0,0,0,40,Y,90,1257789,5000,19660318,368220,1841103305000,12.0,,0,,N,Y,Y,138881,3103,-6863,-5664,-2.39,20260630.0,113596,926,N,N,Y
003495,KR7003491008,대한항공우,ST,0.0,19,0,0,,N,N,0,N,N,N,,N,N,N,N,N,N,N,N,N,0,N,N,N,N,N,N,N,N,21900,1,1,N,N,N,0,N,N,N,0,0,0,100,N,90,1351,5000,19900331,1110,5553970000,12.0,,1,,N,N,N,0,0,0,0,0.0,,243,,N,N,N
003520,KR7003520004,영진약품,ST,3.0,27,9,0,,N,N,0,N,N,Y,,N,N,N,N,Y,N,N,N,N,0,N,N,N,N,N,N,N,N,1069,1,1,N,N,N,0,N,N,N,0,0,0,100,N,90,326688,500,19730625,182892,91446365500,12.0,,0,,N,N,Y,2520,87,29,12,1.37,20241231.0,1955,KTG,N,N,N
003530,KR7003530003,한화투자증권,ST,2.0,21,24,0,,N,N,0,N,N,Y,,N,N,N,N,N,N,N,N,N,0,N,N,N,Y,N,N,N,N,4450,1,1,N,N,N,0,N,N,N,0,0,0,40,Y,90,922489,5000,19861125,214547,1072738875000,12.0,,0,,N,Y,Y,48940,853,623,462,4.04,20260630.0,9547,913,N,N,N
003535,KR7003531001,한화투자증권우,ST,0.0,21,24,0,,N,N,0,N,N,N,,N,N,N,N,N,N,N,N,N,0,N,N,N,N,N,N,N,N,6560,1,1,N,N,N,0,N,N,N,0,0,0,100,N,90,7094,5000,19890506,4800,24000000000,12.0,,1,,N,N,N,0,0,0,0,0.0,,314,,N,N,N
003540,KR7003540002,대신증권,ST,2.0,21,24,0,,N,N,0,N,N,Y,,N,N,N,N,N,N,N,N,N,0,N,N,N,Y,N,N,N,N,25000,1,1,N,N,N,0,N,N,N,0,0,0,40,Y,90,29329,5000,19751001,47666,254867000000,12.0,,0,,N,Y,Y,49518,4624,5148,4033,10.91,20260630.0,11916,137,N,N,Y
003545,KR7003541000,대신증권우,ST,0.0,21,24,0,,N,N,0,N,N,N,,N,N,N,N,N,N,N,N,N,0,N,N,N,N,N,N,N,N,19910,1,1,N,N,N,0,N,N,N,0,0,0,40,Y,90,34399,5000,19880901,24383,130000000000,12.0,,1,,N,N,N,0,0,0,0,0.0,,4854,,N,N,N
003547,KR7003542008,대신증권2우B,ST,0.0,21,24,0,,N,N,0,N,N,N,,N,N,N,N,N,N,N,N,N,0,N,N,N,N,N,N,N,N,19180,1,1,N,N,N,0,N,N,N,0,0,0,100,N,90,5754,5000,20071109,9606,50000000000,12.0,,2,,N,N,N,0,0,0,0,0.0,,1842,,N,N,N
003550,KR7003550001,LG,ST,1.0,21,0,0,,N,Y,5,Y,Y,Y,,N,Y,N,N,N,N,N,N,N,0,N,N,N,N,N,N,N,Y,110800,1,1,N,N,N,0,N,N,N,0,0,0,40,Y,90,111956,5000,19700213,151192,786255825000,12.0,,0,,N,Y,Y,39402,9468,10114,9128,2.61,20260630.0,167520,282,N,N,Y
003555,KR7003551009,LG우,ST,0.0,21,0,0,,N,N,0,N,N,N,,N,N,N,N,N,N,N,N,N,0,N,N,N,N,N,N,N,N,68000,1,1,N,N,N,0,N,N,N,0,0,0,40,Y,90,2588,5000,19881118,3011,15055995000,12.0,,1,,N,N,N,0,0,0,0,0.0,,2047,,N,N,N
003570,KR7003570009,SNT다이내믹스,ST,2.0,27,15,0,,N,N,0,N,N,N,,N,N,N,N,N,N,N,N,N,0,N,N,N,N,N,N,N,N,30550,1,1,N,N,N,0,N,N,N,0,0,0,40,Y,90,59777,2500,19760708,33252,85631742500,12.0,,0,,N,N,Y,3762,385,438,334,5.65,20260630.0,10158,,N,N,Y
003580,KR7003580008,HLB글로벌,ST,3.0,16,0,0,,N,N,0,N,N,N,,N,N,N,N,N,N,N,N,N,0,N,N,N,N,N,N,N,N,2030,1,1,N,N,N,0,N,N,N,0,0,0,100,N,90,980647,500,19900323,50663,25331752500,12.0,,0,,N,N,Y,578,-34,-40,-35,-2.09,20260630.0,1028,,N,N,N
0035T0,KR70035T0000,PLUS 글로벌휴머노이드로봇액티브,EF,,0,0,0,N,N,,0,N,N,N,2.0,N,N,,,,,N,,,0,,,Y,,,,,,19510,1,1,N,N,N,0,N,N,N,0,0,0,100,N,90,10981,0,20250415,4800,0,12.0,,0,,N,N,N,0,0,0,0,0.0,,936,,N,N,N
003610,KR7003610003,방림,ST,3.0,27,6,0,,N,N,0,N,N,N,,N,N,N,N,N,N,N,N,N,0,N,N,N,N,N,N,N,N,5490,1,1,N,N,N,0,N,N,N,0,0,0,100,N,90,60247,500,19890530,32110,21157045000,9.0,,0,,N,N,Y,940,9,136,108,7.58,20260630.0,1762,,N,N,N
003620,KR7003620002,KG모빌리티,ST,2.0,27,15,0,,N,N,0,N,N,Y,,N,N,Y,N,N,N,N,N,N,0,N,N,N,N,N,N,N,N,2600,1,1,N,N,N,0,N,N,N,0,0,0,100,N,90,458273,1000,19750529,202374,202374912000,12.0,,0,,N,N,Y,23753,148,383,422,6.29,20260630.0,5261,LC4,N,N,N
003650,KR7003650009,미창석유,ST,3.0,27,8,0,,N,N,0,N,N,N,,N,N,N,N,N,N,N,N,N,0,N,N,N,N,N,N,N,N,122200,1,1,N,N,N,0,N,N,N,0,0,0,50,Y,90,999,5000,19890927,1739,8698360000,12.0,,0,,N,N,Y,4319,456,675,526,13.54,20241231.0,2125,,N,N,N
003670,KR7003670007,포스코퓨처엠,ST,1.0,27,13,0,,N,N,9,Y,Y,Y,,Y,Y,N,N,N,N,N,N,N,0,N,Y,N,N,N,N,N,Y,191400,1,1,N,N,N,0,N,N,N,0,0,0,40,Y,90,779889,500,20190529,88946,44473110000,12.0,,0,,N,Y,Y,14370,343,354,309,1.26,20260630.0,170243,853,N,N,Y
003680,KR7003680006,한성기업,ST,3.0,27,5,0,,N,N,0,N,N,N,,N,N,N,N,N,N,N,N,N,0,N,N,N,N,N,N,N,N,4415,1,1,N,N,N,0,N,N,N,0,0,0,100,N,90,46804,5000,19890126,6209,31047575000,12.0,,0,,N,N,Y,3325,110,33,28,4.25,20241231.0,274,,N,N,N
003690,KR7003690005,코리안리,ST,2.0,21,25,0,,N,N,0,N,N,Y,,N,N,N,N,N,N,N,N,N,0,N,N,N,N,N,Y,N,N,14640,1,1,N,N,N,0,N,N,N,0,0,0,40,Y,90,88345,500,19691222,176721,97410515500,12.0,,0,,N,Y,Y,38294,4663,4652,3472,12.44,20260630.0,25871,,N,N,N
0036R0,KR70036R0001,RISE 미국휴머노이드로봇,EF,,0,0,0,N,N,,0,N,N,N,2.0,N,N,,,,,N,,,0,,,Y,,,,,,20220,1,1,N,N,N,0,N,N,N,0,0,0,100,N,90,12741,0,20250415,5650,0,12.0,,0,,N,N,N,0,0,0,0,0.0,,1142,,N,N,N
0036Z0,KR70036Z0001,RISE 미국천연가스밸류체인,EF,,0,0,0,N,N,,0,N,N,N,2.0,N,N,,,,,N,,,0,,,Y,,,,,,11935,1,1,N,N,N,0,N,N,N,0,0,0,100,N,90,1530,0,20250422,550,0,12.0,,0,,N,N,N,0,0,0,0,0.0,,65,,N,N,N
003720,KR7003720000,삼영,ST,3.0,27,8,0,,N,N,0,N,N,N,,N,N,N,N,N,N,N,N,N,0,N,N,N,N,N,N,N,N,6450,1,1,N,N,N,0,N,N,N,0,0,0,50,Y,90,148888,500,19760630,34000,17000000000,12.0,,0,,N,N,Y,1025,132,138,121,23.88,20260630.0,2193,,N,N,Y
003780,KR7003780004,진양산업,ST,3.0,27,8,0,,N,N,0,N,N,N,,N,N,N,N,N,N,N,N,N,0,N,N,N,N,N,N,N,N,4185,1,1,N,N,N,0,N,N,N,0,0,0,100,N,90,1607557,500,19730626,13000,6500000000,12.0,,0,,N,N,Y,459,33,31,26,8.86,20260630.0,544,,N,N,N
003830,KR7003830007,대한화섬,ST,3.0,27,8,0,,N,N,0,N,N,N,,N,N,N,N,N,N,N,N,N,0,N,N,N,N,N,N,N,N,107700,1,1,N,N,N,0,N,N,N,0,0,0,100,N,90,13,5000,19851223,1328,6640000000,12.0,,0,,N,N,Y,1238,-15,-64,-25,-0.35,20241231.0,1430,841,N,N,N
003850,KR7003850005,보령,ST,2.0,27,9,0,,N,N,0,N,N,Y,,N,N,N,N,Y,N,N,N,N,0,N,N,N,N,N,N,N,N,8770,1,1,N,N,N,0,N,N,N,0,0,0,40,Y,90,134217,500,19881024,85787,43393603500,12.0,,0,,N,N,Y,5350,440,856,655,14.38,20260630.0,7523,,N,N,Y
0038A0,KR70038A0008,KODEX 미국휴머노이드로봇,EF,,0,0,0,N,N,,0,N,N,N,2.0,N,N,,,,,N,,,0,,,Y,,,,,,15620,1,1,N,N,N,0,N,N,N,0,0,0,100,N,90,48129,0,20250415,19050,0,12.0,,0,,N,N,N,0,0,0,0,0.0,,2975,,N,N,N
003920,KR7003920006,남양유업,ST,3.0,27,5,0,,N,N,0,N,N,N,,N,N,N,N,N,N,N,N,N,0,N,N,N,N,N,N,N,N,41800,1,1,N,N,N,0,N,N,N,0,0,0,100,N,90,1112,500,19780624,5673,3600000000,12.0,,0,,N,N,Y,4832,18,101,78,1.68,20260630.0,2371,,N,N,N
003925,KR7003921004,남양유업우,ST,0.0,27,5,0,,N,N,0,N,N,N,,N,N,N,N,N,N,N,N,N,0,N,N,N,N,N,N,N,N,29900,1,1,N,N,N,0,N,N,N,0,0,0,100,N,90,851,500,19880620,1891,1000000000,12.0,,1,,N,N,N,0,0,0,0,0.0,,565,,N,N,N
003960,KR7003960002,사조대림,ST,3.0,27,5,0,,N,N,0,N,N,N,,N,N,N,N,N,N,N,N,N,0,N,N,N,N,N,N,N,N,27250,1,1,N,N,N,0,N,N,N,0,0,0,50,Y,90,1821,5000,19760916,9164,45822335000,12.0,,0,,N,N,Y,17655,442,-889,-968,-31.04,20260630.0,2497,144,N,N,N
004000,KR7004000006,롯데정밀화학,ST,2.0,27,8,0,,N,N,4,N,N,Y,,N,N,N,N,N,N,N,Y,N,0,N,N,N,N,N,N,N,N,42700,1,1,N,N,N,0,N,N,N,0,0,0,40,Y,90,34365,5000,19760415,25800,129000000000,12.0,,0,,N,Y,Y,10969,946,1704,1389,8.18,20260630.0,11016,283,N,N,Y
004020,KR7004020004,현대제철,ST,2.0,27,11,0,,N,N,3,Y,N,Y,,N,N,N,N,N,N,N,N,Y,0,N,N,N,N,N,N,N,Y,28450,1,1,N,N,N,0,N,N,N,0,0,0,40,Y,90,863835,5000,19870523,133445,667228925000,12.0,,0,,N,Y,Y,118470,734,-327,-272,-0.09,20260630.0,37965,BH1,N,N,Y
004060,KR7004060000,SG세계물산,ST,3.0,16,0,0,,N,N,0,N,N,N,,N,N,N,N,N,N,N,N,N,0,N,N,N,N,N,N,N,N,2185,1,1,N,N,N,0,N,N,N,0,0,0,100,N,90,756174,5000,19760419,20242,101212480000,12.0,,0,,N,N,Y,550,-23,54,44,1.52,20260630.0,442,,N,N,N
004080,KR7004080008,신흥,ST,3.0,16,0,0,,N,N,0,N,N,N,,N,N,N,N,N,N,N,N,N,0,N,N,N,N,N,N,N,N,14330,1,1,N,N,N,0,N,N,N,0,0,0,100,N,90,1126,500,19910208,9200,6733070000,12.0,,0,,N,N,Y,514,44,56,48,4.6,20260630.0,1318,,N,N,N
004090,KR7004090007,한국석유,ST,3.0,27,10,0,,N,N,0,N,N,N,,N,N,N,N,N,N,N,N,N,0,N,N,N,N,N,N,N,N,11730,1,1,N,N,N,0,N,N,N,0,0,0,60,Y,90,73318,500,19770625,12694,6347060000,12.0,,0,,N,N,Y,4029,179,184,136,7.11,20260630.0,1489,,N,N,Y
0040S0,KR70040S0004,HANARO 글로벌피지컬AI액티브,EF,,0,0,0,N,N,,0,N,N,N,2.0,N,N,,,,,N,,,0,,,Y,,,,,,23600,1,1,N,N,N,0,N,N,N,0,0,0,100,N,90,76577,0,20250422,2500,0,12.0,,0,,N,N,N,0,0,0,0,0.0,,590,,N,N,N
0040X0,KR70040X0007,SOL 팔란티어미국채커버드콜혼합,EF,,0,0,0,N,N,,0,N,N,N,2.0,N,N,,,,,N,,,0,,,Y,,,,,,8965,1,1,N,N,N,0,N,N,N,0,0,0,100,N,90,65225,0,20250422,18700,0,12.0,,0,,N,N,N,0,0,0,0,0.0,,1676,,N,N,N
0040Y0,KR70040Y0006,SOL 팔란티어커버드콜OTM채권혼합,EF,,0,0,0,N,N,,0,N,N,N,2.0,N,N,,,,,N,,,0,,,Y,,,,,,7875,1,1,N,N,N,0,N,N,N,0,0,0,100,N,90,320800,0,20250422,46250,0,12.0,,0,,N,N,N,0,0,0,0,0.0,,3642,,N,N,N
004100,KR7004100004,태양금속,ST,3.0,27,15,0,,N,N,0,N,N,N,,N,N,N,N,N,N,N,N,N,0,N,N,N,N,N,N,N,N,3195,1,1,N,N,N,0,N,N,N,0,0,0,100,N,90,304079,500,19760525,36700,18350000000,12.0,,0,,N,N,Y,3104,100,82,93,12.47,20260630.0,1172,,N,N,N
004105,KR7004101002,태양금속우,ST,0.0,27,15,0,,N,N,0,N,N,N,,N,N,N,N,N,N,N,N,N,0,N,N,N,N,N,N,N,N,4495,1,1,N,N,N,0,N,N,N,0,0,0,100,N,90,86844,500,19900108,3300,1650000000,12.0,,1,,N,N,N,0,0,0,0,0.0,,148,,N,N,N
004140,KR7004140000,동방,ST,3.0,19,0,0,,N,N,0,N,N,N,,N,N,N,N,N,N,N,N,N,0,N,N,N,N,N,N,N,N,1811,1,1,N,N,N,0,N,N,N,0,0,0,100,N,90,128083,1000,19880810,47971,47971766000,12.0,,0,,N,N,Y,4835,118,23,35,4.06,20260630.0,868,,N,N,N
004150,KR7004150009,한솔홀딩스,ST,3.0,21,0,0,,N,N,0,N,N,N,,N,N,N,N,N,N,N,N,N,0,N,N,N,N,N,N,N,N,3545,1,1,N,N,N,0,N,N,N,0,0,0,60,Y,90,33274,1000,19720517,41026,42008577000,12.0,,0,,N,N,Y,6863,278,777,669,7.4,20260630.0,1454,924,N,N,N
004170,KR7004170007,신세계,ST,1.0,16,0,0,,N,N,8,N,N,Y,,N,N,N,N,N,N,N,N,N,0,N,N,N,N,N,N,N,Y,319500,1,1,N,N,N,0,N,N,N,0,0,0,40,Y,90,70277,5000,19850819,9445,49225905000,12.0,,0,,N,Y,Y,36275,3650,3259,2523,3.45,20260630.0,30177,577,N,N,Y
0041D0,KR70041D0000,KODEX 미국AI소프트웨어TOP10,EF,,0,0,0,N,N,,0,N,N,N,2.0,N,N,,,,,N,,,0,,,Y,,,,,,14340,1,1,N,N,N,0,N,N,N,0,0,0,100,N,90,49170,0,20250422,3800,0,12.0,,0,,N,N,N,0,0,0,0,0.0,,544,,N,N,N
0041E0,KR70041E0009,KODEX 미국S&P500액티브,EF,,0,0,0,N,N,,0,N,N,N,2.0,N,N,,,,,N,,,0,,,Y,,,,,,16360,1,1,N,N,N,0,N,N,N,0,0,0,100,N,90,90952,0,20250422,8700,0,12.0,,0,,N,N,N,0,0,0,0,0.0,,1423,,N,N,N
004250,KR7004250007,NPC,ST,3.0,27,8,0,,N,N,0,N,N,N,,N,N,N,N,N,N,N,N,N,0,N,N,N,N,N,N,N,N,2900,1,1,N,N,N,0,N,N,N,0,0,0,60,Y,90,29748,500,19690908,36720,18360000000,12.0,,0,,N,N,Y,2253,142,124,113,3.5,20260630.0,1064,,N,N,N
004255,KR7004251005,NPC우,ST,0.0,27,8,0,,N,N,0,N,N,N,,N,N,N,N,N,N,N,N,N,0,N,N,N,N,N,N,N,N,1865,1,1,N,N,N,0,N,N,N,0,0,0,100,N,90,1993,500,19900115,5280,2640000000,12.0,,1,,N,N,N,0,0,0,0,0.0,,98,,N,N,N
004270,KR7004270005,남성,ST,3.0,16,0,0,,N,N,0,N,N,N,,N,N,N,N,N,N,N,N,N,0,N,N,N,N,N,N,N,N,5590,1,1,N,N,Y,0,N,N,N,0,0,0,100,N,90,10924,5000,19891114,4560,22800640000,12.0,,0,,N,N,Y,401,44,62,75,4.77,20260630.0,254,,N,N,N
004310,KR7004310009,현대약품,ST,3.0,27,9,0,,N,N,0,N,N,N,,N,N,N,N,N,N,N,N,N,0,N,N,N,N,N,N,N,N,8170,1,1,N,N,N,0,N,N,N,0,0,0,100,N,90,1069040,500,19780628,32000,16000000000,11.0,,0,,N,N,Y,0,0,0,0,0.0,20251130.0,2614,,N,N,N
004360,KR7004360004,세방,ST,3.0,19,0,0,,N,N,0,N,N,N,,N,N,N,N,N,N,N,N,N,0,N,N,N,N,N,N,N,N,13490,1,1,N,N,N,0,N,N,N,0,0,0,50,Y,90,25643,500,19770519,19115,9654345000,12.0,,0,,N,N,Y,6071,153,469,418,5.12,20260630.0,2578,,N,N,N
004365,KR7004361002,세방우,ST,0.0,19,0,0,,N,N,0,N,N,N,,N,N,N,N,N,N,N,N,N,0,N,N,N,N,N,N,N,N,9100,1,1,N,N,N,0,N,N,N,0,0,0,100,N,90,1222,500,19891021,3689,1844625000,12.0,,1,,N,N,N,0,0,0,0,0.0,,335,,N,N,N
004370,KR7004370003,농심,ST,2.0,27,5,0,,N,N,7,N,N,Y,,N,N,N,N,N,N,N,N,N,0,N,N,N,N,N,N,N,N,400000,1,1,N,N,N,0,N,N,N,0,0,0,40,Y,90,15072,5000,19760630,6082,30413210000,12.0,,0,,N,Y,Y,18901,1267,1505,1153,6.94,20260630.0,24330,LC8,N,N,N
004380,KR7004380002,삼익THK,ST,3.0,27,12,0,,N,N,0,N,N,Y,,N,N,N,N,N,N,N,N,N,0,N,N,N,N,Y,N,N,N,7660,1,1,N,N,N,0,N,N,N,0,0,0,100,N,90,12025,500,19890926,20700,10500000000,12.0,,0,,N,N,Y,1431,-21,-51,-42,-9.72,20260630.0,1585,,N,N,N
0043B0,KR70043B0000,TIGER 머니마켓액티브,EF,,0,0,0,N,N,,0,N,N,N,2.0,N,N,,,,,N,,,0,,,Y,,,,,,103920,1,1,N,N,N,0,N,N,N,0,0,0,50,Y,90,166604,0,20250422,31564,0,12.0,,0,,N,N,N,0,0,0,0,0.0,,32801,,N,N,N
0043Y0,KR70043Y0003,TIME 차이나AI테크액티브,EF,,0,0,0,N,N,,0,N,N,N,2.0,N,N,,,,,N,,,0,,,Y,,,,,,18905,1,1,N,N,N,0,N,N,N,0,0,0,100,N,90,26516,0,20250513,17050,0,12.0,,0,,N,N,N,0,0,0,0,0.0,,3223,,N,N,N
004410,KR7004410007,서울식품,ST,3.0,27,5,0,,N,N,0,N,N,N,,N,N,N,N,N,N,N,N,N,0,N,N,N,N,N,N,N,N,1213,1,1,N,N,N,0,N,N,N,0,0,0,100,N,90,126837,1000,19731228,39455,39455013000,12.0,,0,,N,N,Y,586,-22,-30,-30,-12.02,20241231.0,478,,N,N,N
004415,KR7004411005,서울식품우,ST,0.0,27,5,0,,Y,N,0,N,N,N,,N,N,N,N,N,N,N,N,N,0,N,N,N,N,N,N,N,N,3915,1,1,N,N,Y,0,N,N,N,0,0,0,100,N,90,1362,1000,19890522,222,222450000,12.0,,1,,N,N,N,0,0,0,0,0.0,,8,,N,N,N
004430,KR7004430005,송원산업,ST,3.0,27,8,0,,N,N,0,N,N,Y,,N,N,N,N,N,N,N,Y,N,0,N,N,N,N,N,N,N,N,11760,1,1,N,N,N,0,N,N,N,0,0,0,40,Y,90,126340,500,19770625,24000,12000000000,12.0,,0,,N,N,Y,5977,664,687,477,5.97,20260630.0,2822,,N,N,Y
004440,KR7004440004,삼일씨엔에스,ST,3.0,27,10,0,,N,N,0,N,N,Y,,N,N,N,N,N,N,N,N,N,0,N,Y,N,N,N,N,N,N,5360,1,1,N,N,N,0,N,N,N,0,0,0,100,N,90,25336,1000,20160330,12731,12731947000,12.0,,0,,N,N,Y,2213,-17,-26,-20,-0.75,20241231.0,682,,N,N,N
004450,KR7004450003,삼화왕관,ST,3.0,27,11,0,,N,N,0,N,N,N,,N,N,N,N,N,N,N,N,N,0,N,N,N,N,N,N,N,N,27900,1,1,N,N,N,0,N,N,N,0,0,0,100,N,90,755,5000,19760528,2154,10771895000,12.0,,0,,N,N,Y,877,28,47,35,4.26,20260630.0,601,,N,N,N
004490,KR7004490009,세방전지,ST,2.0,27,13,0,,N,N,0,N,N,Y,,N,N,Y,N,N,N,N,N,N,0,N,N,N,N,N,N,N,N,62700,1,1,N,N,N,0,N,N,N,0,0,0,40,Y,90,34317,500,19871128,13860,7000000000,12.0,,0,,N,N,Y,10556,686,961,726,8.84,20260630.0,8690,,N,N,Y
004540,KR7004540001,깨끗한나라,ST,3.0,27,7,0,,N,N,0,N,N,N,,N,N,N,N,N,N,N,N,N,0,N,N,N,N,N,N,N,N,1232,1,1,N,N,N,0,N,N,N,0,0,0,100,N,90,14146,1000,19750625,37240,37240693000,12.0,,0,,N,N,Y,2614,-34,-98,-101,-21.21,20260630.0,458,,N,N,N
004545,KR7004541009,깨끗한나라우,ST,0.0,27,7,0,,N,N,0,N,N,N,,N,N,N,N,N,N,N,N,N,0,N,N,N,N,N,N,N,N,3395,1,1,N,N,Y,0,N,N,N,0,0,0,100,N,90,490,1000,19881121,366,366160000,12.0,,1,,N,N,N,0,0,0,0,0.0,,12,,N,N,N
004560,KR7004560009,현대비앤지스틸,ST,3.0,27,11,0,,N,N,0,N,N,Y,,N,N,N,N,N,N,N,N,Y,0,N,N,N,N,N,N,N,N,11930,1,1,N,N,N,0,N,N,N,0,0,0,60,Y,90,35162,5000,19870324,15078,75394055000,12.0,,0,,N,N,Y,4025,179,140,97,3.68,20260630.0,1798,BH1,N,N,N
004690,KR7004690004,삼천리,ST,3.0,17,0,0,,N,N,0,N,N,N,,N,N,N,N,N,N,N,N,N,0,N,N,N,N,N,N,N,N,128300,1,1,N,N,N,0,N,N,N,0,0,0,40,Y,90,4933,5000,19761223,3626,20275125000,12.0,,0,,N,N,Y,29668,1382,1623,1343,7.73,20260630.0,4653,SCL,N,N,N
0046A0,KR70046A0008,TIGER 미국초단기(3개월이하)국채,EF,,0,0,0,N,N,,0,N,N,N,2.0,N,N,,,,,N,,,0,,,Y,,,,,,9270,1,1,N,N,N,0,N,N,N,0,0,0,100,N,90,437243,0,20250429,41960,0,12.0,,0,,N,N,N,0,0,0,0,0.0,,3889,,N,N,N
0046Y0,KR70046Y0000,ACE 미국배당퀄리티,EF,,0,0,0,N,N,,0,N,N,N,2.0,N,N,,,,,N,,,0,,,Y,,,,,,12175,1,1,N,N,N,0,N,N,N,0,0,0,100,N,90,5491,0,20250513,4300,0,12.0,,0,,N,N,N,0,0,0,0,0.0,,523,,N,N,N
004700,KR7004700001,조광피혁,ST,3.0,27,6,0,,N,N,0,N,N,N,,N,N,N,N,N,N,N,N,N,0,N,N,N,N,N,N,N,N,66500,1,1,N,N,N,0,N,N,N,0,0,0,100,N,90,1737,5000,19770527,6649,34245690000,12.0,,0,,N,N,Y,902,72,155,126,2.58,20241231.0,4421,,N,N,N
004710,KR7004710000,한솔테크닉스,ST,3.0,27,13,0,,N,N,0,N,N,Y,,N,N,N,Y,N,N,N,N,N,0,N,N,N,N,N,N,N,N,11840,1,1,N,N,N,0,N,N,N,0,0,0,40,Y,90,750975,1000,19880706,53043,53439817000,12.0,,0,,N,N,Y,6511,283,276,224,-3.42,20260630.0,6280,924,N,N,N
004720,KR7004720009,팜젠사이언스,ST,3.0,27,9,0,,N,N,0,N,N,N,,N,N,N,N,N,N,N,N,N,0,N,N,N,N,N,N,N,N,2920,1,1,N,N,N,0,N,N,N,0,0,0,100,N,90,32821,500,19900615,22654,11327182500,12.0,,0,,N,N,Y,429,20,-7,-7,0.05,20250331.0,661,,N,N,N
004770,KR7004770004,써니전자,ST,3.0,27,13,0,,N,N,0,N,N,N,,N,N,N,N,N,N,N,N,N,0,N,N,N,N,N,N,N,N,1765,1,1,N,N,N,0,N,N,N,0,0,0,100,N,90,554682,500,19870422,35507,19301442000,12.0,,0,,N,N,Y,128,26,55,44,5.36,20241231.0,626,,N,N,N
0047A0,KR70047A0007,TIGER 차이나테크TOP10,EF,,0,0,0,N,N,,0,N,N,N,2.0,N,N,,,,,N,,,0,,,Y,,,,,,11420,1,1,N,N,N,0,N,N,N,0,0,0,100,N,90,18228,0,20250513,15000,0,12.0,,0,,N,N,N,0,0,0,0,0.0,,1713,,N,N,N
0047N0,KR70047N0002,PLUS 차이나AI테크TOP10,EF,,0,0,0,N,N,,0,N,N,N,2.0,N,N,,,,,N,,,0,,,Y,,,,,,8635,1,1,N,N,N,0,N,N,N,0,0,0,100,N,90,1001,0,20250513,700,0,12.0,,0,,N,N,N,0,0,0,0,0.0,,60,,N,N,N
0047P0,KR70047P0000,RISE 테슬라고정테크100,EF,,0,0,0,N,N,,0,N,N,N,2.0,N,N,,,,,N,,,0,,,Y,,,,,,14785,1,1,N,N,N,0,N,N,N,0,0,0,100,N,90,2524,0,20250513,1550,0,12.0,,0,,N,N,N,0,0,0,0,0.0,,229,,N,N,N
0047R0,KR70047R0008,RISE 팔란티어고정테크100,EF,,0,0,0,N,N,,0,N,N,N,2.0,N,N,,,,,N,,,0,,,Y,,,,,,15690,1,1,N,N,N,0,N,N,N,0,0,0,100,N,90,3487,0,20250513,1650,0,12.0,,0,,N,N,N,0,0,0,0,0.0,,258,,N,N,N
004800,KR7004800009,효성,ST,2.0,21,0,0,,N,N,0,N,N,Y,,N,N,N,N,N,N,N,Y,N,0,N,N,N,N,N,N,N,N,152000,1,1,N,N,N,0,N,N,N,0,0,0,40,Y,90,27892,5000,19730630,16740,86725490000,12.0,,0,,N,N,Y,12638,3262,3670,3128,18.82,20260630.0,25445,971,N,N,N
004830,KR7004830006,덕성,ST,3.0,27,8,0,,N,N,0,N,N,N,,N,N,N,N,N,N,N,N,N,0,N,N,N,N,N,N,N,N,3440,1,1,N,N,N,0,N,N,N,0,0,0,100,N,90,67643,500,19870925,15680,7840000000,12.0,,0,,N,N,Y,671,17,18,13,3.77,20260630.0,539,,N,N,N
004835,KR7004831004,덕성우,ST,0.0,27,8,0,,N,N,0,N,N,N,,N,N,N,N,N,N,N,N,N,0,N,N,N,N,N,N,N,N,4930,1,1,N,N,N,0,N,N,N,0,0,0,100,N,90,36534,500,19891219,1392,696000000,12.0,,1,,N,N,N,0,0,0,0,0.0,,68,,N,N,N
004840,KR7004840005,DRB동일,ST,3.0,27,8,0,,N,N,0,N,N,N,,N,N,N,N,N,N,N,N,N,0,N,N,N,N,N,N,N,N,3985,1,1,N,N,N,0,N,N,N,0,0,0,100,N,90,44485,500,19760521,19272,9965000000,12.0,,0,,N,N,Y,4185,170,215,159,2.94,20260630.0,768,,N,N,N
004870,KR7004870002,티웨이홀딩스,ST,3.0,27,10,0,,N,N,0,N,N,N,,N,N,N,N,N,N,N,N,N,0,N,N,N,N,N,N,N,N,973,1,1,N,N,Y,0,N,N,N,0,0,0,100,N,90,59099,500,19770630,22632,11316349000,12.0,,0,,N,N,Y,52,-52,-250,-208,-13.15,20241231.0,220,139,N,N,N
004890,KR7004890000,동일산업,ST,3.0,27,11,0,,N,N,0,N,N,N,,N,N,N,N,N,N,N,N,N,0,N,N,N,N,N,N,N,N,34300,1,1,N,N,N,0,N,N,N,0,0,0,100,N,90,220,5000,20050630,2425,12126075000,12.0,,0,,N,N,Y,1861,109,253,198,0.84,20260630.0,831,,N,N,N
0048J0,KR70048J0007,KODEX 미국머니마켓액티브,EF,,0,0,0,N,N,,0,N,N,N,2.0,N,N,,,,,N,,,0,,,Y,,,,,,13365,1,1,N,N,N,0,N,N,N,0,0,0,50,Y,90,670230,0,20250513,69488,0,12.0,,0,,N,N,N,0,0,0,0,0.0,,9287,,N,N,N
0048K0,KR70048K0004,KODEX 차이나휴머노이드로봇,EF,,0,0,0,N,N,,0,N,N,N,2.0,N,N,,,,,N,,,0,,,Y,,,,,,7560,1,1,N,N,N,0,N,N,N,0,0,0,100,N,90,173838,0,20250513,17950,0,12.0,,0,,N,N,N,0,0,0,0,0.0,,1357,,N,N,N
004910,KR7004910006,조광페인트,ST,3.0,27,8,0,,N,N,0,N,N,N,,N,N,N,N,N,N,N,N,N,0,N,N,N,N,N,N,N,N,3425,1,1,N,N,N,0,N,N,N,0,0,0,100,N,90,10175,500,19761227,12800,6400000000,12.0,,0,,N,N,Y,1059,-91,-65,-75,-6.96,20260630.0,438,,N,N,N
004920,KR7004920005,씨아이테크,ST,3.0,27,13,0,,N,N,0,N,N,N,,N,N,N,N,N,N,N,N,N,0,N,N,N,N,N,N,N,N,7210,1,1,N,N,N,1,N,N,N,0,0,0,100,N,90,7529,5000,19891130,5217,26089935000,12.0,,0,,N,N,Y,117,-32,-28,38,26.34,20260630.0,376,,N,N,N
004960,KR7004960001,한신공영,ST,3.0,18,0,0,,N,N,0,N,N,N,,N,N,N,N,N,N,N,N,N,0,N,N,N,N,N,N,N,N,10920,1,1,N,N,N,0,N,N,N,0,0,0,60,Y,90,14276,5000,19760707,11570,57853510000,12.0,,0,,N,N,Y,5113,398,399,312,10.15,20260630.0,1263,,N,N,N
004970,KR7004970000,신라교역,ST,3.0,0,0,0,,N,N,0,N,N,N,,N,N,N,N,N,N,N,N,N,0,N,N,N,N,N,N,N,N,8930,1,1,N,N,N,0,N,N,N,0,0,0,60,Y,90,7463,500,19760630,16000,8000000000,12.0,,0,,N,N,Y,2149,50,422,321,7.84,20260630.0,1428,,N,N,N
004980,KR7004980009,성신양회,ST,3.0,27,10,0,,N,N,0,N,N,Y,,N,N,N,N,N,N,N,N,N,0,N,Y,N,N,N,N,N,N,8130,1,1,N,N,N,0,N,N,N,0,0,0,40,Y,90,53501,5000,19760630,24516,124830365000,12.0,,0,,N,N,Y,7883,197,173,135,5.39,20260630.0,1993,,N,N,Y
004985,KR7004981007,성신양회우,ST,0.0,27,10,0,,N,N,0,N,N,N,,N,N,N,N,N,N,N,N,N,0,N,N,N,N,N,N,N,N,8880,1,1,N,N,N,0,N,N,N,0,0,0,100,N,90,914,5000,19881221,735,3678225000,12.0,,1,,N,N,N,0,0,0,0,0.0,,65,,N,N,N
004990,KR7004990008,롯데지주,ST,2.0,21,0,0,,N,N,7,N,N,Y,,N,N,N,N,N,N,N,N,N,0,N,N,N,N,N,N,N,Y,23300,1,1,N,N,N,0,N,N,N,0,0,0,40,Y,90,39311,200,19740216,99663,20981847400,12.0,,0,,N,Y,Y,77152,1751,1108,788,-6.49,20260630.0,23221,283,N,N,Y
00499K,KR700499K014,롯데지주우,ST,0.0,21,0,0,,N,,0,N,N,N,,N,N,,,,,N,,,0,,,N,,,,,,24200,1,1,N,N,N,0,N,N,N,0,0,0,100,N,90,153,200,20171030,805,161120600,12.0,,1,,N,N,N,0,0,0,0,0.0,,194,,N,N,N
0049K0,KR70049K0003,ACE 미국배당퀄리티채권혼합50,EF,,0,0,0,N,N,,0,N,N,N,2.0,N,N,,,,,N,,,0,,,Y,,,,,,10975,1,1,N,N,N,0,N,N,N,0,0,0,100,N,90,19088,0,20250513,2500,0,12.0,,0,,N,N,N,0,0,0,0,0.0,,274,,N,N,N
0049M0,KR70049M0001,ACE 미국배당퀄리티+커버드콜액티브,EF,,0,0,0,N,N,,0,N,N,N,2.0,N,N,,,,,N,,,0,,,Y,,,,,,10955,1,1,N,N,N,0,N,N,N,0,0,0,100,N,90,15404,0,20250513,7100,0,12.0,,0,,N,N,N,0,0,0,0,0.0,,777,,N,N,N
005010,KR7005010004,휴스틸,ST,3.0,27,11,0,,N,N,0,N,N,N,,N,N,N,N,N,N,N,N,N,0,N,N,N,N,N,N,N,N,3950,1,1,N,N,N,0,N,N,N,0,0,0,50,Y,90,260709,1000,19730629,56188,56188075000,12.0,,0,,N,N,Y,3900,-61,43,-185,-3.22,20260630.0,2219,,N,N,Y
005030,KR7005030002,부산주공,ST,3.0,27,15,0,,N,N,0,N,N,N,,N,N,N,N,N,N,N,N,N,0,N,N,N,N,N,N,N,N,25,1,1,N,Y,Y,0,N,N,N,0,0,0,100,N,90,11689418,500,19751226,92782,46391494000,12.0,,0,,N,N,Y,0,0,0,0,0.0,20250930.0,23,,N,N,N
005070,KR7005070008,코스모신소재,ST,2.0,27,8,0,,N,N,0,N,N,Y,,N,N,N,N,N,N,N,N,N,0,N,N,N,N,N,N,N,N,46400,1,1,N,N,N,0,N,N,N,0,0,0,40,Y,90,133650,1000,19870928,33214,33214571000,12.0,,0,,N,Y,Y,5697,250,200,176,3.62,20241231.0,15411,FN4,N,N,Y
005090,KR7005090006,SGC에너지,ST,2.0,17,0,0,,N,N,0,N,N,N,,N,N,N,N,N,N,N,N,N,0,N,N,N,N,N,N,N,N,47450,1,1,N,N,N,0,N,N,N,0,0,0,50,Y,90,37287,5000,19930106,14409,73385020000,12.0,,0,,N,N,Y,11884,806,240,139,-6.53,20260630.0,6837,378,N,N,Y
0050E0,KR70050E0007,PLUS 미국AI에이전트,EF,,0,0,0,N,N,,0,N,N,N,2.0,N,N,,,,,N,,,0,,,Y,,,,,,8395,1,1,N,N,N,0,N,N,N,0,0,0,100,N,90,1087,0,20250520,500,0,12.0,,0,,N,N,N,0,0,0,0,0.0,,41,,N,N,N
005110,KR7005110002,한창,ST,3.0,16,0,0,,N,N,0,N,N,N,,N,N,N,N,N,N,N,N,N,0,N,N,N,N,N,N,N,N,58,1,1,N,Y,Y,0,N,N,N,0,0,0,100,N,90,7093515,500,19760601,21106,10553203500,12.0,,0,,N,N,Y,29,-31,-73,-73,-64.98,20260630.0,12,,N,N,N
005180,KR7005180005,빙그레,ST,2.0,27,5,0,,N,N,0,N,N,N,,N,N,N,N,N,N,N,N,N,0,N,N,N,N,N,N,N,N,88600,1,1,N,N,N,0,N,N,N,0,0,0,40,Y,90,66593,5000,19780831,8841,49756205000,12.0,,0,,N,N,Y,7544,835,853,674,11.51,20260630.0,7833,,N,N,N
0051A0,KR70051A0000,KoAct 브로드컴밸류체인액티브,EF,,0,0,0,N,N,,0,N,N,N,2.0,N,N,,,,,N,,,0,,,Y,,,,,,25305,1,1,N,N,N,0,N,N,N,0,0,0,100,N,90,4192,0,20250520,650,0,12.0,,0,,N,N,N,0,0,0,0,0.0,,164,,N,N,N
0051G0,KR70051G0004,SOL 미국원자력SMR,EF,,0,0,0,N,N,,0,N,N,N,2.0,N,N,,,,,N,,,0,,,Y,,,,,,12440,1,1,N,N,N,0,N,N,N,0,0,0,100,N,90,336995,0,20250520,12350,0,12.0,,0,,N,N,N,0,0,0,0,0.0,,1536,,N,N,N
005250,KR7005250006,녹십자홀딩스,ST,3.0,26,0,0,,N,N,0,N,N,Y,,N,N,N,N,Y,N,N,N,N,0,N,N,N,N,N,N,N,N,9940,1,1,N,N,N,0,N,N,N,0,0,0,50,Y,90,260446,500,19780828,47028,25321905000,12.0,,0,,N,N,Y,11310,97,-124,-283,-13.11,20260630.0,4674,,N,N,N
005257,KR7005252002,녹십자홀딩스2우,ST,0.0,26,0,0,,N,N,0,N,N,N,,N,N,N,N,N,N,N,N,N,3,N,N,N,N,N,N,N,N,18750,1,1,N,N,N,0,N,N,N,0,0,0,100,N,90,518,500,19970319,845,422995000,12.0,,2,,N,N,N,0,0,0,0,0.0,,158,,N,N,N
0052D0,KR70052D0006,TIGER 코리아배당다우존스,EF,,0,0,0,N,N,,0,N,N,N,2.0,N,N,,,,,N,,,0,,,Y,,,,,,15125,1,1,N,N,N,0,N,N,N,0,0,0,100,N,90,62243,0,20250520,21950,0,12.0,,0,,N,N,N,0,0,0,0,0.0,,3319,,N,N,N
0052S0,KR70052S0009,1Q 미국S&P500미국채혼합50액티브,EF,,0,0,0,N,N,,0,N,N,N,2.0,N,N,,,,,N,,,0,,,Y,,,,,,11345,1,1,N,N,N,0,N,N,N,0,0,0,100,N,90,85306,0,20250610,28300,0,12.0,,0,,N,N,N,0,0,0,0,0.0,,3210,,N,N,N
0052T0,KR70052T0008,1Q 중단기회사채(A-이상)액티브,EF,,0,0,0,N,N,,0,N,N,N,2.0,N,N,,,,,N,,,0,,,Y,,,,,,50890,1,1,N,N,N,0,N,N,N,0,0,0,100,N,90,100,0,20250527,1730,0,12.0,,0,,N,N,N,0,0,0,0,0.0,,880,,N,N,N
005300,KR7005300009,롯데칠성,ST,2.0,27,5,0,,N,N,7,N,N,Y,,N,N,N,N,N,N,N,N,N,0,N,N,N,N,N,N,N,N,95300,1,1,N,N,N,0,N,N,N,0,0,0,40,Y,90,8498,500,19730621,9278,4639442000,12.0,,0,,N,Y,Y,20654,1036,714,535,4.3,20260630.0,8842,283,N,N,N
005305,KR7005301007,롯데칠성우,ST,0.0,27,5,0,,N,N,0,N,N,N,,N,N,N,N,N,N,N,N,N,0,N,N,N,N,N,N,N,N,66000,1,1,N,N,N,0,N,N,N,0,0,0,100,N,90,156,500,19890921,775,387655000,12.0,,1,,N,N,N,0,0,0,0,0.0,,511,,N,N,N
005320,KR7005320007,온타이드,ST,3.0,16,0,0,,N,N,0,N,N,N,,N,N,N,N,N,N,N,N,N,0,N,N,N,N,N,N,N,N,1556,1,1,N,N,Y,1,N,N,N,0,0,0,100,N,90,354881,1000,19961224,34187,34187845000,12.0,,0,,N,N,Y,1267,10,26,-5,-5.43,20260630.0,531,,N,N,N
005360,KR7005360003,모나미,ST,3.0,16,0,0,,N,N,0,N,N,N,,N,N,N,N,N,N,N,N,N,0,N,N,N,N,N,N,N,N,1034,1,1,N,N,Y,0,N,N,N,0,0,0,100,N,90,299016,1000,19740626,18897,18897307000,12.0,,0,,N,N,Y,617,-40,-55,-53,-13.37,20260630.0,195,,N,N,N
005380,KR7005380001,현대차,ST,1.0,27,15,0,,N,N,8,Y,Y,Y,,Y,Y,Y,N,N,N,N,N,N,0,N,N,N,N,N,N,N,N,336000,1,1,N,N,N,0,N,N,N,0,0,0,40,Y,90,565481,5000,19740628,203466,1157982395000,12.0,,0,,N,Y,Y,951542,53656,71673,54729,7.01,20260630.0,683647,BH1,N,N,Y
005385,KR7005381009,현대차우,ST,0.0,27,15,0,,N,N,0,N,N,N,,N,N,N,N,N,N,N,N,N,0,N,N,N,N,N,N,N,N,173400,1,1,N,N,N,0,N,N,N,0,0,0,40,Y,90,61738,5000,19890911,22839,125549910000,12.0,,1,,N,N,N,0,0,0,0,0.0,,39602,,N,N,N
005387,KR7005382007,현대차2우B,ST,0.0,27,15,0,,N,N,0,N,N,N,,N,N,N,N,N,N,N,N,N,0,N,N,N,N,N,N,N,N,174000,1,1,N,N,N,0,N,N,N,0,0,0,40,Y,90,97051,5000,19981202,34257,193069325000,12.0,,2,,N,N,N,0,0,0,0,0.0,,59607,,N,N,Y
005389,KR7005383005,현대차3우B,ST,0.0,27,15,0,,N,N,0,N,N,N,,N,N,N,N,N,N,N,N,N,0,N,N,N,N,N,N,N,N,170000,1,1,N,N,N,0,N,N,N,0,0,0,40,Y,90,8943,5000,19990415,2321,12391495000,12.0,,2,,N,N,N,0,0,0,0,0.0,,3947,,N,N,N
0053L0,KR70053L0005,TIGER 차이나휴머노이드로봇,EF,,0,0,0,N,N,,0,N,N,N,2.0,N,N,,,,,N,,,0,,,Y,,,,,,8625,1,1,N,N,N,0,N,N,N,0,0,0,100,N,90,141104,0,20250527,27150,0,12.0,,0,,N,N,N,0,0,0,0,0.0,,2341,,N,N,N
0053M0,KR70053M0004,더제이 중소형포커스액티브,EF,,0,0,0,N,N,,0,N,N,N,2.0,N,N,,,,,N,,,0,,,Y,,,,,,13165,1,1,N,N,N,0,N,N,N,0,0,0,100,N,90,4334,0,20250722,450,0,12.0,,0,,N,N,N,0,0,0,0,0.0,,59,,N,N,N
005420,KR7005420005,코스모화학,ST,3.0,27,8,0,,N,N,4,N,N,N,,N,N,N,N,N,N,N,N,N,0,N,N,N,N,N,N,N,N,11470,1,1,N,N,N,0,N,N,N,0,0,0,100,N,90,114976,1000,19870723,38408,38408228000,12.0,,0,,N,N,Y,3896,136,15,13,-8.55,20260630.0,4405,FN4,N,N,N
005430,KR7005430004,한국공항,ST,3.0,19,0,0,,N,N,0,N,N,N,,N,N,N,N,N,N,N,N,N,0,N,N,N,N,N,N,N,N,95600,1,1,N,N,N,0,N,N,N,0,0,0,50,Y,90,2761,5000,19761228,3166,15831775000,12.0,,0,,N,N,Y,3518,326,327,262,11.24,20260630.0,3027,926,N,N,N
005440,KR7005440003,현대지에프홀딩스,ST,2.0,21,0,0,,N,N,0,N,N,N,,N,N,N,N,N,N,N,N,N,0,N,N,N,N,N,N,N,N,12280,1,1,N,N,N,0,N,N,N,0,0,0,40,Y,90,352568,500,19890822,183397,92592382500,12.0,,0,,N,N,Y,41394,2029,3440,2794,7.81,20260630.0,22521,Z35,N,N,Y
005490,KR7005490008,POSCO홀딩스,ST,1.0,27,11,0,,N,Y,3,Y,Y,Y,,Y,Y,N,N,N,N,N,N,Y,0,N,N,N,N,N,N,N,Y,307500,1,1,N,N,N,0,N,N,N,0,0,0,40,Y,90,209023,5000,19880610,79241,482403125000,12.0,,0,,N,Y,Y,371348,15258,16677,13047,2.4,20260630.0,243667,853,N,N,Y
005500,KR7005500004,삼진제약,ST,3.0,27,9,0,,N,N,0,N,N,Y,,N,N,N,N,Y,N,N,N,N,0,N,N,N,N,N,N,N,N,19820,1,1,N,N,N,0,N,N,N,0,0,0,40,Y,90,39601,1000,19880618,13320,13900000000,12.0,,0,,N,N,Y,0,0,0,0,0.0,20250930.0,2640,,N,N,N
005610,KR7005610001,삼립,ST,3.0,27,5,0,,N,N,0,N,N,N,,N,N,N,N,N,N,N,N,N,0,N,N,N,N,N,N,N,N,41100,1,1,N,N,N,0,N,N,N,0,0,0,50,Y,90,3247,5000,19750502,8629,43145045000,12.0,,0,,N,N,Y,16601,-42,-123,-99,-1.98,20260630.0,3546,,N,N,N
005680,KR7005680004,삼영전자,ST,3.0,27,13,0,,N,N,0,N,N,N,,N,N,N,N,N,N,N,N,N,0,N,N,N,N,N,N,N,N,12500,1,1,N,N,N,0,N,N,N,0,0,0,40,Y,90,18618,500,19761228,20000,10000000000,12.0,,0,,N,N,Y,809,53,106,90,0.75,20260630.0,2500,,N,N,N
005690,KR7005690003,파미셀,ST,2.0,27,13,0,,N,N,0,N,N,Y,,N,N,N,N,Y,N,N,N,N,0,N,N,N,N,N,N,N,N,13020,1,1,N,N,N,0,N,N,N,0,0,0,100,N,90,898263,500,19880520,60004,30002007000,12.0,,0,,N,N,Y,649,47,63,63,7.59,20241231.0,7812,,N,N,N
005720,KR7005720008,넥센,ST,3.0,27,8,0,,N,N,0,N,N,N,,N,N,N,N,N,N,N,N,N,0,N,N,N,N,N,N,N,N,6290,1,1,N,N,N,0,N,N,N,0,0,0,100,N,90,104680,500,19871219,52543,26771988500,12.0,,0,,N,N,Y,19461,1167,1498,960,8.36,20260630.0,3305,,N,N,N
005725,KR7005721006,넥센우,ST,0.0,27,8,0,,Y,N,0,N,N,N,,N,N,N,N,N,N,N,N,N,0,N,N,N,N,N,N,N,N,4490,1,1,N,N,N,0,N,N,N,0,0,0,100,N,90,121,500,19890923,3600,1800300000,12.0,,1,,N,N,N,0,0,0,0,0.0,,161,,N,N,N
005740,KR7005740006,크라운해태홀딩스,ST,3.0,21,0,0,,N,N,0,N,N,N,,N,N,N,N,N,N,N,N,N,0,N,N,N,N,N,N,N,N,5220,1,1,N,N,N,0,N,N,N,0,0,0,100,N,90,1529,500,19760630,14847,7423673500,12.0,,0,,N,N,Y,5264,275,219,179,4.96,20260630.0,775,,N,N,N
005745,KR7005741004,크라운해태홀딩스우,ST,0.0,21,0,0,,Y,N,0,N,N,N,,N,N,N,N,N,N,N,N,N,0,N,N,N,N,N,N,N,N,5000,1,1,N,N,N,0,N,N,N,0,0,0,100,N,90,2307,500,19941122,600,300363000,12.0,,1,,N,N,N,0,0,0,0,0.0,,30,,N,N,N
005750,KR7005750005,대림바스,ST,3.0,27,10,0,,N,N,0,N,N,N,,N,N,N,N,N,N,N,N,N,0,N,N,N,N,N,N,N,N,4230,1,1,N,N,N,0,N,N,N,0,0,0,100,N,90,19576,1000,19921223,16592,16672240000,12.0,,0,,N,N,Y,1561,121,112,84,9.8,20260630.0,701,,N,N,N
0057H0,KR70057H0007,PLUS 미국S&P500미국채혼합50액티브,EF,,0,0,0,N,N,,0,N,N,N,2.0,N,N,,,,,N,,,0,,,Y,,,,,,11410,1,1,N,N,N,0,N,N,N,0,0,0,100,N,90,22597,0,20250610,7100,0,12.0,,0,,N,N,N,0,0,0,0,0.0,,810,,N,N,N
005800,KR7005800008,신영와코루,ST,3.0,27,6,0,,N,N,0,N,N,N,,N,N,N,N,N,N,N,N,N,0,N,N,N,N,N,N,N,N,13350,1,1,N,N,N,0,N,N,N,0,0,0,100,N,90,7244,500,19761228,9000,4500000000,12.0,,0,,N,N,Y,1036,1,8,4,0.43,20260630.0,1201,,N,N,N
005810,KR7005810007,풍산홀딩스,ST,2.0,21,0,0,,N,N,0,N,N,N,,N,N,N,N,N,N,N,N,N,0,N,N,N,N,N,N,N,N,35300,1,1,N,N,N,0,N,N,N,0,0,0,40,Y,90,23304,5000,19880728,14417,84749515000,12.0,,0,,N,N,Y,2838,766,770,715,8.93,20260630.0,5089,,N,N,N
005820,KR7005820006,원림,ST,3.0,27,6,0,,N,N,0,N,N,N,,N,N,N,N,N,N,N,N,N,0,N,N,N,N,N,N,N,N,14420,1,1,N,N,N,0,N,N,N,0,0,0,100,N,90,1755,5000,19900420,2297,11489850000,12.0,,0,,N,N,Y,430,20,39,31,3.64,20260630.0,331,,N,N,N
005830,KR7005830005,DB손해보험,ST,1.0,21,25,0,,N,Y,6,Y,N,Y,,N,Y,N,N,N,N,N,N,N,0,N,N,N,N,N,Y,N,Y,186900,1,1,N,N,N,0,N,N,N,0,0,0,40,Y,90,154047,500,19730628,65500,35400000000,12.0,,0,,N,Y,Y,137845,15869,16004,11164,15.91,20260630.0,122420,LB9,N,N,N
005850,KR7005850003,에스엘,ST,2.0,27,15,0,,N,N,8,N,N,Y,,N,N,Y,N,N,N,N,N,N,0,N,N,N,N,N,N,N,N,50900,1,1,N,N,N,0,N,N,N,0,0,0,40,Y,90,35013,500,19881108,46448,23224260000,12.0,,0,,N,Y,Y,27553,2696,3422,2480,15.02,20260630.0,23642,,N,N,Y
005870,KR7005870001,휴니드,ST,3.0,27,13,0,,N,N,0,N,N,N,,N,N,N,N,N,N,N,N,N,0,N,N,N,N,N,N,N,N,4400,1,1,N,N,N,0,N,N,N,0,0,0,100,N,90,44369,5000,19910903,14116,70580075000,12.0,,0,,N,N,Y,2308,91,137,107,6.45,20241231.0,621,,N,N,N
005880,KR7005880000,대한해운,ST,2.0,19,0,0,,N,N,0,N,N,Y,,N,N,N,N,N,N,N,N,N,0,N,N,N,N,N,N,Y,N,2070,1,1,N,N,N,0,N,N,N,0,0,0,40,Y,90,1133988,500,19920423,322747,161373670000,12.0,,0,,N,N,Y,5906,1374,1212,1204,8.05,20260630.0,6680,LB8,N,N,Y
005930,KR7005930003,삼성전자,ST,1.0,27,13,0,,N,N,5,Y,Y,Y,,Y,Y,N,N,N,N,N,N,N,0,N,N,N,N,N,N,N,Y,268500,1,1,N,N,N,0,N,N,N,0,0,0,40,Y,90,16395504,100,19750611,5846278,778046685000,12.0,,0,,N,Y,Y,3053729,1467252,1532682,11884,31.39,20260630.0,15697258,511,N,N,Y
005935,KR7005931001,삼성전자우,ST,0.0,27,13,0,,N,N,0,N,N,N,,N,N,N,N,N,N,N,N,N,0,N,N,N,N,N,N,N,N,198000,1,1,N,N,N,0,N,N,N,0,0,0,40,Y,90,2726097,100,19890925,802371,119467135000,12.0,,1,,N,N,N,0,0,0,0,0.0,,1588694,,N,N,Y
005940,KR7005940002,NH투자증권,ST,1.0,21,24,0,,N,Y,6,Y,N,Y,,N,Y,N,N,N,N,N,N,N,0,N,N,N,Y,N,N,N,Y,26550,1,1,N,N,N,0,N,N,N,0,0,0,40,Y,90,377370,5000,19750930,369206,1908804360000,12.0,,0,,N,Y,Y,204647,13179,13131,9651,16.12,20260630.0,98024,E56,N,N,Y
005945,KR7005941000,NH투자증권우,ST,0.0,21,24,0,,N,N,0,N,N,N,,N,N,N,N,N,N,N,N,N,0,N,N,N,N,N,N,N,N,22100,1,1,N,N,N,0,N,N,N,0,0,0,40,Y,90,32061,5000,19880913,18870,99354840000,12.0,,1,,N,N,N,0,0,0,0,0.0,,4170,,N,N,N
005950,KR7005950001,이수화학,ST,3.0,27,8,0,,N,N,0,N,N,N,,N,N,N,N,N,N,N,N,N,0,N,N,N,N,N,N,N,N,11450,1,1,N,N,N,0,N,N,N,0,0,0,100,N,90,184013,5000,19880428,26294,131470845000,12.0,,0,,N,N,Y,13793,1220,1209,987,58.08,20260630.0,3010,,N,N,N
005960,KR7005960000,동부건설,ST,3.0,18,0,0,,N,N,0,N,N,N,,N,N,N,N,N,N,N,N,N,0,N,N,N,N,N,N,N,N,8260,1,1,N,N,N,0,N,N,N,0,0,0,60,Y,90,16910,5000,19781030,22946,114733315000,12.0,,0,,N,N,Y,10307,282,474,391,15.09,20260630.0,1895,365,N,N,N
005965,KR7005961008,동부건설우,ST,0.0,18,0,0,,N,N,0,N,N,N,,N,N,N,N,N,N,N,N,N,0,N,N,N,N,N,N,N,N,17100,1,1,N,N,N,0,N,N,N,0,0,0,100,N,90,58,5000,19900621,225,1128660000,12.0,,1,,N,N,N,0,0,0,0,0.0,,38,,N,N,N
006040,KR7006040000,동원산업,ST,2.0,21,0,0,,N,N,7,N,N,Y,,N,N,N,N,N,N,N,N,N,0,N,N,N,N,N,N,N,N,35150,1,1,N,N,N,0,N,N,N,0,0,0,40,Y,90,18057,1000,19890307,44140,44140819000,12.0,,0,,N,Y,Y,51020,2976,2718,2175,12.9,20260630.0,15515,359,N,N,N
006060,KR7006060008,화승인더,ST,3.0,16,0,0,,N,N,0,N,N,Y,,N,N,N,N,N,N,N,Y,N,0,N,N,N,N,N,N,N,N,2250,1,1,N,N,N,0,N,N,N,0,0,0,60,Y,90,31296,500,19910204,55320,27660000000,12.0,,0,,N,N,Y,8664,302,163,85,8.99,20260630.0,1244,,N,N,N
006090,KR7006090005,사조오양,ST,3.0,27,5,0,,N,N,0,N,N,N,,N,N,N,N,N,N,N,N,N,0,N,N,N,N,N,N,N,N,8910,1,1,N,N,N,0,N,N,N,0,0,0,100,N,90,3266,5000,19861224,9422,47113695000,12.0,,0,,N,N,Y,4007,209,164,126,5.61,20241231.0,839,144,N,N,N
0060H0,KR70060H0002,TIGER 토탈월드스탁액티브,EF,,0,0,0,N,N,,0,N,N,N,2.0,N,N,,,,,N,,,0,,,Y,,,,,,12400,1,1,N,N,N,0,N,N,N,0,0,0,100,N,90,46744,0,20250624,31500,0,12.0,,0,,N,N,N,0,0,0,0,0.0,,3906,,N,N,N
006110,KR7006110001,삼아알미늄,ST,2.0,27,11,0,,N,N,0,N,N,N,,N,N,N,N,N,N,N,N,N,0,N,N,N,N,N,N,N,N,66000,1,1,N,N,N,0,N,N,N,0,0,0,100,N,90,178062,500,19801205,15123,7561727500,12.0,,0,,N,N,Y,1644,-26,-53,-52,-9.87,20260630.0,9981,,N,N,N
006120,KR7006120000,SK디스커버리,ST,2.0,21,0,0,,N,N,0,N,N,Y,,N,N,N,N,N,N,N,Y,N,0,N,N,N,N,N,N,N,N,71900,1,1,N,N,N,0,N,N,N,0,0,0,40,Y,90,123976,5000,19760629,17413,104884875000,12.0,,0,,N,Y,Y,63448,1594,2400,1537,5.87,20260630.0,12520,535,N,N,N
006125,KR7006121008,SK디스커버리우,ST,0.0,21,0,0,,N,N,0,N,N,N,,N,N,N,N,N,N,N,N,N,0,N,N,N,N,N,N,N,N,44200,1,1,N,N,N,0,N,N,N,0,0,0,100,N,90,4936,5000,19891124,1231,6792275000,12.0,,1,,N,N,N,0,0,0,0,0.0,,544,,N,N,N
0061Z0,KR70061Z0009,RISE 단기특수은행채액티브,EF,,0,0,0,N,N,,0,N,N,N,2.0,N,N,,,,,N,,,0,,,Y,,,,,,51155,1,1,N,N,N,0,N,N,N,0,0,0,50,Y,90,629,0,20250624,13322,0,12.0,,0,,N,N,N,0,0,0,0,0.0,,6814,,N,N,N
006200,KR7006200000,한국전자홀딩스,ST,3.0,21,0,0,,N,N,0,N,N,N,,N,N,N,N,N,N,N,N,N,0,N,N,N,N,N,N,N,N,1629,1,1,N,N,Y,0,N,N,N,0,0,0,100,N,90,43891,2500,19791130,9360,23401567500,12.0,,0,,N,N,Y,1583,-52,-45,-50,-2.32,20260630.0,152,,N,N,N
006220,KR7006220008,제주은행,ST,3.0,21,0,0,,N,N,0,N,N,Y,,N,N,N,N,N,Y,N,N,N,0,N,N,N,N,N,N,N,N,9640,1,1,N,N,N,0,N,N,N,0,0,0,50,Y,90,43762,5000,19721228,37798,188992785000,12.0,,0,,N,N,Y,1913,59,107,90,2.29,20260630.0,3643,,N,N,Y
006260,KR7006260004,LS,ST,1.0,21,0,0,,N,N,9,N,N,Y,,N,Y,N,N,N,N,N,N,N,0,N,N,N,N,Y,N,N,N,280000,1,1,N,N,N,0,N,N,N,0,0,0,40,Y,90,330540,5000,19770630,31200,161000000000,12.0,,0,,N,Y,Y,205280,10610,7292,5386,8.43,20260630.0,87360,FN2,N,N,Y
006280,KR7006280002,녹십자,ST,2.0,27,9,0,,N,N,A,N,N,Y,,N,N,N,N,Y,N,N,N,N,0,N,N,N,N,N,N,N,N,130500,1,1,N,N,N,0,N,N,N,0,0,0,40,Y,90,26923,5000,19890801,11686,58432690000,12.0,,0,,N,Y,Y,8567,135,270,212,-3.97,20260630.0,15250,,N,N,N
006340,KR7006340004,대원전선,ST,2.0,27,13,0,,N,N,0,N,N,N,,N,N,N,N,N,N,N,N,N,0,N,N,N,N,N,N,N,N,12950,1,1,N,N,N,0,N,N,N,0,0,0,40,Y,90,2349036,500,19880504,78414,39207208000,12.0,,0,,N,N,Y,4673,184,182,147,9.61,20260630.0,10154,,N,N,Y
006345,KR7006341002,대원전선우,ST,0.0,27,13,0,,N,N,0,N,N,N,,N,N,N,N,N,N,N,N,N,0,N,N,N,N,N,N,N,N,9860,1,1,N,N,N,0,N,N,N,0,0,0,100,N,90,31911,500,19890621,2621,1310600000,12.0,,1,,N,N,N,0,0,0,0,0.0,,258,,N,N,N
006360,KR7006360002,GS건설,ST,2.0,18,0,0,,N,N,0,N,N,Y,,N,N,N,N,N,N,N,N,N,0,N,Y,N,N,N,N,N,Y,32850,1,1,N,N,N,0,N,N,N,0,0,0,40,Y,90,699214,5000,19810803,85581,427907450000,12.0,,0,,N,Y,Y,51799,1648,1106,251,2.8,20260630.0,28113,FN4,N,N,Y
006370,KR7006370001,대구백화점,ST,3.0,16,0,0,,N,N,0,N,N,N,,N,N,N,N,N,N,N,N,N,0,N,N,N,N,N,N,N,N,2990,1,1,N,N,N,0,N,N,N,0,0,0,100,N,90,52879,5000,19881010,10821,54108055000,12.0,,0,,N,N,Y,243,-77,-158,-157,-23.89,20260630.0,323,,N,N,N
006400,KR7006400006,삼성SDI,ST,1.0,27,13,0,,N,N,5,Y,Y,Y,,Y,Y,N,N,N,N,N,N,N,0,N,N,N,N,N,N,N,Y,562000,1,1,N,N,N,0,N,N,N,0,0,0,40,Y,90,341875,5000,19790227,80585,407577650000,12.0,,0,,N,Y,Y,73452,-1399,4358,5277,0.17,20260630.0,452890,511,N,N,Y
006405,KR7006401004,삼성SDI우,ST,0.0,27,13,0,,N,N,0,N,N,N,,N,N,N,N,N,N,N,N,N,0,N,N,N,N,N,N,N,N,221500,1,1,N,N,N,0,N,N,N,0,0,0,40,Y,90,4907,5000,19891124,1617,8239480000,12.0,,1,,N,N,N,0,0,0,0,0.0,,3583,,N,N,N
006490,KR7006490007,프리티,ST,3.0,20,0,0,,N,N,0,N,N,N,,N,N,N,N,N,N,N,N,N,0,N,N,N,N,N,N,N,N,1461,1,1,N,N,Y,0,N,N,N,0,0,0,100,N,90,37077,2500,19850117,17746,44365832500,12.0,,0,,N,N,Y,490,-28,-48,-47,-75.62,20260630.0,259,,N,N,N
0064K0,KR70064K0003,KODEX 금액티브,EF,,0,0,0,N,N,,0,N,N,N,2.0,N,N,,,,,N,,,0,,,Y,,,,,,11585,1,1,N,N,N,0,N,N,N,0,0,0,100,N,90,51940,0,20250617,13100,0,12.0,,0,,N,N,N,0,0,0,0,0.0,,1517,,N,N,N
006570,KR7006570006,대림통상,ST,3.0,27,11,0,,N,N,0,N,N,N,,N,N,N,N,N,N,N,N,N,0,N,N,N,N,N,N,N,N,1837,1,1,N,N,N,0,N,N,N,0,0,0,100,N,90,7205,1000,19751120,15225,16425000000,12.0,,0,,N,N,Y,684,-26,-33,-33,-31.52,20260630.0,279,,N,N,N
0065G0,KR70065G0008,KODEX 차이나테크TOP10,EF,,0,0,0,N,N,,0,N,N,N,2.0,N,N,,,,,N,,,0,,,Y,,,,,,7795,1,1,N,N,N,0,N,N,N,0,0,0,100,N,90,5393,0,20250617,2150,0,12.0,,0,,N,N,N,0,0,0,0,0.0,,167,,N,N,N
006650,KR7006650006,대한유화,ST,2.0,27,8,0,,N,N,4,N,N,Y,,N,N,N,N,N,N,N,Y,N,0,N,N,N,N,N,N,N,N,90600,1,1,N,N,N,0,N,N,N,0,0,0,40,Y,90,41355,5000,19990811,6500,41000000000,12.0,,0,,N,N,Y,18034,697,818,658,4.0,20260630.0,5889,,N,N,N
006660,KR7006660005,삼성공조,ST,3.0,27,15,0,,N,N,0,N,N,N,,N,N,N,N,N,N,N,N,N,0,N,N,N,N,N,N,N,N,13030,1,1,N,N,N,0,N,N,N,0,0,0,100,N,90,124387,500,19871128,8126,4063157000,12.0,,0,,N,N,Y,586,41,116,93,3.93,20260630.0,1058,,N,N,N
0066W0,KR70066W0007,SOL 국제금,EF,,0,0,0,N,N,,0,N,N,N,2.0,N,N,,,,,N,,,0,,,Y,,,,,,11720,1,1,N,N,N,0,N,N,N,0,0,0,100,N,90,55810,0,20250617,7350,0,12.0,,0,,N,N,N,0,0,0,0,0.0,,861,,N,N,N
006740,KR7006740005,블루산업개발,ST,3.0,27,7,0,,N,N,0,N,N,N,,N,N,N,N,N,N,N,N,N,0,N,N,N,N,N,N,N,N,4450,1,1,N,N,N,0,N,N,N,0,0,0,100,N,90,46386,500,19960703,5950,4132398500,12.0,,0,,N,N,Y,527,3,-26,-30,-21.77,20260630.0,264,,N,N,N
0067V0,KR70067V0007,TIGER 차이나글로벌리더스TOP3+,EF,,0,0,0,N,N,,0,N,N,N,2.0,N,N,,,,,N,,,0,,,Y,,,,,,8660,1,1,N,N,N,0,N,N,N,0,0,0,100,N,90,594,0,20250617,2200,0,12.0,,0,,N,N,N,0,0,0,0,0.0,,190,,N,N,N
0067Y0,KR70067Y0004,TIGER 차이나AI소프트웨어,EF,,0,0,0,N,N,,0,N,N,N,2.0,N,N,,,,,N,,,0,,,Y,,,,,,9035,1,1,N,N,N,0,N,N,N,0,0,0,100,N,90,8600,0,20250617,900,0,12.0,,0,,N,N,N,0,0,0,0,0.0,,81,,N,N,N
006800,KR7006800007,미래에셋증권,ST,1.0,21,24,0,,N,Y,6,Y,Y,Y,,Y,Y,N,N,N,N,N,N,N,0,N,N,N,Y,N,N,N,Y,30500,1,1,N,N,N,0,N,N,N,0,0,0,40,Y,90,1094459,5000,19750930,543021,3352834400000,12.0,,0,,N,Y,Y,360601,38649,38863,29072,26.89,20260630.0,165621,FB2,N,N,Y
006805,KR7006801005,미래에셋증권우,ST,0.0,21,24,0,,N,N,0,N,N,N,,N,N,N,N,N,N,N,N,N,0,N,N,N,N,N,N,N,N,10960,1,1,N,N,N,0,N,N,N,0,0,0,100,N,90,29407,5000,19890408,13454,70378750000,12.0,,1,,N,N,N,0,0,0,0,0.0,,1474,,N,N,N
00680K,KR700680K019,미래에셋증권2우B,ST,0.0,21,24,0,,N,,0,N,N,N,,N,N,,,,,N,,,0,,,N,,,,,,9980,1,1,N,N,N,0,N,N,N,0,0,0,40,Y,90,312384,5000,20180314,127271,700000000000,12.0,,2,,N,N,N,0,0,0,0,0.0,,12701,,N,N,N
006840,KR7006840003,AK홀딩스,ST,3.0,21,0,0,,N,N,0,N,N,Y,,N,N,N,N,N,N,N,Y,N,0,N,N,N,N,N,N,N,N,6790,1,1,N,N,N,0,N,N,N,0,0,0,100,N,90,2814,5000,19990811,13247,66237805000,12.0,,0,,N,N,Y,19632,663,-521,1162,3.18,20260630.0,899,615,N,N,N
006880,KR7006880009,신송홀딩스,ST,3.0,16,0,0,,N,N,0,N,N,N,,N,N,N,N,N,N,N,N,N,0,N,N,N,N,N,N,N,N,4250,1,1,N,N,N,0,N,N,N,0,0,0,100,N,90,14566,500,20131121,11828,5914429000,12.0,,0,,N,N,Y,918,43,34,28,6.73,20260630.0,502,,N,N,N
006890,KR7006890008,태경케미컬,ST,3.0,27,8,0,,N,N,0,N,N,N,,N,N,N,N,N,N,N,N,N,0,N,N,N,N,N,N,N,N,4850,1,1,N,N,N,0,N,N,N,0,0,0,100,N,90,15055,500,20030128,11600,5800000000,12.0,,0,,N,N,Y,261,-25,13,21,4.23,20260630.0,562,,N,N,N
0068M0,KR70068M0007,KODEX 미국S&P500버퍼6월액티브,EF,,0,0,0,N,N,,0,N,N,N,2.0,N,N,,,,,N,,,0,,,Y,,,,,,11630,1,1,N,N,N,0,N,N,N,0,0,0,100,N,90,261,0,20250624,900,0,6.0,,0,,N,N,N,0,0,0,0,0.0,,104,,N,N,N
006980,KR7006980007,우성,ST,3.0,27,5,0,,N,N,0,N,N,N,,N,N,N,N,N,N,N,N,N,0,N,N,N,N,N,N,N,N,16630,1,1,N,N,N,0,N,N,N,0,0,0,100,N,90,582,5000,19881010,3090,15450000000,12.0,,0,,N,N,Y,3126,16,-76,-63,0.69,20260630.0,513,,N,N,N
0069M0,KR70069M0006,1Q 미국나스닥100,EF,,0,0,0,N,N,,0,N,N,N,2.0,N,N,,,,,N,,,0,,,Y,,,,,,13850,1,1,N,N,N,0,N,N,N,0,0,0,100,N,90,302056,0,20250624,14800,0,12.0,,0,,N,N,N,0,0,0,0,0.0,,2049,,N,N,N
007070,KR7007070006,GS리테일,ST,2.0,16,0,0,,N,N,7,N,N,Y,,N,N,N,N,N,N,N,N,N,0,N,N,N,N,N,N,N,N,22450,1,1,N,N,N,0,N,N,N,0,0,0,40,Y,90,60980,1000,20111223,83607,83607415000,12.0,,0,,N,Y,Y,60300,1677,1498,1072,3.96,20260630.0,18769,FN4,N,N,N
007110,KR7007110000,일신석재,ST,3.0,16,0,0,,N,N,0,N,N,N,,N,N,N,N,N,N,N,N,N,0,N,N,N,N,N,N,N,N,2505,1,1,N,N,Y,0,N,N,N,0,0,0,100,N,90,78908,2500,19860304,15491,38728305000,12.0,,0,,N,N,Y,787,38,22,14,2.45,20241231.0,388,,N,N,N
007120,KR7007120009,미래아이앤지,ST,3.0,29,0,0,,N,N,0,N,N,N,,N,N,N,N,N,N,N,N,N,0,N,N,N,N,N,N,N,N,980,1,1,N,N,N,0,N,N,N,0,0,0,100,N,90,41017,500,19991126,27323,14439304000,12.0,,0,,N,N,Y,117,20,-61,-80,-14.73,20241231.0,267,,N,N,N
007160,KR7007160005,사조산업,ST,3.0,27,5,0,,N,N,0,N,N,N,,N,N,N,N,N,N,N,N,N,0,N,N,N,N,N,N,N,N,47900,1,1,N,N,N,0,N,N,N,0,0,0,50,Y,90,3138,5000,19890725,5000,25000000000,12.0,,0,,N,N,Y,3300,210,-488,-481,-18.97,20260630.0,2395,144,N,N,N
007210,KR7007210008,벽산,ST,3.0,27,10,0,,N,N,0,N,N,Y,,N,N,N,N,N,N,N,N,N,0,N,Y,N,N,N,N,N,N,1464,1,1,N,N,N,0,N,N,N,0,0,0,100,N,90,99792,500,19720104,65360,34280000000,12.0,,0,,N,N,Y,3018,145,121,92,4.7,20260630.0,956,,N,N,N
007280,KR7007280001,한국특강,ST,3.0,27,11,0,,N,N,0,N,N,N,,N,N,N,N,N,N,N,N,N,0,N,N,N,N,N,N,N,N,2265,1,1,N,N,N,0,N,N,N,0,0,0,100,N,90,44463,1000,19891113,28646,30406655000,12.0,,0,,N,N,Y,7688,106,-20,-29,-1.3,20241231.0,648,,N,N,N
0072R0,KR70072R0006,TIGER KRX금현물,EF,,0,0,0,N,N,,0,N,N,N,2.0,N,N,,,,,N,,,0,,,Y,,,,,,11900,1,1,N,N,N,0,N,N,N,0,0,0,100,N,90,979671,0,20250624,93550,0,12.0,,0,,N,N,N,0,0,0,0,0.0,,11132,,N,N,N
007310,KR7007310006,오뚜기,ST,2.0,27,5,0,,N,N,7,N,N,N,,N,N,N,N,N,N,N,N,N,0,N,N,N,N,N,N,N,N,315000,1,1,N,N,N,0,N,N,N,0,0,0,40,Y,90,2440,5000,19940812,4007,20039150000,12.0,,0,,N,N,Y,18990,1046,927,683,3.48,20260630.0,12624,,N,N,N
007340,KR7007340003,DN오토모티브,ST,2.0,27,13,0,,N,N,8,N,N,Y,,N,N,Y,N,N,N,N,N,N,0,N,N,N,N,N,N,N,N,49050,1,1,N,N,N,0,N,N,N,0,0,0,40,Y,90,96453,100,19880924,58510,6056496500,12.0,,0,,N,Y,Y,22670,3501,3548,2571,18.47,20260630.0,28699,LD5,N,N,Y
0073X0,KR70073X0007,FOCUS 알리바바미국채커버드콜혼합,EF,,0,0,0,N,N,,0,N,N,N,2.0,N,N,,,,,N,,,0,,,Y,,,,,,8200,1,1,N,N,N,0,N,N,N,0,0,0,100,N,90,492,0,20250701,550,0,12.0,,0,,N,N,N,0,0,0,0,0.0,,45,,N,N,N
007460,KR7007460009,에이프로젠,ST,3.0,27,9,0,,N,N,0,N,N,N,,N,N,N,N,N,N,N,N,N,0,N,N,N,N,N,N,N,N,2160,1,1,N,N,N,0,N,N,N,0,0,0,100,N,90,617191,500,19950708,25650,12825007500,12.0,,0,,N,N,Y,718,-430,-667,-704,-82.23,20260630.0,554,,N,N,N
0074K0,KR70074K0001,KoAct K수출핵심기업TOP30액티브,EF,,0,0,0,N,N,,0,N,N,N,2.0,N,N,,,,,N,,,0,,,Y,,,,,,17450,1,1,N,N,N,0,N,N,N,0,0,0,100,N,90,37984,0,20250708,7250,0,12.0,,0,,N,N,N,0,0,0,0,0.0,,1265,,N,N,N
007540,KR7007540008,샘표,ST,3.0,21,0,0,,N,N,0,N,N,N,,N,N,N,N,N,N,N,N,N,0,N,N,N,N,N,N,N,N,47000,1,1,N,N,N,0,N,N,N,0,0,0,100,N,90,9408,1000,19760629,2015,2875800000,12.0,,0,,N,N,Y,2038,110,162,107,4.28,20260630.0,947,,N,N,N
007570,KR7007570005,일양약품,ST,3.0,27,9,0,,N,N,0,N,N,Y,,N,N,N,N,Y,N,N,N,N,0,N,N,N,N,N,N,N,N,8100,1,1,N,N,N,0,N,Y,N,0,0,0,100,N,90,24989,2500,19740828,19085,47714160000,12.0,,0,,N,N,Y,1302,-141,129,146,7.07,20260630.0,1545,,N,N,N
007575,KR7007571003,일양약품우,ST,0.0,27,9,0,,Y,N,0,N,N,N,,N,N,N,N,N,N,N,N,N,0,N,N,N,N,N,N,N,N,7890,1,1,N,N,N,0,N,Y,N,0,0,0,100,N,90,526,2500,19891221,445,1112700000,12.0,,1,,N,N,N,0,0,0,0,0.0,,35,,N,N,N
007590,KR7007590003,동방아그로,ST,3.0,27,8,0,,N,N,0,N,N,N,,N,N,N,N,N,N,N,N,N,0,N,N,N,N,N,N,N,N,5540,1,1,N,N,N,0,N,N,N,0,0,0,100,N,90,1572,500,19770629,13617,6808788500,12.0,,0,,N,N,Y,1533,193,190,145,5.06,20260630.0,754,,N,N,N
007610,KR7007610009,선도전기,ST,3.0,27,13,0,,N,N,0,N,N,N,,N,N,N,N,N,N,N,N,N,0,N,N,N,N,N,N,N,N,4240,1,1,N,N,N,0,N,N,N,0,0,0,100,N,90,515188,500,19891130,18000,9000000000,12.0,,0,,N,N,Y,81,-15,-22,-22,-3.98,20260630.0,763,,N,N,N
007660,KR7007660004,이수페타시스,ST,1.0,27,13,0,,N,N,5,N,N,Y,,Y,Y,N,N,N,N,N,N,N,0,N,N,N,N,N,N,N,N,122000,1,1,N,N,N,0,N,N,N,0,0,0,40,Y,90,1381280,1000,20031007,73409,73409219000,12.0,,0,,N,Y,Y,7202,1443,1412,1102,26.37,20260630.0,89559,,N,N,Y
007690,KR7007690001,국도화학,ST,3.0,27,8,0,,N,N,0,N,N,Y,,N,N,N,N,N,N,N,Y,N,0,N,N,N,N,N,N,N,N,38600,1,1,N,N,N,0,N,N,N,0,0,0,50,Y,90,3494,5000,19890805,9260,46304160000,12.0,,0,,N,N,Y,9482,583,584,454,6.04,20260630.0,3574,,N,N,N
007700,KR7007700008,F&F홀딩스,ST,2.0,21,0,0,,N,N,0,N,N,N,,N,N,N,N,N,N,N,N,N,0,N,N,N,N,N,N,N,N,13470,1,1,N,N,N,0,N,N,N,0,0,0,40,Y,90,3315,500,19841004,39114,19557183500,12.0,,0,,N,N,Y,9607,2229,3123,2255,7.15,20260630.0,5268,,N,N,N
007810,KR7007810005,코리아써키트,ST,2.0,27,13,0,,N,N,0,N,N,Y,,N,N,N,N,N,N,N,N,N,0,N,N,N,N,N,N,N,N,88400,1,1,N,N,N,0,N,N,N,0,0,0,40,Y,90,720927,500,19850909,23982,11991312000,12.0,,0,,N,Y,Y,8271,457,563,478,20.32,20260630.0,21200,632,N,N,N
007815,KR7007811003,코리아써우,ST,0.0,27,13,0,,Y,N,0,N,N,N,,N,N,N,N,N,N,N,N,N,0,N,N,N,N,N,N,N,N,22150,1,1,N,N,N,0,N,N,N,0,0,0,100,N,90,593,500,19890704,2964,1482345000,12.0,,1,,N,N,N,0,0,0,0,0.0,,656,,N,N,N
00781K,KR700781K015,코리아써키트2우B,ST,0.0,27,13,0,,Y,N,0,N,N,N,,N,N,N,N,N,N,N,N,N,0,N,N,N,N,N,N,N,N,16120,1,1,N,N,N,0,N,N,N,0,0,0,100,N,90,321,500,20130617,783,391849500,12.0,,9,,N,N,N,0,0,0,0,0.0,,126,,N,N,N
007860,KR7007860000,서연,ST,3.0,21,0,0,,N,N,0,N,N,N,,N,N,N,N,N,N,N,N,N,0,N,N,N,N,N,N,N,N,7490,1,1,N,N,N,0,N,N,N,0,0,0,60,Y,90,14892,500,19890909,23479,11739922000,12.0,,0,,N,N,Y,26407,1194,1471,1000,10.17,20260630.0,1758,,N,N,N
0078V0,KR70078V0004,PLUS 미국로보택시,EF,,0,0,0,N,N,,0,N,N,N,2.0,N,N,,,,,N,,,0,,,Y,,,,,,8670,1,1,N,N,N,0,N,N,N,0,0,0,100,N,90,813,0,20250722,500,0,12.0,,0,,N,N,N,0,0,0,0,0.0,,43,,N,N,N
007980,KR7007980006,TP,ST,3.0,27,6,0,,N,N,0,N,N,N,,N,N,N,N,N,N,N,N,N,0,N,N,N,N,N,N,N,N,1784,1,1,N,N,N,0,N,N,N,0,0,0,100,N,90,457985,500,19941227,46897,26468642500,12.0,,0,,N,N,Y,5233,287,231,166,13.19,20260630.0,836,,N,N,N
0079X0,KR70079X0001,ACE BYD밸류체인액티브,EF,,0,0,0,N,N,,0,N,N,N,2.0,N,N,,,,,N,,,0,,,Y,,,,,,8900,1,1,N,N,N,0,N,N,N,0,0,0,100,N,90,7330,0,20250715,350,0,12.0,,0,,N,N,N,0,0,0,0,0.0,,31,,N,N,N
008040,KR7008040008,사조동아원,ST,3.0,27,5,0,,N,N,0,N,N,N,,N,N,N,N,N,N,N,N,N,0,N,N,N,N,N,N,N,N,7860,1,1,N,N,N,0,N,N,N,0,0,0,100,N,90,32956,5000,19890624,14114,70572300000,12.0,,0,,N,N,Y,6781,500,341,243,9.45,20241231.0,1109,144,N,N,N
008060,KR7008060006,대덕,ST,2.0,21,0,0,,N,N,0,N,N,N,,N,N,N,N,N,N,N,N,N,0,N,N,N,N,N,N,N,N,16330,1,1,N,N,N,0,N,N,N,0,0,0,40,Y,90,74767,500,19890126,31287,16945075000,12.0,,0,,N,N,Y,9241,1207,1432,1091,6.23,20260630.0,5109,,N,N,N
00806K,KR700806K010,대덕1우,ST,0.0,21,0,0,,N,,0,N,N,N,,N,N,,,,,N,,,0,,,N,,,,,,10950,1,1,N,N,N,0,N,N,N,0,0,0,100,N,90,1774,500,20181219,1212,606178500,12.0,,9,,N,N,N,0,0,0,0,0.0,,132,,N,N,N
0080G0,KR70080G0009,KODEX 방산TOP10,EF,,0,0,0,N,N,,0,N,N,N,2.0,N,N,,,,,N,,,0,,,Y,,,,,,9535,1,1,N,N,N,0,N,N,N,0,0,0,100,N,90,3022919,0,20250715,34500,0,12.0,,0,,N,N,N,0,0,0,0,0.0,,3289,,N,N,N
0080X0,KR70080X0008,SOL 미국S&P500미국채혼합50,EF,,0,0,0,N,N,,0,N,N,N,2.0,N,N,,,,,N,,,0,,,Y,,,,,,10600,1,1,N,N,N,0,N,N,N,0,0,0,100,N,90,33366,0,20250715,7000,0,12.0,,0,,N,N,N,0,0,0,0,0.0,,742,,N,N,N
0080Y0,KR70080Y0007,SOL 조선TOP3플러스레버리지,EF,,0,0,0,N,N,,0,N,N,N,2.0,N,N,,,,,N,,,0,,,N,,,,,,6875,1,1,N,N,N,0,N,N,N,0,0,0,100,N,90,680229,0,20250715,13400,0,12.0,,0,,N,N,N,0,0,0,0,0.0,,921,,N,N,N
008250,KR7008250003,이건산업,ST,3.0,27,7,0,,N,N,0,N,N,N,,N,N,N,N,N,N,N,N,N,0,N,N,N,N,N,N,N,N,3275,1,1,N,N,N,0,N,N,N,0,0,0,100,N,90,59608,5000,19881021,10952,54763175000,12.0,,0,,N,N,Y,1298,26,2,-5,-6.64,20260630.0,358,,N,N,N
008260,KR7008260002,NI스틸,ST,3.0,27,11,0,,N,N,0,N,N,N,,N,N,N,N,N,N,N,N,N,0,N,N,N,N,N,N,N,N,3200,1,1,N,N,N,0,N,N,N,0,0,0,100,N,90,52071,500,19750628,28600,14300058500,12.0,,0,,N,N,Y,2753,371,331,257,10.53,20241231.0,915,,N,N,N
0082F0,KR70082F0008,HANARO 유럽방산,EF,,0,0,0,N,N,,0,N,N,N,2.0,N,N,,,,,N,,,0,,,Y,,,,,,9265,1,1,N,N,N,0,N,N,N,0,0,0,100,N,90,2052,0,20250729,700,0,12.0,,0,,N,N,N,0,0,0,0,0.0,,64,,N,N,N
0082V0,KR70082V0008,KODEX TDF2060액티브 적격,EF,,0,0,0,N,N,,0,N,N,N,2.0,N,N,,,,,N,,,0,,,Y,,,,,,11220,1,1,N,N,N,0,N,N,N,0,0,0,100,N,90,54568,0,20250722,16900,0,12.0,,0,,N,N,N,0,0,0,0,0.0,,1896,,N,N,N
008350,KR7008350001,남선알미늄,ST,3.0,27,11,0,,N,N,0,N,N,N,,N,N,N,N,N,N,N,N,N,0,N,N,N,N,N,N,N,N,1073,1,1,N,N,N,0,N,N,N,0,0,0,100,N,90,608472,500,19780522,129079,64539545000,12.0,,0,,N,N,Y,1459,-27,-25,-19,-3.82,20260630.0,1385,LB8,N,N,N
008355,KR7008351009,남선알미우,ST,0.0,27,11,0,,Y,N,0,N,N,N,,N,N,N,N,N,N,N,N,N,0,N,N,N,N,N,N,N,N,7180,1,1,N,N,N,0,N,N,N,0,0,0,100,N,90,288,500,19891223,307,153945000,12.0,,1,,N,N,N,0,0,0,0,0.0,,22,,N,N,N
0083S0,KR70083S0002,1Q 미국메디컬AI,EF,,0,0,0,N,N,,0,N,N,N,2.0,N,N,,,,,N,,,0,,,Y,,,,,,11290,1,1,N,N,N,0,N,N,N,0,0,0,100,N,90,144789,0,20250722,2600,0,12.0,,0,,N,N,N,0,0,0,0,0.0,,293,,N,N,N
008420,KR7008420002,문배철강,ST,3.0,27,11,0,,N,N,0,N,N,N,,N,N,N,N,N,N,N,N,N,0,N,N,N,N,N,N,N,N,2065,1,1,N,N,N,0,N,N,N,0,0,0,100,N,90,42872,500,19941105,20503,10251752500,12.0,,0,,N,N,Y,1402,-21,59,66,3.58,20241231.0,423,,N,N,N
008490,KR7008490005,서흥,ST,3.0,27,8,0,,N,N,0,N,N,N,,N,N,N,N,N,N,N,N,N,0,N,N,N,N,N,N,N,N,20900,1,1,N,N,N,0,N,N,N,0,0,0,40,Y,90,18456,500,19900327,11569,6084556500,12.0,,0,,N,N,Y,4145,437,417,311,7.92,20260630.0,2417,,N,N,N
0084D0,KR70084D0008,KIWOOM 미국테크100월간목표헤지액티브,EF,,0,0,0,N,N,,0,N,N,N,2.0,N,N,,,,,N,,,0,,,Y,,,,,,11275,1,1,N,N,N,0,N,N,N,0,0,0,100,N,90,227,0,20250722,800,0,12.0,,0,,N,N,N,0,0,0,0,0.0,,90,,N,N,N
0084E0,KR70084E0007,KIWOOM 미국대형주500월간목표헤지액티브,EF,,0,0,0,N,N,,0,N,N,N,2.0,N,N,,,,,N,,,0,,,Y,,,,,,9935,1,1,N,N,N,0,N,N,N,0,0,0,100,N,90,68,0,20251021,1450,0,12.0,,0,,N,N,N,0,0,0,0,0.0,,144,,N,N,N
0085N0,KR70085N0005,ACE 미국10년국채액티브(H),EF,,0,0,0,N,N,,0,N,N,N,2.0,N,N,,,,,N,,,0,,,Y,,,,,,9380,1,1,N,N,N,0,N,N,N,0,0,0,100,N,90,141100,0,20250722,3700,0,12.0,,0,,N,N,N,0,0,0,0,0.0,,347,,N,N,N
0085P0,KR70085P0003,ACE 미국10년국채액티브,EF,,0,0,0,N,N,,0,N,N,N,2.0,N,N,,,,,N,,,0,,,Y,,,,,,9175,1,1,N,N,N,0,N,N,N,0,0,0,100,N,90,430693,0,20250722,13800,0,12.0,,0,,N,N,N,0,0,0,0,0.0,,1266,,N,N,N
008600,KR7008600009,윌비스,ST,3.0,16,0,0,,N,N,0,N,N,N,,N,N,N,N,N,N,N,N,N,0,N,N,N,N,N,N,N,N,2620,1,1,Y,N,Y,0,N,N,N,0,0,0,100,N,90,0,1000,19890728,6723,7288217000,12.0,,0,,N,N,Y,861,-313,-395,-391,-153.82,20260630.0,176,,N,N,N
0086B0,KR70086B0008,TIGER 리츠부동산인프라TOP10액티브,EF,,0,0,0,N,N,,0,N,N,N,2.0,N,N,,,,,N,,,0,,,Y,,,,,,9510,1,1,N,N,N,0,N,N,N,0,0,0,100,N,90,40985,0,20250729,4900,0,12.0,,0,,N,N,N,0,0,0,0,0.0,,465,,N,N,N
0086C0,KR70086C0007,TIGER 리츠부동산인프라10채권혼합액티브,EF,,0,0,0,N,N,,0,N,N,N,2.0,N,N,,,,,N,,,0,,,Y,,,,,,9825,1,1,N,N,N,0,N,N,N,0,0,0,100,N,90,1151,0,20250729,1750,0,12.0,,0,,N,N,N,0,0,0,0,0.0,,171,,N,N,N
008700,KR7008700007,아남전자,ST,3.0,27,13,0,,N,N,0,N,N,N,,N,N,N,N,N,N,N,N,N,0,N,N,N,N,N,N,N,N,1244,1,1,N,N,N,0,N,N,N,0,0,0,100,N,90,126291,500,19840811,77124,38562410000,12.0,,0,,N,N,Y,964,-27,-27,-25,-0.25,20260630.0,959,,N,N,N
008730,KR7008730004,율촌화학,ST,3.0,27,8,0,,N,N,3,N,N,N,,N,N,N,N,N,N,N,N,N,0,N,N,N,N,N,N,N,N,15780,1,1,N,N,N,0,N,N,N,0,0,0,100,N,90,51299,500,19880830,24800,14776380000,12.0,,0,,N,N,Y,2833,101,102,73,1.71,20260630.0,3913,LC8,N,N,N
008770,KR7008770000,호텔신라,ST,2.0,16,0,0,,N,N,8,N,N,Y,,N,N,N,N,N,N,N,N,N,0,N,N,N,N,N,N,N,N,39400,1,1,N,N,N,0,N,N,N,0,0,0,50,Y,90,152137,5000,19910312,39248,196240605000,12.0,,0,,N,Y,Y,20253,816,510,274,-11.48,20260630.0,15463,511,N,N,Y
008775,KR7008771008,호텔신라우,ST,0.0,16,0,0,,N,N,0,N,N,N,,N,N,N,N,N,N,N,N,N,0,N,N,N,N,N,N,N,N,27750,1,1,N,N,N,0,N,N,N,0,0,0,100,N,90,822,5000,19910809,751,3759395000,12.0,,1,,N,N,N,0,0,0,0,0.0,,208,,N,N,N
0087F0,KR70087F0003,ACE 차이나AI빅테크TOP2+액티브,EF,,0,0,0,N,N,,0,N,N,N,2.0,N,N,,,,,N,,,0,,,Y,,,,,,10440,1,1,N,N,N,0,N,N,N,0,0,0,100,N,90,2005,0,20250729,500,0,12.0,,0,,N,N,N,0,0,0,0,0.0,,52,,N,N,N
008870,KR7008870008,금비,ST,3.0,27,10,0,,N,N,0,N,N,N,,N,N,N,N,N,N,N,N,N,0,N,N,N,N,N,N,N,N,38700,1,1,N,N,N,0,N,N,N,0,0,0,100,N,90,53,5000,19900608,1000,5000000000,9.0,,0,,N,N,Y,1820,6,12,2,-0.07,20260630.0,387,,N,N,N
0088N0,KR70088N0002,WON K-글로벌수급상위,EF,,0,0,0,N,N,,0,N,N,N,2.0,N,N,,,,,N,,,0,,,Y,,,,,,11675,1,1,N,N,N,0,N,N,N,0,0,0,100,N,90,3753,0,20250812,1250,0,12.0,,0,,N,N,N,0,0,0,0,0.0,,145,,N,N,N
008930,KR7008930000,한미사이언스,ST,2.0,21,0,0,,N,N,A,N,N,Y,,N,N,N,N,Y,N,N,N,N,0,N,N,N,N,N,N,N,N,58100,1,1,N,N,N,0,N,N,N,0,0,0,40,Y,90,702637,500,19880620,68391,34978470000,12.0,,0,,N,Y,Y,7216,330,1020,860,15.61,20260630.0,39735,,N,N,Y
008970,KR7008970006,KBI동양철관,ST,3.0,27,11,0,,N,N,0,N,N,N,,N,N,N,N,N,N,N,N,N,0,N,N,N,N,N,N,N,N,1414,1,1,N,N,N,0,N,N,N,0,0,0,100,N,90,2453053,1000,19770305,103766,103766907000,12.0,,0,,N,N,Y,1273,41,-6,-6,-3.48,20260630.0,1467,,N,N,N
0089B0,KR70089B0005,PLUS 미국나스닥100미국채혼합50,EF,,0,0,0,N,N,,0,N,N,N,2.0,N,N,,,,,N,,,0,,,Y,,,,,,11195,1,1,N,N,N,0,N,N,N,0,0,0,100,N,90,4932,0,20250819,2900,0,12.0,,0,,N,N,N,0,0,0,0,0.0,,324,,N,N,N
0089C0,KR70089C0004,KODEX 미국S&P500변동성확대시커버드콜,EF,,0,0,0,N,N,,0,N,N,N,2.0,N,N,,,,,N,,,0,,,Y,,,,,,11265,1,1,N,N,N,0,N,N,N,0,0,0,100,N,90,97,0,20250812,3800,0,12.0,,0,,N,N,N,0,0,0,0,0.0,,428,,N,N,N
0089D0,KR70089D0003,KODEX 금융고배당TOP10,EF,,0,0,0,N,N,,0,N,N,N,2.0,N,N,,,,,N,,,0,,,Y,,,,,,13015,1,1,N,N,N,0,N,N,N,0,0,0,100,N,90,105425,0,20250812,21300,0,12.0,,0,,N,N,N,0,0,0,0,0.0,,2772,,N,N,N
009070,KR7009070004,KCTC,ST,3.0,19,0,0,,N,N,0,N,N,N,,N,N,N,N,N,N,N,N,N,0,N,N,N,N,N,N,N,N,4175,1,1,N,N,N,0,N,N,N,0,0,0,60,Y,90,449028,500,19780929,30000,15000000000,12.0,,0,,N,N,Y,5566,273,233,188,8.97,20260630.0,1252,LD3,N,N,Y
0090B0,KR70090B0002,PLUS K방산소부장,EF,,0,0,0,N,N,,0,N,N,N,2.0,N,N,,,,,N,,,0,,,Y,,,,,,7205,1,1,N,N,N,0,N,N,N,0,0,0,100,N,90,91382,0,20250826,1950,0,12.0,,0,,N,N,N,0,0,0,0,0.0,,140,,N,N,N
009140,KR7009140005,케이아이이,ST,3.0,27,13,0,,N,N,0,N,N,N,,N,N,N,N,N,N,N,N,N,0,N,N,N,N,N,N,N,N,23750,1,1,N,N,N,0,N,N,N,0,0,0,100,N,90,21518,5000,19890620,1570,7853985000,12.0,,0,,N,N,Y,228,13,47,42,8.23,20260630.0,373,,N,N,N
009150,KR7009150004,삼성전기,ST,1.0,27,13,0,,N,Y,5,Y,Y,Y,,Y,Y,N,N,N,N,N,N,N,0,N,N,N,N,N,N,N,Y,1604000,1,1,N,N,N,0,N,N,N,0,0,0,40,Y,90,597877,5000,19790227,74693,373468480000,12.0,,0,,N,Y,Y,66663,7209,7497,5810,10.6,20260630.0,1198086,511,N,N,Y
009155,KR7009151002,삼성전기우,ST,0.0,27,13,0,,N,N,0,N,N,N,,N,N,N,N,N,N,N,N,N,0,N,N,N,N,N,N,N,N,528000,1,1,N,N,N,2,N,N,N,0,0,0,100,N,90,13219,5000,19891010,2906,14534920000,12.0,,1,,N,N,N,0,0,0,0,0.0,,15348,,N,N,N
009160,KR7009160003,SIMPAC,ST,3.0,27,11,0,,N,N,0,N,N,N,,N,N,N,N,N,N,N,N,N,0,N,N,N,N,N,N,N,N,4915,1,1,N,N,N,0,N,N,N,0,0,0,50,Y,90,39561,500,19890729,65370,32685484000,12.0,,0,,N,N,Y,7765,485,246,188,3.88,20260630.0,3212,,N,N,N
009180,KR7009180001,한솔로지스틱스,ST,3.0,19,0,0,,N,N,0,N,N,N,,N,N,N,N,N,N,N,N,N,0,N,N,N,N,N,N,N,N,2800,1,1,N,N,N,0,N,N,N,0,0,0,100,N,90,9641,500,19891113,28155,14680141000,12.0,,0,,N,N,Y,3477,106,100,76,8.2,20260630.0,788,924,N,N,N
009190,KR7009190000,대양금속,ST,3.0,27,11,0,,N,N,0,N,N,N,,N,N,N,N,N,N,N,N,N,0,N,N,N,N,N,N,N,N,665,1,1,N,N,N,0,N,N,N,0,0,0,100,N,90,13583119,500,19940429,44939,22469587500,12.0,,0,,N,N,Y,1081,30,-4,-4,0.0,20260630.0,298,,N,N,N
0091C0,KR70091C0000,KODEX 미국10년국채액티브(H),EF,,0,0,0,N,N,,0,N,N,N,2.0,N,N,,,,,N,,,0,,,Y,,,,,,9210,1,1,N,N,N,0,N,N,N,0,0,0,100,N,90,73818,0,20250819,20480,0,12.0,,0,,N,N,N,0,0,0,0,0.0,,1886,,N,N,N
0091M0,KR70091M0008,HANARO 27-06 회사채(AA-이상)액티브,EF,,0,0,0,N,N,,0,N,N,N,2.0,N,N,,,,,N,,,0,,,Y,,,,,,10185,1,1,N,N,N,0,N,N,N,0,0,0,100,N,90,7577,0,20250826,12830,0,12.0,,0,,N,N,N,0,0,0,0,0.0,,1306,,N,N,N
0091P0,KR70091P0005,TIGER 코리아원자력,EF,,0,0,0,N,N,,0,N,N,N,2.0,N,N,,,,,N,,,0,,,Y,,,,,,16550,1,1,N,N,N,0,N,N,N,0,0,0,40,Y,90,1990061,0,20250819,35950,0,12.0,,0,,N,N,N,0,0,0,0,0.0,,5949,,N,N,N
009200,KR7009200007,무림페이퍼,ST,3.0,27,7,0,,N,N,0,N,N,N,,N,N,N,N,N,N,N,N,N,0,N,N,N,N,N,N,N,N,1511,1,1,N,N,N,0,N,N,N,0,0,0,100,N,90,13736,2500,19900609,41609,104023275000,12.0,,0,,N,N,Y,6451,282,-707,-660,-15.23,20260630.0,628,,N,N,N
009240,KR7009240003,한샘,ST,2.0,16,0,0,,N,N,8,N,N,N,,N,N,N,N,N,N,N,N,N,0,N,N,N,N,N,N,N,N,40500,1,1,N,N,N,0,N,N,N,0,0,0,40,Y,90,24224,1000,20020716,23533,23533928000,12.0,,0,,N,N,Y,8167,214,108,74,3.01,20260630.0,9531,,N,N,N
009270,KR7009270000,신원,ST,3.0,27,6,0,,N,N,0,N,N,N,,N,N,N,N,N,N,N,N,N,0,N,N,N,N,N,N,N,N,1070,1,1,N,N,N,0,N,N,N,0,0,0,60,Y,90,114448,500,19880824,114770,58652196500,12.0,,0,,N,N,Y,5907,138,49,5,1.97,20260630.0,1228,,N,N,N
009290,KR7009290008,광동제약,ST,3.0,27,9,0,,N,N,0,N,N,Y,,N,N,N,N,Y,N,N,N,N,0,N,N,N,N,N,N,N,N,6900,1,1,N,N,N,0,N,N,N,0,0,0,40,Y,90,287649,1000,19891117,49799,52420851000,12.0,,0,,N,N,Y,8507,103,110,81,3.58,20260630.0,3436,,N,N,N
0092B0,KR70092B0000,SOL 한국원자력SMR,EF,,0,0,0,N,N,,0,N,N,N,2.0,N,N,,,,,N,,,0,,,Y,,,,,,15185,1,1,N,N,N,0,N,N,N,0,0,0,100,N,90,109798,0,20250819,8400,0,12.0,,0,,N,N,N,0,0,0,0,0.0,,1275,,N,N,N
0092C0,KR70092C0009,SOL 27-12 회사채(AA-이상)액티브,EF,,0,0,0,N,N,,0,N,N,N,2.0,N,N,,,,,N,,,0,,,Y,,,,,,50395,1,1,N,N,N,0,N,N,N,0,0,0,100,N,90,4000,0,20250819,4580,0,12.0,,0,,N,N,N,0,0,0,0,0.0,,2308,,N,N,N
009310,KR7009310004,참엔지니어링,ST,3.0,27,12,0,,N,N,0,N,N,N,,N,N,N,N,N,N,N,N,N,0,N,N,N,N,N,N,N,N,5330,1,1,Y,N,N,0,N,N,N,0,0,0,100,N,90,0,500,19871112,4377,2613505500,12.0,,0,,N,N,Y,564,29,25,33,-8.75,20260630.0,233,,N,N,N
009320,KR7009320003,아진전자부품,ST,3.0,27,15,0,,N,N,0,N,N,N,,N,N,N,N,N,N,N,N,N,0,N,N,N,N,N,N,N,N,1003,1,1,N,N,N,0,N,N,N,0,0,0,100,N,90,262758,500,19890825,49299,24649885000,12.0,,0,,N,N,Y,751,15,3,3,4.43,20260630.0,494,,N,N,N
0093A0,KR70093A0000,RISE AI반도체TOP10,EF,,0,0,0,N,N,,0,N,N,N,2.0,N,N,,,,,N,,,0,,,Y,,,,,,37660,1,1,N,N,N,0,N,N,N,0,0,0,100,N,90,109112,0,20250826,5450,0,12.0,,0,,N,N,N,0,0,0,0,0.0,,2052,,N,N,N
0093B0,KR70093B0009,RISE 엔비디아고정테크100,EF,,0,0,0,N,N,,0,N,N,N,2.0,N,N,,,,,N,,,0,,,Y,,,,,,12990,1,1,N,N,N,0,N,N,N,0,0,0,100,N,90,4150,0,20250826,800,0,12.0,,0,,N,N,N,0,0,0,0,0.0,,103,,N,N,N
0093D0,KR70093D0007,KoAct 팔란티어밸류체인액티브,EF,,0,0,0,N,N,,0,N,N,N,2.0,N,N,,,,,N,,,0,,,Y,,,,,,18710,1,1,N,N,N,0,N,N,N,0,0,0,100,N,90,12452,0,20250826,1300,0,12.0,,0,,N,N,N,0,0,0,0,0.0,,243,,N,N,N
009410,KR7009410002,태영건설,ST,3.0,18,0,0,,N,N,0,N,N,Y,,N,N,N,N,N,N,N,N,N,0,N,Y,N,N,N,N,N,N,1624,1,1,N,N,N,0,N,N,N,0,0,0,100,N,90,294744,500,19891113,319453,159726568500,12.0,,0,,N,N,Y,6749,549,-152,-145,33.71,20260630.0,5187,844,N,N,N
009415,KR7009411000,태영건설우,ST,0.0,18,0,0,,N,N,0,N,N,N,,N,N,N,N,N,N,N,N,N,3,N,N,N,N,N,N,N,N,6010,1,1,N,N,N,0,N,N,N,0,0,0,100,N,90,2839,500,19941122,649,324987000,12.0,,1,,N,N,N,0,0,0,0,0.0,,39,,N,N,N
009420,KR7009420001,한올바이오파마,ST,2.0,27,9,0,,N,N,A,N,N,Y,,N,N,N,N,Y,N,N,N,N,0,N,N,N,N,N,N,N,N,45800,1,1,N,N,N,0,N,N,N,0,0,0,40,Y,90,192166,500,19891218,52240,26120319000,12.0,,0,,N,Y,Y,843,64,-209,-190,-15.68,20260630.0,23926,,N,N,Y
009440,KR7009440009,KC그린홀딩스,ST,3.0,21,0,0,,N,N,0,N,N,N,,N,N,N,N,N,N,N,N,N,0,N,N,N,N,N,N,N,N,756,1,1,Y,N,Y,0,N,N,N,0,0,0,100,N,90,0,500,19941105,23239,11619570500,12.0,,0,,N,N,Y,353,14,43,41,-33.38,20260630.0,175,,N,N,N
009450,KR7009450008,경동나비엔,ST,2.0,27,13,0,,N,N,0,N,N,Y,,N,N,N,N,N,N,N,N,N,0,N,Y,N,N,N,N,N,N,61700,1,1,N,N,N,0,N,N,N,0,0,0,40,Y,90,21841,1000,19930831,14568,14568592000,12.0,,0,,N,N,Y,8135,1481,1662,1265,19.41,20260630.0,8988,,N,N,N
009460,KR7009460007,한창제지,ST,3.0,27,7,0,,N,N,0,N,N,N,,N,N,N,N,N,N,N,N,N,0,N,N,N,N,N,N,N,N,2715,1,1,N,N,N,0,N,N,N,0,0,0,100,N,90,7265,2500,19871223,12339,30849215000,12.0,,0,,N,N,Y,2943,11,-66,26,2.85,20241231.0,335,,N,N,N
009470,KR7009470006,삼화전기,ST,3.0,27,13,0,,N,N,0,N,N,N,,N,N,N,N,N,N,N,N,N,0,N,N,N,N,N,N,N,N,26950,1,1,N,N,N,0,N,N,N,0,0,0,60,Y,90,39741,1000,19861124,6613,6613820000,12.0,,0,,N,N,Y,1111,48,36,28,5.9,20260630.0,1782,,N,N,N
0094K0,KR70094K0007,TIGER 28-04 회사채(A+이상)액티브,EF,,0,0,0,N,N,,0,N,N,N,2.0,N,N,,,,,N,,,0,,,Y,,,,,,99800,1,1,N,N,N,0,N,N,N,0,0,0,100,N,90,8336,0,20250826,3232,0,12.0,,0,,N,N,N,0,0,0,0,0.0,,3225,,N,N,N
0094L0,KR70094L0006,RISE 차이나테크TOP10위클리타겟커버드콜,EF,,0,0,0,N,N,,0,N,N,N,2.0,N,N,,,,,N,,,0,,,Y,,,,,,6505,1,1,N,N,N,0,N,N,N,0,0,0,100,N,90,8521,0,20250902,1400,0,12.0,,0,,N,N,N,0,0,0,0,0.0,,91,,N,N,N
0094M0,KR70094M0005,RISE 코리아밸류업위클리고정커버드콜,EF,,0,0,0,N,N,,0,N,N,N,2.0,N,N,,,,,N,,,0,,,Y,,,,,,17130,1,1,N,N,N,0,N,N,N,0,0,0,100,N,90,2257137,0,20250902,23100,0,12.0,,0,,N,N,N,0,0,0,0,0.0,,3957,,N,N,N
0094X0,KR70094X0002,1Q 샤오미밸류체인액티브,EF,,0,0,0,N,N,,0,N,N,N,2.0,N,N,,,,,N,,,0,,,Y,,,,,,7595,1,1,N,N,N,0,N,N,N,0,0,0,100,N,90,3172,0,20250902,900,0,12.0,,0,,N,N,N,0,0,0,0,0.0,,68,,N,N,N
009540,KR7009540006,HD한국조선해양,ST,1.0,21,0,0,,N,N,2,Y,Y,Y,,Y,Y,N,N,N,N,N,N,N,0,N,N,N,N,Y,N,N,Y,301500,1,1,N,N,N,0,N,N,N,0,0,0,40,Y,90,285154,5000,19990824,70773,353865580000,12.0,,0,,N,Y,Y,170679,30011,37305,27356,25.71,20260630.0,213380,IC5,N,N,Y
009580,KR7009580002,무림P&P,ST,3.0,27,7,0,,N,N,0,N,N,N,,N,N,N,N,N,N,N,N,N,0,N,N,N,N,N,N,N,N,1761,1,1,N,N,N,0,N,N,N,0,0,0,100,N,90,332900,2500,19890620,62368,155920810000,12.0,,0,,N,N,Y,3941,-109,-760,-726,-17.49,20260630.0,1098,,N,N,N
009680,KR7009680000,모토닉,ST,3.0,27,15,0,,N,N,0,N,N,N,,N,N,N,N,N,N,N,N,N,0,N,N,N,N,N,N,N,N,10010,1,1,N,N,N,0,N,N,N,0,0,0,50,Y,90,5149,500,19940114,21733,16500000000,12.0,,0,,N,N,Y,1420,102,163,128,5.64,20260630.0,2175,,N,N,N
009770,KR7009770009,삼정펄프,ST,3.0,27,7,0,,N,N,0,N,N,N,,N,N,N,N,N,N,N,N,N,0,N,N,N,N,N,N,N,N,27800,1,1,N,N,N,0,N,N,N,0,0,0,100,N,90,515,5000,20061017,2499,12499855000,12.0,,0,,N,N,Y,1639,49,473,380,15.76,20241231.0,694,,N,N,N
0097L0,KR70097L0003,KIWOOM 한국고배당&미국AI테크,EF,,0,0,0,N,N,,0,N,N,N,2.0,N,N,,,,,N,,,0,,,Y,,,,,,12540,1,1,N,N,N,0,N,N,N,0,0,0,100,N,90,3078,0,20250902,1950,0,12.0,,0,,N,N,N,0,0,0,0,0.0,,244,,N,N,N
009810,KR7009810003,MDS스피어,ST,3.0,16,0,0,,N,N,0,N,N,N,,N,N,N,N,N,N,N,N,N,0,N,N,N,N,N,N,N,N,1882,1,1,N,N,N,0,N,N,N,0,0,0,100,N,90,2300,1000,19880831,20351,20351656000,12.0,,0,,N,N,Y,1470,42,40,22,-10.89,20260630.0,383,,N,N,N
009830,KR7009830001,한화솔루션,ST,1.0,27,8,0,,N,N,4,Y,N,Y,,Y,Y,N,N,N,N,N,Y,N,0,N,N,N,N,N,N,N,N,36150,1,1,N,N,N,0,N,N,N,0,0,0,50,Y,90,2094828,5000,19740619,224892,1140692165000,12.0,,0,,N,Y,Y,84646,3991,2158,2547,-1.82,20260630.0,81298,913,N,N,Y
009835,KR7009831009,한화솔루션우,ST,0.0,27,8,0,,N,N,0,N,N,N,,N,N,N,N,N,N,N,N,N,0,N,N,N,N,N,N,N,N,19050,1,1,N,N,N,0,N,N,N,0,0,0,100,N,90,6669,5000,19891121,2544,12876745000,12.0,,1,,N,N,N,0,0,0,0,0.0,,484,,N,N,N
0098F0,KR70098F0000,KODEX 원자력SMR,EF,,0,0,0,N,N,,0,N,N,N,2.0,N,N,,,,,N,,,0,,,Y,,,,,,15360,1,1,N,N,N,0,N,N,N,0,0,0,100,N,90,1232624,0,20250916,21200,0,12.0,,0,,N,N,N,0,0,0,0,0.0,,3256,,N,N,N
0098N0,KR70098N0000,PLUS 자사주매입고배당주,EF,,0,0,0,N,N,,0,N,N,N,2.0,N,N,,,,,N,,,0,,,Y,,,,,,12895,1,1,N,N,N,0,N,N,N,0,0,0,100,N,90,33877,0,20250916,6050,0,12.0,,0,,N,N,N,0,0,0,0,0.0,,780,,N,N,N
0098Z0,KR70098Z0006,FOCUS 200,EF,,0,0,0,N,N,,0,N,N,N,2.0,N,N,,,,,N,,,0,,,Y,,,,,,93165,1,1,N,N,N,0,N,N,N,0,0,0,100,N,90,2,0,20250923,750,0,12.0,,0,,N,N,N,0,0,0,0,0.0,,698,,N,N,N
009900,KR7009900002,명신산업,ST,3.0,27,15,0,,N,,0,N,N,N,,N,N,,,,,N,,,0,,,N,,,,,,8480,1,1,N,N,N,0,N,N,N,0,0,0,50,Y,90,117609,500,20201207,52470,26235066500,12.0,,0,,N,N,Y,9091,647,705,525,11.54,20260630.0,4449,,N,N,Y
009970,KR7009970005,영원무역홀딩스,ST,2.0,21,0,0,,N,N,8,N,N,Y,,N,N,N,N,N,N,N,N,N,0,N,N,N,N,N,N,N,N,170900,1,1,N,N,N,0,N,N,N,0,0,0,40,Y,90,14980,500,19881107,12953,6817796000,12.0,,0,,N,Y,Y,24640,3535,4954,3780,14.5,20260630.0,22138,,N,N,N
0099L0,KR70099L0001,ACE 우량회사채(AA-이상)액티브,EF,,0,0,0,N,N,,0,N,N,N,2.0,N,N,,,,,N,,,0,,,Y,,,,,,99950,1,1,N,N,N,0,N,N,N,0,0,0,100,N,90,152,0,20250909,1754,0,12.0,,0,,N,N,N,0,0,0,0,0.0,,1753,,N,N,N
010040,KR7010040004,한국내화,ST,3.0,27,10,0,,N,N,0,N,N,N,,N,N,N,N,N,N,N,N,N,0,N,N,N,N,N,N,N,N,1694,1,1,N,N,N,0,N,N,N,0,0,0,100,N,90,53256,500,20001016,41067,20533531000,12.0,,0,,N,N,Y,1925,15,13,15,4.76,20260630.0,695,,N,N,N
010060,KR7010060002,OCI홀딩스,ST,2.0,21,0,0,,N,N,4,N,N,Y,,N,N,N,N,N,N,N,Y,N,0,N,N,N,N,N,N,N,Y,240000,1,1,N,N,N,0,N,N,N,0,0,0,50,Y,90,165142,5000,19850709,18670,106852180000,12.0,,0,,N,Y,Y,19155,1189,867,685,0.95,20260630.0,44808,378,N,N,N
0100K0,KR70100K0009,KODEX 방산TOP10레버리지,EF,,0,0,0,N,N,,0,N,N,N,2.0,N,N,,,,,N,,,0,,,N,,,,,,5365,1,1,N,N,N,0,N,N,N,0,0,0,100,N,90,1341225,0,20250916,6000,0,12.0,,0,,N,N,N,0,0,0,0,0.0,,321,,N,N,N
010100,KR7010100006,한국무브넥스,ST,3.0,27,15,0,,N,N,0,N,N,N,,N,N,N,N,N,N,N,N,N,0,N,N,N,N,N,N,N,N,3400,1,1,N,N,N,0,N,N,N,0,0,0,100,N,90,49565,1000,19871002,30450,30450420000,12.0,,0,,N,N,Y,8869,185,230,162,5.36,20260630.0,1035,,N,N,N
010120,KR7010120004,LS ELECTRIC,ST,1.0,27,13,0,,N,N,9,Y,N,Y,,Y,Y,N,N,N,N,N,N,N,0,N,N,N,N,Y,N,N,N,205500,1,1,N,N,N,0,N,N,N,0,0,0,40,Y,90,865767,1000,19940711,150000,150000000000,12.0,,0,,N,Y,Y,29535,3051,3107,2348,19.31,20260630.0,308250,FN2,N,N,Y
010130,KR7010130003,고려아연,ST,1.0,27,11,0,,N,N,3,Y,Y,Y,,Y,Y,N,N,N,N,N,N,Y,0,N,N,N,N,N,N,N,Y,1063000,1,1,N,N,N,0,N,N,N,0,0,0,40,Y,90,13711,5000,19900728,20872,115591520000,12.0,,0,,N,Y,Y,124446,13332,10245,7056,10.49,20260630.0,221879,632,N,N,N
010140,KR7010140002,삼성중공업,ST,1.0,27,15,0,,N,N,2,Y,Y,Y,,Y,Y,N,N,N,N,N,N,N,0,N,N,N,N,Y,N,N,Y,19540,1,1,N,N,N,0,N,N,N,0,0,0,40,Y,90,2513129,1000,19940128,880000,880000000000,12.0,,0,,N,Y,Y,61330,5981,4296,3229,13.42,20260630.0,171952,511,N,N,Y
0101N0,KR70101N0005,RISE AI전력인프라,EF,,0,0,0,N,N,,0,N,N,N,2.0,N,N,,,,,N,,,0,,,Y,,,,,,21755,1,1,N,N,N,0,N,N,N,0,0,0,40,Y,90,696013,0,20250923,31750,0,12.0,,0,,N,N,N,0,0,0,0,0.0,,6907,,N,N,N
0102A0,KR70102A0009,TIGER 미국AI소프트웨어TOP4Plus,EF,,0,0,0,N,N,,0,N,N,N,2.0,N,N,,,,,N,,,0,,,Y,,,,,,8560,1,1,N,N,N,0,N,N,N,0,0,0,100,N,90,56593,0,20250909,8150,0,12.0,,0,,N,N,N,0,0,0,0,0.0,,697,,N,N,N
0102X0,KR70102X0002,ACE 유럽방산TOP10,EF,,0,0,0,N,N,,0,N,N,N,2.0,N,N,,,,,N,,,0,,,Y,,,,,,8205,1,1,N,N,N,0,N,N,N,0,0,0,100,N,90,2817,0,20250923,600,0,12.0,,0,,N,N,N,0,0,0,0,0.0,,49,,N,N,N
0103T0,KR70103T0007,1Q K소버린AI,EF,,0,0,0,N,N,,0,N,N,N,2.0,N,N,,,,,N,,,0,,,Y,,,,,,8080,1,1,N,N,N,0,N,N,N,0,0,0,100,N,90,187086,0,20250930,2900,0,12.0,,0,,N,N,N,0,0,0,0,0.0,,234,,N,N,N
010400,KR7010400000,우진아이엔에스,ST,3.0,18,0,0,,N,,0,N,N,N,,N,N,,,,,N,,,0,,,N,,,,,,3970,1,1,N,N,N,0,N,N,N,0,0,0,100,N,90,33926,500,20180914,7622,3811000000,12.0,,0,,N,N,Y,1086,-40,-15,-15,5.51,20260630.0,302,,N,N,N
0104G0,KR70104G0001,PLUS K방산레버리지,EF,,0,0,0,N,N,,0,N,N,N,2.0,N,N,,,,,N,,,0,,,N,,,,,,4860,1,1,N,N,N,0,N,N,N,0,0,0,100,N,90,204718,0,20250930,2300,0,12.0,,0,,N,N,N,0,0,0,0,0.0,,111,,N,N,N
0104H0,KR70104H0000,KoAct 미국나스닥채권혼합50액티브,EF,,0,0,0,N,N,,0,N,N,N,2.0,N,N,,,,,N,,,0,,,Y,,,,,,12070,1,1,N,N,N,0,N,N,N,0,0,0,100,N,90,52372,0,20250930,12250,0,12.0,,0,,N,N,N,0,0,0,0,0.0,,1478,,N,N,N
0104N0,KR70104N0002,TIGER 200타겟위클리커버드콜,EF,,0,0,0,N,N,,0,N,N,N,2.0,N,N,,,,,N,,,0,,,Y,,,,,,20840,1,1,N,N,N,0,N,N,N,0,0,0,100,N,90,88557,0,20250923,10300,0,12.0,,0,,N,N,N,0,0,0,0,0.0,,2146,,N,N,N
0104P0,KR70104P0000,TIGER 코리아배당다우존스위클리커버드콜,EF,,0,0,0,N,N,,0,N,N,N,2.0,N,N,,,,,N,,,0,,,Y,,,,,,10725,1,1,N,N,N,0,N,N,N,0,0,0,100,N,90,3637,0,20250923,1700,0,12.0,,0,,N,N,N,0,0,0,0,0.0,,182,,N,N,N
010580,KR7010580009,에스엠벡셀,ST,3.0,27,15,0,,N,N,0,N,N,N,,N,N,N,N,N,N,N,N,N,0,N,N,N,N,N,N,N,N,2155,1,1,N,N,N,0,N,N,N,0,0,0,60,Y,90,362956,500,19941227,111251,55625880000,12.0,,0,,N,N,Y,1725,52,10,11,1.67,20241231.0,2397,LB8,N,N,N
0105D0,KR70105D0003,SOL 한국AI소프트웨어,EF,,0,0,0,N,N,,0,N,N,N,2.0,N,N,,,,,N,,,0,,,Y,,,,,,8815,1,1,N,N,N,0,N,N,N,0,0,0,100,N,90,32438,0,20250923,1900,0,12.0,,0,,N,N,N,0,0,0,0,0.0,,167,,N,N,N
0105E0,KR70105E0002,SOL 코리아고배당,EF,,0,0,0,N,N,,0,N,N,N,2.0,N,N,,,,,N,,,0,,,Y,,,,,,12615,1,1,N,N,N,0,N,N,N,0,0,0,40,Y,90,208392,0,20250923,41800,0,12.0,,0,,N,N,N,0,0,0,0,0.0,,5273,,N,N,N
010640,KR7010640001,진양폴리,ST,3.0,27,8,0,,N,N,0,N,N,N,,N,N,N,N,N,N,N,N,N,0,N,N,N,N,N,N,N,N,2075,1,1,N,N,N,0,N,N,N,0,0,0,100,N,90,258316,500,19890930,16700,8350000000,12.0,,0,,N,N,Y,540,40,40,32,9.74,20241231.0,346,,N,N,N
010660,KR7010660009,화천기계,ST,3.0,27,12,0,,N,N,0,N,N,N,,N,N,N,N,N,N,N,N,N,0,N,N,N,N,N,N,N,N,3020,1,1,N,N,N,0,N,N,N,0,0,0,100,N,90,27908,500,19881212,22000,11000000000,12.0,,0,,N,N,Y,0,0,0,0,0.0,20250930.0,664,,N,N,N
010690,KR7010690006,화신,ST,3.0,27,15,0,,N,N,0,N,N,N,,N,N,N,N,N,N,N,N,N,0,N,N,N,N,N,N,N,N,7550,1,1,N,N,N,0,N,N,N,0,0,0,50,Y,90,94767,500,19940114,34920,17460205000,12.0,,0,,N,N,Y,10040,228,522,353,12.78,20260630.0,2636,,N,N,N
0106J0,KR70106J0006,대신 KOSPI200인덱스 X클래스,PF,,0,0,0,N,N,,0,N,N,N,5.0,N,N,,,,,N,,,0,,,N,,,,,,19880,1,1,N,N,N,0,N,N,N,0,0,0,100,N,90,3,0,20251027,750,0,1.0,,0,,N,N,N,0,0,0,0,0.0,,149,,N,N,N
010770,KR7010770006,평화홀딩스,ST,3.0,27,15,0,,N,N,0,N,N,N,,N,N,N,N,N,N,N,N,N,0,N,N,N,N,N,N,N,N,3525,1,1,N,N,N,0,N,N,N,0,0,0,100,N,90,13012,500,19860331,14625,7312733000,12.0,,0,,N,N,Y,4624,239,302,319,36.41,20260630.0,515,,N,N,N
010780,KR7010780005,아이에스동서,ST,2.0,27,10,0,,N,N,0,N,N,Y,,N,N,N,N,N,N,N,N,N,0,N,Y,N,N,N,N,N,N,14750,1,1,N,N,N,0,N,N,N,0,0,0,40,Y,90,25726,500,19860127,29724,15446303000,12.0,,0,,N,N,Y,5508,1232,2086,1607,5.97,20260630.0,4384,LB1,N,N,Y
0107F0,KR70107F0009,KIWOOM 미국고배당&AI테크,EF,,0,0,0,N,N,,0,N,N,N,2.0,N,N,,,,,N,,,0,,,Y,,,,,,10655,1,1,N,N,N,0,N,N,N,0,0,0,100,N,90,3509,0,20250923,2500,0,12.0,,0,,N,N,N,0,0,0,0,0.0,,266,,N,N,N
010820,KR7010820009,퍼스텍,ST,3.0,27,11,0,,N,N,0,N,N,N,,N,N,N,N,N,N,N,N,N,0,N,N,N,N,N,N,N,N,6000,1,1,N,N,N,0,N,N,N,0,0,0,100,N,90,414051,500,19890510,48771,24385969000,12.0,,0,,N,N,Y,2073,43,71,109,17.33,20241231.0,2926,,N,N,N
010950,KR7010950004,S-Oil,ST,1.0,27,8,0,,N,Y,4,Y,N,Y,,Y,Y,N,N,N,N,N,Y,N,0,N,N,N,N,N,N,N,Y,170600,1,1,N,N,N,0,N,N,N,0,0,0,40,Y,90,380552,2500,19870527,112582,281456980000,12.0,,0,,N,Y,Y,202862,21961,16969,12356,16.33,20260630.0,192066,AU7,N,N,N
010955,KR7010951002,S-Oil우,ST,0.0,27,8,0,,N,N,0,N,N,N,,N,N,N,N,N,N,N,N,N,0,N,N,N,N,N,N,N,N,90300,1,1,N,N,N,0,N,N,N,0,0,0,40,Y,90,23961,2500,19920528,4021,10054817500,12.0,,1,,N,N,N,0,0,0,0,0.0,,3631,,N,N,N
010960,KR7010960003,삼호개발,ST,3.0,18,0,0,,N,N,0,N,N,N,,N,N,N,N,N,N,N,N,N,0,N,N,N,N,N,N,N,N,3080,1,1,N,N,N,0,N,N,N,0,0,0,100,N,90,19901,500,20050512,24120,12500000000,12.0,,0,,N,N,Y,1863,21,73,59,5.79,20260630.0,742,,N,N,N
011000,KR7011000007,진원생명과학,ST,3.0,27,9,0,,N,N,0,N,N,N,,N,N,N,N,N,N,N,N,N,0,N,N,N,N,N,N,N,N,2670,1,1,Y,N,Y,0,N,N,N,0,0,0,100,N,90,0,1000,19871116,18176,18176581000,12.0,,0,,N,N,Y,46,-152,-213,-213,-99.68,20260630.0,485,,N,N,N
011070,KR7011070000,LG이노텍,ST,1.0,27,13,0,,N,N,5,Y,N,Y,,Y,Y,N,N,N,N,N,N,N,0,N,N,N,N,N,N,N,Y,591000,1,1,N,N,N,0,N,N,N,0,0,0,40,Y,90,325129,5000,20080724,23667,118335535000,12.0,,0,,N,Y,Y,110621,5411,5051,3988,11.39,20260630.0,139872,282,N,N,N
011090,KR7011090008,에넥스,ST,3.0,27,0,0,,N,N,0,N,N,N,,N,N,N,N,N,N,N,N,N,0,N,N,N,N,N,N,N,N,1539,1,1,N,N,Y,0,N,N,N,0,0,0,100,N,90,261842,2500,19950708,11857,29995820000,12.0,,0,,N,N,Y,892,-60,-67,-67,-27.02,20260630.0,182,,N,N,N
011150,KR7011150000,CJ씨푸드,ST,3.0,27,5,0,,N,N,0,N,N,N,,N,N,N,N,N,N,N,N,N,0,N,N,N,N,N,N,N,N,1872,1,1,N,N,N,0,N,N,N,0,0,0,100,N,90,43631,500,19881126,35930,17965386500,12.0,,0,,N,N,Y,1032,-20,-10,-5,2.04,20260630.0,672,720,N,N,N
011155,KR7011151008,CJ씨푸드1우,ST,0.0,27,5,0,,N,N,0,N,N,N,,N,N,N,N,N,N,N,N,N,0,N,N,N,N,N,N,N,N,5440,1,1,N,N,Y,0,N,N,N,0,0,0,100,N,90,870,500,19900113,200,100000000,12.0,,1,,N,N,N,0,0,0,0,0.0,,10,,N,N,N
011170,KR7011170008,롯데케미칼,ST,2.0,27,8,0,,N,N,4,Y,N,Y,,N,N,N,N,N,N,N,Y,N,0,N,N,N,N,N,N,N,Y,60700,1,1,N,N,N,0,N,N,N,0,0,0,100,N,90,95347,5000,19910530,42775,213877095000,12.0,,0,,N,Y,Y,106769,1836,2886,2279,-8.79,20260630.0,25964,283,N,N,N
0111J0,KR70111J0009,HANARO 증권고배당TOP3플러스,EF,,0,0,0,N,N,,0,N,N,N,2.0,N,N,,,,,N,,,0,,,Y,,,,,,11655,1,1,N,N,N,0,N,N,N,0,0,0,100,N,90,29233,0,20251028,4350,0,12.0,,0,,N,N,N,0,0,0,0,0.0,,506,,N,N,N
0111P0,KR70111P0001,1Q 미국나스닥100미국채혼합50액티브,EF,,0,0,0,N,N,,0,N,N,N,2.0,N,N,,,,,N,,,0,,,Y,,,,,,10810,1,1,N,N,N,0,N,N,N,0,0,0,100,N,90,88872,0,20250930,28900,0,12.0,,0,,N,N,N,0,0,0,0,0.0,,3124,,N,N,N
011200,KR7011200003,HMM,ST,1.0,19,0,0,,N,N,9,Y,Y,Y,,Y,Y,N,N,N,N,N,N,N,0,N,N,N,N,N,N,N,N,21400,1,1,N,N,N,0,N,N,N,0,0,0,40,Y,90,549943,5000,19951005,943237,5125197480000,12.0,,0,,N,Y,Y,61207,6232,8107,7650,5.2,20260630.0,201852,LA1,N,N,N
011210,KR7011210002,현대위아,ST,2.0,27,15,0,,N,N,8,N,N,Y,,N,N,Y,N,N,N,N,N,N,0,N,N,N,N,N,N,N,Y,52000,1,1,N,N,N,0,N,N,N,0,0,0,40,Y,90,58514,5000,20110221,27195,135975415000,12.0,,0,,N,Y,Y,45331,1020,1281,860,1.94,20260630.0,14141,BH1,N,N,Y
011230,KR7011230000,삼화전자,ST,3.0,27,13,0,,N,N,0,N,N,N,,N,N,N,N,N,N,N,N,N,0,N,N,N,N,N,N,N,N,2625,1,1,N,N,N,0,N,N,N,0,0,0,100,N,90,103690,1000,19870525,19165,19165785000,12.0,,0,,N,N,Y,135,-36,-36,-36,-52.52,20260630.0,503,,N,N,N
011280,KR7011280005,태림포장,ST,3.0,27,7,0,,N,N,0,N,N,N,,N,N,N,N,N,N,N,N,N,0,N,N,N,N,N,N,N,N,1537,1,1,N,N,N,0,N,N,N,0,0,0,100,N,90,49877,500,19881220,70805,35402970000,12.0,,0,,N,N,Y,3994,9,-43,3,-2.5,20260630.0,1088,LD4,N,N,N
0112X0,KR70112X0000,마이티 200TR,EF,,0,0,0,N,N,,0,N,N,N,2.0,N,N,,,,,N,,,0,,,Y,,,,,,40935,1,1,N,N,N,0,N,N,N,0,0,0,100,N,90,7078,0,20251028,1050,0,12.0,,0,,N,N,N,0,0,0,0,0.0,,429,,N,N,N
011300,KR7011300001,우성머티리얼스,ST,3.0,27,6,0,,N,N,0,N,N,N,,N,N,N,N,N,N,N,N,N,0,N,N,N,N,N,N,N,N,2770,1,1,N,N,N,0,N,N,N,0,0,0,100,N,90,32342,1000,19951110,17238,17238905000,12.0,,0,,N,N,Y,57,-13,-32,-33,-23.69,20260630.0,477,,N,N,N
011330,KR7011330008,유니켐,ST,3.0,27,15,0,,N,N,0,N,N,N,,N,N,N,N,N,N,N,N,N,0,N,N,N,N,N,N,N,N,4215,1,1,N,N,N,0,N,N,N,0,0,0,100,N,90,90634,5000,19891214,10018,54649153000,12.0,,0,,N,N,Y,505,-42,-65,-65,0.0,20260630.0,422,,N,N,N
011390,KR7011390002,부산산업,ST,3.0,27,10,0,,N,N,0,N,N,N,,N,N,N,N,N,N,N,N,N,0,N,N,N,N,N,N,N,N,47150,1,1,N,N,N,0,N,N,N,0,0,0,100,N,90,1559,5000,19900914,1056,5280000000,12.0,,0,,N,N,Y,480,19,2,1,-1.59,20260630.0,497,,N,N,N
0113D0,KR70113D0003,TIME 글로벌탑픽액티브,EF,,0,0,0,N,N,,0,N,N,N,2.0,N,N,,,,,N,,,0,,,Y,,,,,,11680,1,1,N,N,N,0,N,N,N,0,0,0,100,N,90,23463,0,20251028,5700,0,12.0,,0,,N,N,N,0,0,0,0,0.0,,665,,N,N,N
0113G0,KR70113G0000,KoAct 미국바이오헬스케어액티브,EF,,0,0,0,N,N,,0,N,N,N,2.0,N,N,,,,,N,,,0,,,Y,,,,,,10885,1,1,N,N,N,0,N,N,N,0,0,0,100,N,90,7644,0,20251111,900,0,12.0,,0,,N,N,N,0,0,0,0,0.0,,97,,N,N,N
0113P0,KR70113P0009,HK 머니마켓액티브,EF,,0,0,0,N,N,,0,N,N,N,2.0,N,N,,,,,N,,,0,,,Y,,,,,,102755,1,1,N,N,N,0,N,N,N,0,0,0,100,N,90,51772,0,20250930,498,0,12.0,,0,,N,N,N,0,0,0,0,0.0,,511,,N,N,N
011420,KR7011420007,갤럭시아에스엠,ST,3.0,30,0,0,,N,N,0,N,N,N,,N,N,N,N,N,N,N,N,N,0,N,N,N,N,N,N,N,N,1401,1,1,N,N,N,0,N,N,N,0,0,0,100,N,90,26034,500,19891114,27549,13774822000,12.0,,0,,N,N,Y,175,18,22,14,0.0,20260630.0,385,971,N,N,N
0114X0,KR70114X0008,RISE 글로벌게임테크TOP3Plus,EF,,0,0,0,N,N,,0,N,N,N,2.0,N,N,,,,,N,,,0,,,Y,,,,,,8795,1,1,N,N,N,0,N,N,N,0,0,0,100,N,90,461,0,20251021,650,0,12.0,,0,,N,N,N,0,0,0,0,0.0,,57,,N,N,N
011500,KR7011500006,한농화성,ST,3.0,27,8,0,,N,N,0,N,N,N,,N,N,N,N,N,N,N,N,N,0,N,N,N,N,N,N,N,N,14660,1,1,N,N,N,0,N,N,N,0,0,0,50,Y,90,68062,500,20030109,15637,7818521000,12.0,,0,,N,N,Y,2475,61,52,45,2.74,20241231.0,2292,,N,N,N
0115C0,KR70115C0002,RISE 미국고배당다우존스TOP10,EF,,0,0,0,N,N,,0,N,N,N,2.0,N,N,,,,,N,,,0,,,Y,,,,,,10310,1,1,N,N,N,0,N,N,N,0,0,0,100,N,90,2282,0,20251021,2400,0,12.0,,0,,N,N,N,0,0,0,0,0.0,,247,,N,N,N
0115D0,KR70115D0001,KODEX 조선TOP10,EF,,0,0,0,N,N,,0,N,N,N,2.0,N,N,,,,,N,,,0,,,Y,,,,,,6845,1,1,N,N,N,0,N,N,N,0,0,0,100,N,90,1661501,0,20251028,26600,0,12.0,,0,,N,N,N,0,0,0,0,0.0,,1820,,N,N,N
0115E0,KR70115E0000,KODEX 코리아소버린AI,EF,,0,0,0,N,N,,0,N,N,N,2.0,N,N,,,,,N,,,0,,,Y,,,,,,14160,1,1,N,N,N,0,N,N,N,0,0,0,100,N,90,9607,0,20251021,4350,0,12.0,,0,,N,N,N,0,0,0,0,0.0,,615,,N,N,N
011690,KR7011690005,와이투솔루션,ST,3.0,27,13,0,,N,N,0,N,N,N,,N,N,N,N,N,N,N,N,N,0,N,N,N,N,N,N,N,N,3720,1,1,N,N,N,0,N,N,N,0,0,0,100,N,90,218821,2500,19951221,36698,91760985000,12.0,,0,,N,N,Y,1740,16,-8,-2,0.0,20260630.0,1365,,N,N,N
011700,KR7011700002,한신기계,ST,3.0,27,12,0,,N,N,0,N,N,N,,N,N,N,N,N,N,N,N,N,0,N,N,N,N,N,N,N,N,2580,1,1,N,N,N,0,N,N,N,0,0,0,100,N,90,637718,500,19870724,32446,16223075500,12.0,,0,,N,N,Y,219,-5,13,6,-0.3,20260630.0,837,,N,N,N
011760,KR7011760006,현대코퍼레이션,ST,3.0,16,0,0,,N,N,0,N,N,N,,N,N,N,N,N,N,N,N,N,0,N,N,N,N,N,N,N,N,24600,1,1,N,N,N,0,N,N,N,0,0,0,50,Y,90,15383,5000,19771201,13228,66144830000,12.0,,0,,N,N,Y,48891,1090,892,514,13.9,20260630.0,3254,,N,N,N
011780,KR7011780004,금호석유화학,ST,2.0,27,8,0,,N,N,4,N,N,Y,,N,N,N,N,N,N,N,Y,N,0,N,N,N,N,N,N,N,N,115900,1,1,N,N,N,0,N,N,N,0,0,0,40,Y,90,57169,5000,19880122,25157,152338455000,12.0,,0,,N,Y,Y,40481,3984,5058,3967,7.85,20260630.0,29157,KUP,N,N,Y
011785,KR7011781002,금호석유화학우,ST,0.0,27,8,0,,N,N,0,N,N,N,,N,N,N,N,N,N,N,N,N,0,N,N,N,N,N,N,N,N,49000,1,1,N,N,N,0,N,N,N,0,0,0,60,Y,90,2820,5000,19881020,3023,15117430000,12.0,,1,,N,N,N,0,0,0,0,0.0,,1481,,N,N,N
011790,KR7011790003,SKC,ST,2.0,27,8,0,,N,N,4,Y,N,Y,,N,Y,N,N,N,N,N,Y,N,0,N,N,N,N,N,N,N,Y,108200,1,1,N,N,N,0,N,N,N,0,0,0,100,N,90,255399,5000,19970718,49598,247991490000,12.0,,0,,N,Y,Y,11420,-432,-1393,-1578,-48.9,20260630.0,53665,535,N,N,N
0117L0,KR70117L0009,KODEX 26-12 금융채(AA-이상)액티브,EF,,0,0,0,N,N,,0,N,N,N,2.0,N,N,,,,,N,,,0,,,Y,,,,,,10185,1,1,N,N,N,0,N,N,N,0,0,0,50,Y,90,8069,0,20251028,85620,0,12.0,,0,,N,N,N,0,0,0,0,0.0,,8720,,N,N,N
0117V0,KR70117V0007,TIGER 코리아AI전력기기TOP3플러스,EF,,0,0,0,N,N,,0,N,N,N,2.0,N,N,,,,,N,,,0,,,Y,,,,,,18545,1,1,N,N,N,0,N,N,N,0,0,0,40,Y,90,2452838,0,20251021,53000,0,12.0,,0,,N,N,N,0,0,0,0,0.0,,9828,,N,N,N
011810,KR7011810009,STX,ST,3.0,16,0,0,,N,N,0,N,N,N,,N,N,N,N,N,N,N,N,N,0,N,N,N,N,N,N,N,N,3530,1,1,Y,N,Y,0,N,N,N,0,0,0,100,N,90,0,2500,19900912,31017,77544817500,12.0,,0,,N,N,Y,1024,-288,-1012,-1021,-36100000.0,20260630.0,1094,,N,N,N
0118S0,KR70118S0001,SOL 미국넥스트테크TOP10액티브,EF,,0,0,0,N,N,,0,N,N,N,2.0,N,N,,,,,N,,,0,,,Y,,,,,,10845,1,1,N,N,N,0,N,N,N,0,0,0,100,N,90,45517,0,20251028,4550,0,12.0,,0,,N,N,N,0,0,0,0,0.0,,493,,N,N,N
0118Z0,KR70118Z0002,ACE 미국AI테크핵심산업액티브,EF,,0,0,0,N,N,,0,N,N,N,2.0,N,N,,,,,N,,,0,,,Y,,,,,,8795,1,1,N,N,N,0,N,N,N,0,0,0,100,N,90,10877,0,20251028,5900,0,12.0,,0,,N,N,N,0,0,0,0,0.0,,518,,N,N,N
011930,KR7011930005,신성이엔지,ST,3.0,27,13,0,,N,N,0,N,N,N,,N,N,N,N,N,N,N,N,N,0,N,N,N,N,N,N,N,N,19640,1,1,N,N,N,0,N,N,N,0,0,0,100,N,90,320671,5000,19960731,20306,103034075000,12.0,,0,,N,N,Y,3555,8,-45,-59,-2.04,20260630.0,3988,,N,N,N
0119H0,KR70119H0003,KODEX 28-12 회사채(AA-이상)액티브,EF,,0,0,0,N,N,,0,N,N,N,2.0,N,N,,,,,N,,,0,,,Y,,,,,,9945,1,1,N,N,N,0,N,N,N,0,0,0,100,N,90,23233,0,20251104,22130,0,12.0,,0,,N,N,N,0,0,0,0,0.0,,2200,,N,N,N
012030,KR7012030003,DB,ST,3.0,29,0,0,,N,N,0,N,N,N,,N,N,N,N,N,N,N,N,N,0,N,N,N,N,N,N,N,N,2015,1,1,N,N,N,0,N,N,N,0,0,0,40,Y,90,412429,500,19930106,201173,100586966500,12.0,,0,,N,N,Y,3967,316,663,549,14.5,20260630.0,4053,LB9,N,N,N
0120G0,KR70120G0001,삼양바이오팜,ST,3.0,27,9,0,,N,,0,N,N,N,,N,N,,,,,N,,,0,,,N,,,,,,49900,1,1,N,N,N,0,N,N,N,0,0,0,50,Y,90,40958,500,20251124,7435,3717935000,12.0,,0,,N,N,Y,0,0,0,0,0.0,,3710,512,N,N,Y
0120J0,KR70120J0008,BNK 카카오그룹포커스,EF,,0,0,0,N,N,,0,N,N,N,2.0,N,N,,,,,N,,,0,,,Y,,,,,,7600,1,1,N,N,N,0,N,N,N,0,0,0,100,N,90,11991,0,20251202,1150,0,12.0,,0,,N,N,N,0,0,0,0,0.0,,87,,N,N,N
0120X0,KR70120X0000,유진 챔피언중단기크레딧 X클래스,PF,,0,0,0,N,N,,0,N,N,N,5.0,N,N,,,,,N,,,0,,,N,,,,,,10120,1,1,N,N,N,0,N,N,N,0,0,0,100,N,90,0,0,20251027,1060,0,10.0,,0,,N,N,N,0,0,0,0,0.0,,107,,N,N,N
012160,KR7012160008,영흥,ST,3.0,27,11,0,,N,N,0,N,N,Y,,N,N,N,N,N,N,N,N,Y,0,N,N,N,N,N,N,N,N,2090,1,1,N,N,N,0,N,N,N,0,0,0,100,N,90,6228,2500,20100125,15620,39051757500,12.0,,0,,N,N,Y,2032,7,-11,-13,-19.82,20260630.0,326,,N,N,N
012170,KR7012170007,아센디오,ST,3.0,30,0,0,,N,N,0,N,N,N,,N,N,N,N,N,N,N,N,N,0,N,N,N,N,N,N,N,N,3140,1,1,N,N,Y,0,N,N,N,0,0,0,100,N,90,74258,2500,19891220,7296,18241802500,12.0,,0,,N,N,Y,23,-9,-8,-8,-37.18,20260630.0,229,,N,N,N
012200,KR7012200002,계양전기,ST,3.0,27,12,0,,N,N,0,N,N,N,,N,N,N,N,N,N,N,N,N,0,N,N,N,N,N,N,N,N,3060,1,1,N,N,N,0,N,N,N,0,0,0,100,N,90,339880,500,19880706,35422,17711414500,12.0,,0,,N,N,Y,1964,-70,-47,-53,-106.96,20260630.0,1083,,N,N,N
012205,KR7012201000,계양전기우,ST,0.0,27,12,0,,Y,N,0,N,N,N,,N,N,N,N,N,N,N,N,N,3,N,N,N,N,N,N,N,N,4940,1,1,N,N,N,0,N,N,N,0,0,0,100,N,90,2627,500,19890802,1169,584539500,12.0,,1,,N,N,N,0,0,0,0,0.0,,57,,N,N,N
012280,KR7012280004,영화금속,ST,3.0,27,15,0,,N,N,0,N,N,N,,N,N,N,N,N,N,N,N,N,0,N,N,N,N,N,N,N,N,3780,1,1,N,N,N,0,N,N,N,0,0,0,100,N,90,22361,2500,19900125,9904,27569082500,12.0,,0,,N,N,Y,0,0,0,0,0.0,20250930.0,374,,N,N,N
0122W0,KR70122W0009,RISE 26-11 회사채(AA-이상)액티브,EF,,0,0,0,N,N,,0,N,N,N,2.0,N,N,,,,,N,,,0,,,Y,,,,,,51160,1,1,N,N,N,0,N,N,N,0,0,0,100,N,90,38,0,20251118,1994,0,12.0,,0,,N,N,N,0,0,0,0,0.0,,1020,,N,N,N
012320,KR7012320008,경동인베스트,ST,3.0,21,0,0,,N,N,0,N,N,N,,N,N,N,N,N,N,N,N,N,0,N,N,N,N,N,N,N,N,47650,1,1,N,N,N,0,N,N,N,0,0,0,100,N,90,32335,5000,19970307,2365,11825115000,12.0,,0,,N,N,Y,1167,-6,13,35,3.66,20260630.0,1126,,N,N,N
012330,KR7012330007,현대모비스,ST,1.0,27,15,0,,N,N,8,Y,Y,Y,,Y,Y,Y,N,N,N,N,N,N,0,N,N,N,N,N,N,N,N,373500,1,1,N,N,N,0,N,N,N,0,0,0,40,Y,90,188601,5000,19890905,89820,490969315000,12.0,,0,,N,Y,Y,318852,17778,26468,19433,7.39,20260630.0,335479,BH1,N,N,Y
0123G0,KR70123G0008,TIGER 미국AI전력SMR,EF,,0,0,0,N,N,,0,N,N,N,2.0,N,N,,,,,N,,,0,,,Y,,,,,,6110,1,1,N,N,N,0,N,N,N,0,0,0,100,N,90,431846,0,20251104,20850,0,12.0,,0,,N,N,N,0,0,0,0,0.0,,1273,,N,N,N
0123S0,KR70123S0004,HANARO 26-12 은행채(AA+이상)액티브,EF,,0,0,0,N,N,,0,N,N,N,2.0,N,N,,,,,N,,,0,,,Y,,,,,,10215,1,1,N,N,N,0,N,N,N,0,0,0,100,N,90,3537,0,20251216,6200,0,12.0,,0,,N,N,N,0,0,0,0,0.0,,633,,N,N,N
012450,KR7012450003,한화에어로스페이스,ST,1.0,27,15,0,,N,N,9,Y,Y,Y,,Y,Y,N,N,N,N,N,N,N,0,N,N,N,N,N,N,N,N,972000,1,1,N,N,N,0,N,N,N,0,0,0,40,Y,90,168907,5000,19870527,51563,270317005000,12.0,,0,,N,Y,Y,150439,20044,18016,16068,22.95,20260630.0,501196,913,N,N,Y
012610,KR7012610002,경인양행,ST,3.0,27,8,0,,N,N,0,N,N,N,,N,N,N,N,N,N,N,N,N,0,N,N,N,N,N,N,N,N,3440,1,1,N,N,N,0,N,N,N,0,0,0,60,Y,90,92142,500,19951005,41616,20808182500,12.0,,0,,N,N,Y,2268,199,203,160,8.21,20260630.0,1431,,N,N,N
012630,KR7012630000,HDC,ST,2.0,21,0,0,,N,N,0,N,N,Y,,N,N,N,N,N,N,N,N,N,0,N,Y,N,N,N,N,N,N,22600,1,1,N,N,N,0,N,N,N,0,0,0,100,N,90,46125,5000,19961016,59741,298708605000,12.0,,0,,N,N,Y,27771,4087,4642,3639,14.82,20260630.0,13501,HDC,N,N,N
012690,KR7012690004,모나리자,ST,3.0,27,7,0,,N,N,0,N,N,N,,N,N,N,N,N,N,N,N,N,0,N,N,N,N,N,N,N,N,1418,1,1,N,N,N,0,N,N,N,0,0,0,100,N,90,96085,500,19881014,36571,18885627500,12.0,,0,,N,N,Y,1263,10,11,12,1.53,20241231.0,518,,N,N,N
0126Z0,KR70126Z0002,삼성에피스홀딩스,ST,1.0,21,0,0,,N,,A,Y,Y,Y,,Y,Y,,,,,N,,,0,,,N,,,,,,369000,1,1,N,N,N,0,N,N,N,0,0,0,50,Y,90,26170,2500,20251124,24883,62207622500,12.0,,0,,N,Y,Y,8458,1493,1438,1853,0.0,20260630.0,91818,511,N,N,N
012750,KR7012750006,에스원,ST,2.0,26,0,0,,N,N,9,N,N,N,,N,N,N,N,N,N,N,N,N,0,N,N,N,N,N,N,N,N,83800,1,1,N,N,N,0,N,N,N,0,0,0,40,Y,90,135181,500,19960130,37999,18999589000,12.0,,0,,N,N,Y,13968,851,912,683,9.04,20260630.0,31843,511,N,N,N
0127M0,KR70127M0006,ACE 미국대형가치주액티브,EF,,0,0,0,N,N,,0,N,N,N,2.0,N,N,,,,,N,,,0,,,Y,,,,,,11875,1,1,N,N,N,0,N,N,N,0,0,0,100,N,90,412,0,20251111,11800,0,12.0,,0,,N,N,N,0,0,0,0,0.0,,1401,,N,N,N
0127P0,KR70127P0003,ACE 미국대형성장주액티브,EF,,0,0,0,N,N,,0,N,N,N,2.0,N,N,,,,,N,,,0,,,Y,,,,,,10640,1,1,N,N,N,0,N,N,N,0,0,0,50,Y,90,80807,0,20251111,65700,0,12.0,,0,,N,N,N,0,0,0,0,0.0,,6990,,N,N,N
0127R0,KR70127R0001,RISE 미국AI클라우드인프라,EF,,0,0,0,N,N,,0,N,N,N,2.0,N,N,,,,,N,,,0,,,Y,,,,,,17440,1,1,N,N,N,0,N,N,N,0,0,0,100,N,90,15793,0,20251125,1400,0,12.0,,0,,N,N,N,0,0,0,0,0.0,,244,,N,N,N
0127T0,KR70127T0009,KIWOOM 미국S&P500&배당다우존스비중전환,EF,,0,0,0,N,N,,0,N,N,N,2.0,N,N,,,,,N,,,0,,,Y,,,,,,10795,1,1,N,N,N,0,N,N,N,0,0,0,100,N,90,978,0,20251111,1200,0,12.0,,0,,N,N,N,0,0,0,0,0.0,,129,,N,N,N
0127V0,KR70127V0005,KIWOOM 미국S&P500 TOP10&배당다우비중전환,EF,,0,0,0,N,N,,0,N,N,N,2.0,N,N,,,,,N,,,0,,,Y,,,,,,10720,1,1,N,N,N,0,N,N,N,0,0,0,100,N,90,687,0,20251111,1250,0,12.0,,0,,N,N,N,0,0,0,0,0.0,,134,,N,N,N
012800,KR7012800009,대창,ST,3.0,27,11,0,,N,N,0,N,N,N,,N,N,N,N,N,N,N,N,N,0,N,N,N,N,N,N,N,N,1150,1,1,N,N,N,0,N,N,N,0,0,0,100,N,90,460065,500,19891205,91140,45570249500,12.0,,0,,N,N,Y,9259,462,307,234,7.54,20260630.0,1048,,N,N,N
0128D0,KR70128D0006,PLUS 차이나항셍테크위클리타겟커버드콜,EF,,0,0,0,N,N,,0,N,N,N,2.0,N,N,,,,,N,,,0,,,Y,,,,,,6055,1,1,N,N,N,0,N,N,N,0,0,0,100,N,90,4476,0,20251118,700,0,12.0,,0,,N,N,N,0,0,0,0,0.0,,42,,N,N,N
013000,KR7013000005,세우글로벌,ST,3.0,16,0,0,,N,N,0,N,N,N,,N,N,N,N,N,N,N,N,N,0,N,N,N,N,N,N,N,N,1211,1,1,N,N,N,0,N,N,N,0,0,0,100,N,90,19024,500,19890905,28705,14352515500,12.0,,0,,N,N,Y,359,25,44,35,6.9,20241231.0,347,,N,N,N
0131A0,KR70131A0004,SOL 차이나소비트렌드,EF,,0,0,0,N,N,,0,N,N,N,2.0,N,N,,,,,N,,,0,,,Y,,,,,,6900,1,1,N,N,N,0,N,N,N,0,0,0,100,N,90,508,0,20251125,550,0,12.0,,0,,N,N,N,0,0,0,0,0.0,,37,,N,N,N
0131V0,KR70131V0009,1Q 미국우주항공테크,EF,,0,0,0,N,N,,0,N,N,N,2.0,N,N,,,,,N,,,0,,,Y,,,,,,10705,1,1,N,N,N,0,N,N,N,0,0,0,40,Y,90,52717,0,20251125,32400,0,12.0,,0,,N,N,N,0,0,0,0,0.0,,3468,,N,N,N
0131W0,KR70131W0008,1Q 단기특수은행채액티브,EF,,0,0,0,N,N,,0,N,N,N,2.0,N,N,,,,,N,,,0,,,Y,,,,,,102445,1,1,N,N,N,0,N,N,N,0,0,0,100,N,90,360,0,20251125,1427,0,12.0,,0,,N,N,N,0,0,0,0,0.0,,1461,,N,N,N
0132D0,KR70132D0000,KoAct 글로벌K컬처밸류체인액티브,EF,,0,0,0,N,N,,0,N,N,N,2.0,N,N,,,,,N,,,0,,,Y,,,,,,9115,1,1,N,N,N,0,N,N,N,0,0,0,100,N,90,271,0,20251125,550,0,12.0,,0,,N,N,N,0,0,0,0,0.0,,50,,N,N,N
0132H0,KR70132H0006,KODEX 미국원자력SMR,EF,,0,0,0,N,N,,0,N,N,N,2.0,N,N,,,,,N,,,0,,,Y,,,,,,7215,1,1,N,N,N,0,N,N,N,0,0,0,100,N,90,131699,0,20251125,6000,0,12.0,,0,,N,N,N,0,0,0,0,0.0,,432,,N,N,N
0132K0,KR70132K0001,PLUS 테슬라위클리커버드콜채권혼합,EF,,0,0,0,N,N,,0,N,N,N,2.0,N,N,,,,,N,,,0,,,Y,,,,,,8030,1,1,N,N,N,0,N,N,N,0,0,0,100,N,90,149497,0,20251209,13400,0,12.0,,0,,N,N,N,0,0,0,0,0.0,,1076,,N,N,N
013360,KR7013360003,일성건설,ST,3.0,18,0,0,,N,N,0,N,N,N,,N,N,N,N,N,N,N,N,N,0,N,N,N,N,N,N,N,N,1347,1,1,N,N,N,0,N,N,N,0,0,0,100,N,90,149268,500,19891202,54024,27012440000,12.0,,0,,N,N,Y,1920,54,11,10,5.14,20260630.0,727,,N,N,N
0133E0,KR70133E0008,TIGER 차이나증권,EF,,0,0,0,N,N,,0,N,N,N,2.0,N,N,,,,,N,,,0,,,Y,,,,,,7950,1,1,N,N,N,0,N,N,N,0,0,0,100,N,90,2337,0,20260203,1050,0,12.0,,0,,N,N,N,0,0,0,0,0.0,,83,,N,N,N
013520,KR7013520002,화승코퍼레이션,ST,3.0,27,15,0,,N,N,0,N,N,N,,N,N,N,N,N,N,N,N,N,0,N,N,N,N,N,N,N,N,2545,1,1,N,N,N,0,N,N,N,0,0,0,60,Y,90,56552,500,19910222,50051,25025626000,12.0,,0,,N,N,Y,8705,475,545,402,27.0,20260630.0,1273,,N,N,N
013570,KR7013570007,디와이,ST,3.0,21,0,0,,N,N,0,N,N,N,,N,N,N,N,N,N,N,N,N,0,N,N,N,N,N,N,N,N,4170,1,1,N,N,N,0,N,N,N,0,0,0,100,N,90,13430,500,19890530,26319,13159816500,12.0,,0,,N,N,Y,7020,323,376,279,5.61,20260630.0,1097,,N,N,N
013580,KR7013580006,계룡건설,ST,3.0,18,0,0,,N,N,0,N,N,N,,N,N,N,N,N,N,N,N,N,0,N,N,N,N,N,N,N,N,21300,1,1,N,N,N,0,N,N,N,0,0,0,60,Y,90,19057,5000,19960130,8930,44654535000,12.0,,0,,N,N,Y,15108,1098,867,612,13.27,20260630.0,1902,,N,N,Y
0135Y0,KR70135Y0002,IBK 중기종합채권(AA-이상)액티브,EF,,0,0,0,N,N,,0,N,N,N,2.0,N,N,,,,,N,,,0,,,Y,,,,,,100635,1,1,N,N,N,0,N,N,N,0,0,0,100,N,90,4,0,20251216,1007,0,12.0,,0,,N,N,N,0,0,0,0,0.0,,1013,,N,N,N
013700,KR7013700000,까뮤이앤씨,ST,3.0,18,0,0,,N,N,0,N,N,N,,N,N,N,N,N,N,N,N,N,0,N,N,N,N,N,N,N,N,1503,1,1,N,N,N,0,N,N,N,0,0,0,100,N,90,131319,500,19891130,59750,29875415000,12.0,,0,,N,N,Y,2142,232,218,167,25.06,20260630.0,898,,N,N,N
0137V0,KR70137V0003,KIWOOM 미국S&P500모멘텀,EF,,0,0,0,N,N,,0,N,N,N,2.0,N,N,,,,,N,,,0,,,Y,,,,,,11485,1,1,N,N,N,0,N,N,N,0,0,0,100,N,90,107972,0,20251209,9250,0,12.0,,0,,N,N,N,0,0,0,0,0.0,,1062,,N,N,N
0137W0,KR70137W0002,KIWOOM 미국S&P500&GOLD,EF,,0,0,0,N,N,,0,N,N,N,2.0,N,N,,,,,N,,,0,,,Y,,,,,,10170,1,1,N,N,N,0,N,N,N,0,0,0,100,N,90,3329,0,20251209,2600,0,12.0,,0,,N,N,N,0,0,0,0,0.0,,264,,N,N,N
013870,KR7013870001,지엠비코리아,ST,3.0,27,15,0,,N,N,0,N,N,N,,N,N,N,N,N,N,N,N,N,0,N,N,N,N,N,N,N,N,3775,1,1,N,N,N,0,N,N,N,0,0,0,100,N,90,4610,500,20121120,19072,9536140000,12.0,,0,,N,N,Y,4161,135,149,120,7.41,20260630.0,719,,N,N,N
013890,KR7013890009,지누스,ST,3.0,27,0,0,,N,,0,N,N,N,,N,N,,,,,N,,,0,,,N,,,,,,6780,1,1,N,N,N,0,N,N,N,0,0,0,60,Y,90,10166,500,20191030,21925,11354331500,12.0,,0,,N,N,Y,2871,-568,-572,-449,-13.76,20260630.0,1486,Z35,N,N,N
0138D0,KR70138D0004,RISE 동학개미,EF,,0,0,0,N,N,,0,N,N,N,2.0,N,N,,,,,N,,,0,,,Y,,,,,,13135,1,1,N,N,N,0,N,N,N,0,0,0,100,N,90,13140,0,20251216,550,0,12.0,,0,,N,N,N,0,0,0,0,0.0,,72,,N,N,N
0138T0,KR70138T0006,RISE 미국S&P500데일리고정커버드콜,EF,,0,0,0,N,N,,0,N,N,N,2.0,N,N,,,,,N,,,0,,,Y,,,,,,9310,1,1,N,N,N,0,N,N,N,0,0,0,100,N,90,10261,0,20251223,3500,0,12.0,,0,,N,N,N,0,0,0,0,0.0,,325,,N,N,N
0138Y0,KR70138Y0009,PLUS 금채권혼합,EF,,0,0,0,N,N,,0,N,N,N,2.0,N,N,,,,,N,,,0,,,Y,,,,,,9405,1,1,N,N,N,0,N,N,N,0,0,0,100,N,90,52169,0,20251216,11000,0,12.0,,0,,N,N,N,0,0,0,0,0.0,,1034,,N,N,N
0139F0,KR70139F0001,TIGER 12월자동연장금융채(AA-이상)액티브,EF,,0,0,0,N,N,,0,N,N,N,2.0,N,N,,,,,N,,,0,,,Y,,,,,,102450,1,1,N,N,N,0,N,N,N,0,0,0,50,Y,90,205,0,20251209,10768,0,11.0,,0,,N,N,N,0,0,0,0,0.0,,11031,,N,N,N
0139P0,KR70139P0009,ACE 고배당주,EF,,0,0,0,N,N,,0,N,N,N,2.0,N,N,,,,,N,,,0,,,Y,,,,,,13220,1,1,N,N,N,0,N,N,N,0,0,0,100,N,90,10932,0,20251216,3750,0,12.0,,0,,N,N,N,0,0,0,0,0.0,,495,,N,N,N
014130,KR7014130009,한익스프레스,ST,3.0,19,0,0,,N,N,0,N,N,N,,N,N,N,N,N,N,N,N,N,0,N,N,N,N,N,N,N,N,2810,1,1,N,N,N,0,N,N,N,0,0,0,100,N,90,41911,500,19890725,11817,6000000000,12.0,,0,,N,N,Y,3079,-10,-72,-56,-13.95,20260630.0,332,,N,N,N
014160,KR7014160006,대영포장,ST,3.0,27,7,0,,N,N,0,N,N,N,,N,N,N,N,N,N,N,N,N,0,N,N,N,N,N,N,N,N,655,1,1,Y,N,Y,0,N,N,N,0,0,0,100,N,90,0,500,19900306,108394,54197274500,12.0,,0,,N,N,Y,2808,9,0,0,-0.02,20241231.0,709,,N,N,N
0141S0,KR70141S0002,SOL 조선기자재,EF,,0,0,0,N,N,,0,N,N,N,2.0,N,N,,,,,N,,,0,,,Y,,,,,,8185,1,1,N,N,N,0,N,N,N,0,0,0,100,N,90,115451,0,20251216,6600,0,12.0,,0,,N,N,N,0,0,0,0,0.0,,540,,N,N,N
0141T0,KR70141T0001,SOL 중기종합채권(AA-이상)액티브,EF,,0,0,0,N,N,,0,N,N,N,2.0,N,N,,,,,N,,,0,,,Y,,,,,,50410,1,1,N,N,N,0,N,N,N,0,0,0,100,N,90,0,0,20251216,960,0,12.0,,0,,N,N,N,0,0,0,0,0.0,,483,,N,N,N
014280,KR7014280002,금강공업,ST,3.0,27,11,0,,N,N,0,N,N,Y,,N,N,N,N,N,N,N,N,Y,0,N,N,N,N,N,N,N,N,4595,1,1,N,N,N,0,N,N,N,0,0,0,60,Y,90,186269,1000,19880910,29329,29329357000,12.0,,0,,N,N,Y,4258,312,355,281,-4.59,20260630.0,1347,,N,N,N
014285,KR7014281000,금강공업우,ST,0.0,27,11,0,,Y,N,0,N,N,N,,N,N,N,N,N,N,N,N,N,0,N,N,N,N,N,N,N,N,5890,1,1,N,N,N,0,N,N,N,0,0,0,100,N,90,902,1000,19890731,589,589875000,12.0,,1,,N,N,N,0,0,0,0,0.0,,34,,N,N,N
0142D0,KR70142D0008,TIGER 미국AI데이터센터TOP4Plus,EF,,0,0,0,N,N,,0,N,N,N,2.0,N,N,,,,,N,,,0,,,Y,,,,,,10640,1,1,N,N,N,0,N,N,N,0,0,0,100,N,90,195449,0,20251209,9450,0,12.0,,0,,N,N,N,0,0,0,0,0.0,,1005,,N,N,N
014440,KR7014440002,영보화학,ST,3.0,27,8,0,,N,N,0,N,N,N,,N,N,N,N,N,N,N,N,N,0,N,N,N,N,N,N,N,N,4650,1,1,N,N,N,0,N,N,N,0,0,0,100,N,90,11707,500,19970827,20000,10000000000,12.0,,0,,N,N,Y,602,82,103,76,9.71,20260630.0,930,,N,N,N
0144L0,KR70144L0006,KODEX 미국성장커버드콜액티브,EF,,0,0,0,N,N,,0,N,N,N,2.0,N,N,,,,,N,,,0,,,Y,,,,,,9535,1,1,N,N,N,0,N,N,N,0,0,0,100,N,90,129058,0,20251223,36500,0,12.0,,0,,N,N,N,0,0,0,0,0.0,,3480,,N,N,N
0144M0,KR70144M0005,KODEX 미국드론UAM TOP10,EF,,0,0,0,N,N,,0,N,N,N,2.0,N,N,,,,,N,,,0,,,Y,,,,,,6135,1,1,N,N,N,0,N,N,N,0,0,0,100,N,90,17576,0,20251223,2850,0,12.0,,0,,N,N,N,0,0,0,0,0.0,,174,,N,N,N
014530,KR7014530000,극동유화,ST,3.0,27,8,0,,N,N,0,N,N,N,,N,N,N,N,N,N,N,N,N,0,N,N,N,N,N,N,N,N,3400,1,1,N,N,N,0,N,N,N,0,0,0,60,Y,90,45300,500,19910131,34869,17434710000,12.0,,0,,N,N,Y,5054,186,163,117,5.44,20260630.0,1185,,N,N,N
014580,KR7014580005,태경비케이,ST,3.0,27,10,0,,N,N,0,N,N,N,,N,N,N,N,N,N,N,N,N,0,N,N,N,N,N,N,N,N,3970,1,1,N,N,N,0,N,N,N,0,0,0,60,Y,90,44394,500,19910307,27583,13791550000,12.0,,0,,N,N,Y,2228,207,268,218,12.43,20260630.0,1095,,N,N,Y
014680,KR7014680003,한솔케미칼,ST,2.0,27,8,0,,N,N,4,N,N,Y,,N,N,N,N,N,N,N,Y,N,0,N,N,N,N,N,N,N,N,269000,1,1,N,N,N,0,N,N,N,0,0,0,40,Y,90,27333,5000,19890520,10794,56850975000,12.0,,0,,N,Y,Y,4794,942,1097,962,14.52,20260630.0,29035,924,N,N,N
014710,KR7014710008,사조씨푸드,ST,3.0,27,5,0,,N,N,0,N,N,N,,N,N,N,N,N,N,N,N,N,0,N,N,N,N,N,N,N,N,9960,1,1,N,N,N,0,N,N,N,0,0,0,100,N,90,5003,1000,20120629,17218,17218543000,12.0,,0,,N,N,Y,1516,131,96,68,-14.45,20260630.0,1714,144,N,N,N
014790,KR7014790000,HL D&I,ST,3.0,18,0,0,,N,N,0,N,N,N,,N,N,N,N,N,N,N,N,N,0,N,N,N,N,N,N,N,N,2485,1,1,N,N,N,0,N,N,N,0,0,0,100,N,90,28082,5000,19940812,37858,194374710000,12.0,,0,,N,N,Y,8302,455,254,171,3.77,20260630.0,940,920,N,N,N
014820,KR7014820005,동원시스템즈,ST,2.0,27,8,0,,N,N,3,N,N,N,,N,N,N,N,N,N,N,N,N,0,N,N,N,N,N,N,N,N,21650,1,1,N,N,N,0,N,N,N,0,0,0,40,Y,90,13793,5000,19940329,28991,144956410000,12.0,,0,,N,N,Y,7400,444,450,361,7.26,20260630.0,6276,359,N,N,N
014825,KR7014821003,동원시스템즈우,ST,0.0,27,8,0,,N,N,0,N,N,N,,N,N,N,N,N,N,N,N,N,0,N,N,N,N,N,N,N,N,13510,1,1,N,N,N,0,N,N,N,0,0,0,100,N,90,65,5000,19950121,264,1320555000,12.0,,1,,N,N,N,0,0,0,0,0.0,,35,,N,N,N
014830,KR7014830004,유니드,ST,3.0,27,8,0,,N,N,0,N,N,Y,,N,N,N,N,N,N,N,Y,N,0,N,N,N,N,N,N,N,N,60500,1,1,N,N,N,0,N,N,N,0,0,0,40,Y,90,5213,5000,20041203,6767,33838000000,12.0,,0,,N,N,Y,7843,497,914,679,7.81,20260630.0,4094,378,N,N,Y
0148J0,KR70148J0006,TIGER 코리아휴머노이드로봇산업,EF,,0,0,0,N,N,,0,N,N,N,2.0,N,N,,,,,N,,,0,,,Y,,,,,,9890,1,1,N,N,N,0,N,N,N,0,0,0,40,Y,90,2695576,0,20260106,67950,0,10.0,,0,,N,N,N,0,0,0,0,0.0,,6720,,N,N,N
014910,KR7014910004,성문전자,ST,3.0,27,13,0,,N,N,0,N,N,N,,N,N,N,N,N,N,N,N,N,0,N,N,N,N,N,N,N,N,1945,1,1,N,N,N,0,N,N,N,0,0,0,100,N,90,137898,500,19900324,21857,11230492500,12.0,,0,,N,N,Y,313,17,24,22,7.05,20260630.0,425,,N,N,N
014915,KR7014911002,성문전자우,ST,0.0,27,13,0,,Y,N,0,N,N,N,,N,N,N,N,N,N,N,N,N,3,N,N,N,N,N,N,N,N,4900,1,1,N,N,N,0,N,N,N,0,0,0,100,N,90,2,500,19900324,600,300000000,12.0,,1,,N,N,N,0,0,0,0,0.0,,29,,N,N,N
014990,KR7014990006,인디에프,ST,3.0,27,6,0,,N,N,0,N,N,N,,N,N,N,N,N,N,N,N,N,0,N,N,N,N,N,N,N,N,3855,1,1,N,N,N,0,N,N,N,0,0,0,100,N,90,130980,2500,19890620,15022,37556497500,12.0,,0,,N,N,Y,526,28,13,12,4.02,20260630.0,579,LD4,N,N,N
015020,KR7015020001,이스타코,ST,3.0,28,0,0,,N,N,0,N,N,N,,N,N,N,N,N,N,N,N,N,0,N,N,N,N,N,N,N,N,928,1,1,Y,N,Y,0,N,N,N,0,0,0,100,N,90,0,1000,19881223,21425,21425800000,12.0,,0,,N,N,Y,115,-33,-49,-49,-12.39,20241231.0,198,,N,N,N
0150K0,KR70150K0008,KoAct 수소전력ESS인프라액티브,EF,,0,0,0,N,N,,0,N,N,N,2.0,N,N,,,,,N,,,0,,,Y,,,,,,11705,1,1,N,N,N,0,N,N,N,0,0,0,100,N,90,25169,0,20260113,2750,0,12.0,,0,,N,N,N,0,0,0,0,0.0,,321,,N,N,N
0151P0,KR70151P0002,RISE 코리아전략산업액티브,EF,,0,0,0,N,N,,0,N,N,N,2.0,N,N,,,,,N,,,0,,,Y,,,,,,14755,1,1,N,N,N,0,N,N,N,0,0,0,100,N,90,88514,0,20260120,9700,0,12.0,,0,,N,N,N,0,0,0,0,0.0,,1431,,N,N,N
0151S0,KR70151S0009,KODEX 미국AI반도체TOP3플러스,EF,,0,0,0,N,N,,0,N,N,N,2.0,N,N,,,,,N,,,0,,,Y,,,,,,16060,1,1,N,N,N,0,N,N,N,0,0,0,100,N,90,67952,0,20260113,13900,0,12.0,,0,,N,N,N,0,0,0,0,0.0,,2232,,N,N,N
015230,KR7015230006,대창단조,ST,3.0,27,15,0,,N,N,0,N,N,N,,N,N,N,N,N,N,N,N,N,0,N,N,N,N,N,N,N,N,6500,1,1,N,N,N,0,N,N,N,0,0,0,60,Y,90,38125,500,19890725,27143,14286115000,12.0,,0,,N,N,Y,2004,272,335,230,12.07,20260630.0,1764,,N,N,N
015260,KR7015260003,에이엔피,ST,3.0,27,13,0,,N,N,0,N,N,N,,N,N,N,N,N,N,N,N,N,0,N,N,N,N,N,N,N,N,192,1,1,N,N,Y,0,N,N,N,0,0,0,100,N,90,10995727,500,19880118,47116,23558447000,12.0,,0,,N,N,Y,614,-14,-24,-24,-59.61,20260630.0,90,,N,N,N
0152E0,KR70152E0004,SOL 배당성향탑픽액티브,EF,,0,0,0,N,N,,0,N,N,N,2.0,N,N,,,,,N,,,0,,,Y,,,,,,10550,1,1,N,N,N,0,N,N,N,0,0,0,100,N,90,7970,0,20260113,2400,0,12.0,,0,,N,N,N,0,0,0,0,0.0,,253,,N,N,N
015360,KR7015360001,INVENI,ST,3.0,26,0,0,,N,N,0,N,N,N,,N,N,N,N,N,N,N,N,N,0,N,N,N,N,N,N,N,N,14610,1,1,N,N,N,0,N,N,N,0,0,0,50,Y,90,10117,1000,19961224,26250,30000000000,12.0,,0,,N,N,Y,7658,904,832,660,12.47,20260630.0,3835,FN2,N,N,N
0153K0,KR70153K0005,KODEX 주주환원고배당주,EF,,0,0,0,N,N,,0,N,N,N,2.0,N,N,,,,,N,,,0,,,Y,,,,,,11955,1,1,N,N,N,0,N,N,N,0,0,0,100,N,90,55886,0,20260120,17200,0,12.0,,0,,N,N,N,0,0,0,0,0.0,,2056,,N,N,N
0153P0,KR70153P0000,ACE 리츠부동산인프라액티브,EF,,0,0,0,N,N,,0,N,N,N,2.0,N,N,,,,,N,,,0,,,N,,,,,,9405,1,1,N,N,N,0,N,N,N,0,0,0,100,N,90,2147,0,20260120,1450,0,12.0,,0,,N,N,N,0,0,0,0,0.0,,136,,N,N,N
0153X0,KR70153X0000,PLUS 미국고배당주액티브,EF,,0,0,0,N,N,,0,N,N,N,2.0,N,N,,,,,N,,,0,,,Y,,,,,,10390,1,1,N,N,N,0,N,N,N,0,0,0,100,N,90,9814,0,20260127,1800,0,12.0,,0,,N,N,N,0,0,0,0,0.0,,187,,N,N,N
0154F0,KR70154F0001,WON 초대형IB&금융지주,EF,,0,0,0,N,N,,0,N,N,N,2.0,N,N,,,,,N,,,0,,,Y,,,,,,11825,1,1,N,N,N,0,N,N,N,0,0,0,100,N,90,6834,0,20260120,2750,0,12.0,,0,,N,N,N,0,0,0,0,0.0,,325,,N,N,N
0154H0,KR70154H0009,KoAct 차이나바이오헬스케어액티브,EF,,0,0,0,N,N,,0,N,N,N,2.0,N,N,,,,,N,,,0,,,Y,,,,,,8775,1,1,N,N,N,0,N,N,N,0,0,0,100,N,90,21222,0,20260127,550,0,12.0,,0,,N,N,N,0,0,0,0,0.0,,48,,N,N,N
015590,KR7015590003,DKME,ST,3.0,27,12,0,,N,N,0,N,N,N,,N,N,N,N,N,N,N,N,N,0,N,N,N,N,N,N,N,N,2190,1,1,N,N,N,0,N,N,N,0,0,0,100,N,90,119748,2500,19890527,53396,133490770000,12.0,,0,,N,N,Y,368,-42,-12,-12,-3.02,20260630.0,1169,,N,N,N
0155M0,KR70155M0001,ACE 미국SMR원자력TOP10,EF,,0,0,0,N,N,,0,N,N,N,2.0,N,N,,,,,N,,,0,,,Y,,,,,,6375,1,1,N,N,N,0,N,N,N,0,0,0,100,N,90,48096,0,20260203,4550,0,12.0,,0,,N,N,N,0,0,0,0,0.0,,290,,N,N,N
0155N0,KR70155N0000,HANARO K휴머노이드테마TOP10,EF,,0,0,0,N,N,,0,N,N,N,2.0,N,N,,,,,N,,,0,,,Y,,,,,,7695,1,1,N,N,N,0,N,N,N,0,0,0,100,N,90,24021,0,20260226,3900,0,12.0,,0,,N,N,N,0,0,0,0,0.0,,300,,N,N,N
015760,KR7015760002,한국전력,ST,1.0,17,0,0,,N,N,7,Y,Y,Y,,Y,Y,N,N,N,N,N,N,N,0,N,N,N,N,N,N,N,Y,30050,1,1,N,N,N,0,N,N,N,0,0,0,40,Y,90,888594,5000,19890810,641964,3209820385000,12.0,,0,,N,Y,Y,463173,49127,38211,27965,16.82,20260630.0,192910,,N,N,Y
015860,KR7015860000,일진홀딩스,ST,3.0,21,0,0,,N,N,0,N,N,Y,,N,N,N,N,N,N,N,N,N,0,N,N,N,N,Y,N,N,N,7160,1,1,N,N,N,0,N,N,N,0,0,0,40,Y,90,105870,1000,19900322,49347,49852615000,12.0,,0,,N,N,Y,12873,1314,867,168,-3.99,20260630.0,3533,,N,N,N
015890,KR7015890007,태경산업,ST,3.0,27,8,0,,N,N,0,N,N,N,,N,N,N,N,N,N,N,N,N,0,N,N,N,N,N,N,N,N,4835,1,1,N,N,N,0,N,N,N,0,0,0,60,Y,90,26162,500,19960130,29228,14614375000,12.0,,0,,N,N,Y,4469,393,412,323,9.75,20260630.0,1413,,N,N,N
016090,KR7016090003,대현,ST,3.0,27,6,0,,N,N,0,N,N,N,,N,N,N,N,N,N,N,N,N,0,N,N,N,N,N,N,N,N,1415,1,1,N,N,N,0,N,N,N,0,0,0,100,N,90,53693,500,19900920,44282,26906155000,12.0,,0,,N,N,Y,0,0,0,0,0.0,20250930.0,626,,N,N,N
0162L0,KR70162L0003,KODEX 차이나AI반도체TOP10,EF,,0,0,0,N,N,,0,N,N,N,2.0,N,N,,,,,N,,,0,,,Y,,,,,,12110,1,1,N,N,N,0,N,N,N,0,0,0,100,N,90,73914,0,20260226,8100,0,12.0,,0,,N,N,N,0,0,0,0,0.0,,980,,N,N,N
0162M0,KR70162M0002,KODEX 금융채1~2년(AA-이상)PLUS액티브,EF,,0,0,0,N,N,,0,N,N,N,2.0,N,N,,,,,N,,,0,,,Y,,,,,,10080,1,1,N,N,N,0,N,N,N,0,0,0,100,N,90,2512,0,20260226,31890,0,12.0,,0,,N,N,N,0,0,0,0,0.0,,3214,,N,N,N
0162Y0,KR70162Y0008,TIME 코스닥액티브,EF,,0,0,0,N,N,,0,N,N,N,2.0,N,N,,,,,N,,,0,,,Y,,,,,,8475,1,1,N,N,N,0,N,N,N,0,0,0,100,N,90,490958,0,20260310,33250,0,12.0,,0,,N,N,N,0,0,0,0,0.0,,2817,,N,N,N
0162Z0,KR70162Z0007,RISE 삼성전자SK하이닉스채권혼합50,EF,,0,0,0,N,N,,0,N,N,N,2.0,N,N,,,,,N,,,0,,,Y,,,,,,13660,1,1,N,N,N,0,N,N,N,0,0,0,40,Y,90,4126510,0,20260226,302000,0,12.0,,0,,N,N,N,0,0,0,0,0.0,,41253,,N,N,N
016360,KR7016360000,삼성증권,ST,1.0,21,24,0,,N,Y,6,Y,N,Y,,N,Y,N,N,N,N,N,N,N,0,N,N,N,Y,N,N,N,Y,89400,1,1,N,N,N,0,N,N,N,0,0,0,40,Y,90,238120,5000,19880328,89300,458478080000,12.0,,0,,N,Y,Y,167866,12853,12851,9391,18.11,20260630.0,79834,511,N,N,Y
016380,KR7016380008,KG스틸,ST,2.0,27,11,0,,N,N,0,N,N,N,,N,N,N,N,N,N,N,N,N,0,N,N,N,N,N,N,N,N,5600,1,1,N,N,N,0,N,N,N,0,0,0,40,Y,90,258639,5000,19860203,100008,500044485000,12.0,,0,,N,N,Y,17017,646,1853,1385,8.88,20260630.0,5600,LC4,N,N,Y
0163Y0,KR70163Y0007,KoAct 코스닥액티브,EF,,0,0,0,N,N,,0,N,N,N,2.0,N,N,,,,,N,,,0,,,Y,,,,,,10815,1,1,N,N,N,0,N,N,N,0,0,0,50,Y,90,2130379,0,20260310,49050,0,12.0,,0,,N,N,N,0,0,0,0,0.0,,5304,,N,N,N
016450,KR7016450009,한세예스24홀딩스,ST,3.0,27,6,0,,N,N,0,N,N,N,,N,N,N,N,N,N,N,N,N,0,N,N,N,N,N,N,N,N,4305,1,1,N,N,N,0,N,N,N,0,0,0,60,Y,90,12846,500,20000106,40000,20000000000,12.0,,0,,N,N,Y,17719,616,320,164,-0.53,20260630.0,1722,,N,N,N
0164G0,KR70164G0008,RISE 차이나AI반도체TOP4Plus,EF,,0,0,0,N,N,,0,N,N,N,2.0,N,N,,,,,N,,,0,,,Y,,,,,,11245,1,1,N,N,N,0,N,N,N,0,0,0,100,N,90,2076,0,20260310,2100,0,12.0,,0,,N,N,N,0,0,0,0,0.0,,236,,N,N,N
016580,KR7016580003,환인제약,ST,3.0,27,9,0,,N,N,0,N,N,Y,,N,N,N,N,Y,N,N,N,N,0,N,N,N,N,N,N,N,N,10180,1,1,N,N,N,0,N,N,N,0,0,0,100,N,90,5945,500,19960703,18600,9700035000,12.0,,0,,N,N,Y,1426,173,198,152,5.08,20260630.0,1893,,N,N,N
016590,KR7016590002,신대양제지,ST,3.0,27,7,0,,N,N,0,N,N,N,,N,N,N,N,N,N,N,N,N,0,N,N,N,N,N,N,N,N,9010,1,1,N,N,N,0,N,N,N,0,0,0,100,N,90,4606,500,19951221,40297,20148910000,12.0,,0,,N,N,Y,3310,185,295,224,5.42,20260630.0,3630,,N,N,N
016610,KR7016610008,DB증권,ST,3.0,21,24,0,,N,N,0,N,N,N,,N,N,N,N,N,N,N,N,N,0,N,N,N,N,N,N,N,N,10150,1,1,N,N,N,0,N,N,N,0,0,0,40,Y,90,31240,5000,19880627,42446,212231945000,12.0,,0,,N,N,Y,23413,778,889,708,9.16,20260630.0,4308,LB9,N,N,N
0166N0,KR70166N0007,PLUS 코스닥150액티브,EF,,0,0,0,N,N,,0,N,N,N,2.0,N,N,,,,,N,,,0,,,Y,,,,,,9290,1,1,N,N,N,0,N,N,N,0,0,0,100,N,90,67511,0,20260317,3400,0,12.0,,0,,N,N,N,0,0,0,0,0.0,,315,,N,N,N
0166S0,KR70166S0002,PLUS K제조업핵심기업액티브,EF,,0,0,0,N,N,,0,N,N,N,2.0,N,N,,,,,N,,,0,,,Y,,,,,,11415,1,1,N,N,N,0,N,N,N,0,0,0,100,N,90,23940,0,20260324,4550,0,12.0,,0,,N,N,N,0,0,0,0,0.0,,519,,N,N,N
0166T0,KR70166T0001,PLUS 글로벌저작권핵심기업액티브,EF,,0,0,0,N,N,,0,N,N,N,2.0,N,N,,,,,N,,,0,,,Y,,,,,,8975,1,1,N,N,N,0,N,N,N,0,0,0,100,N,90,5,0,20260331,650,0,12.0,,0,,N,N,N,0,0,0,0,0.0,,58,,N,N,N
016710,KR7016710006,대성홀딩스,ST,3.0,26,0,0,,N,N,0,N,N,N,,N,N,N,N,N,N,N,N,N,0,N,N,N,N,N,N,N,N,6870,1,1,N,N,N,0,N,N,N,0,0,0,60,Y,90,8775,1000,19991222,16089,16089459000,12.0,,0,,N,N,Y,6626,306,399,309,5.34,20260630.0,1105,,N,N,N
016740,KR7016740003,두올,ST,3.0,27,15,0,,N,N,0,N,N,N,,N,N,N,N,N,N,N,N,N,0,N,N,N,N,N,N,N,N,4045,1,1,N,N,N,0,N,N,N,0,0,0,100,N,90,32124,2500,20160729,28674,81229017500,12.0,,0,,N,N,Y,4105,143,167,115,7.79,20260630.0,1159,,N,N,N
0167A0,KR70167A0001,SOL AI반도체TOP2플러스,EF,,0,0,0,N,N,,0,N,N,N,2.0,N,N,,,,,N,,,0,,,Y,,,,,,18955,1,1,N,N,N,0,N,N,N,0,0,0,40,Y,90,7956206,0,20260317,305300,0,12.0,,0,,N,N,N,0,0,0,0,0.0,,57869,,N,N,N
0167B0,KR70167B0000,SOL 200타겟위클리커버드콜,EF,,0,0,0,N,N,,0,N,N,N,2.0,N,N,,,,,N,,,0,,,Y,,,,,,11610,1,1,N,N,N,0,N,N,N,0,0,0,50,Y,90,819486,0,20260317,56800,0,12.0,,0,,N,N,N,0,0,0,0,0.0,,6594,,N,N,N
0167Z0,KR70167Z0002,KODEX 미국우주항공,EF,,0,0,0,N,N,,0,N,N,N,2.0,N,N,,,,,N,,,0,,,Y,,,,,,7795,1,1,N,N,N,0,N,N,N,0,0,0,40,Y,90,687003,0,20260317,46150,0,12.0,,0,,N,N,N,0,0,0,0,0.0,,3597,,N,N,N
016800,KR7016800005,퍼시스,ST,3.0,27,0,0,,N,N,0,N,N,N,,N,N,N,N,N,N,N,N,N,0,N,N,N,N,N,N,N,N,24050,1,1,N,N,N,0,N,N,N,0,0,0,100,N,90,210,1000,19961224,11500,14300000000,12.0,,0,,N,N,Y,1852,-75,519,384,10.02,20260630.0,2765,,N,N,N
016880,KR7016880007,웅진,ST,3.0,21,0,0,,N,N,0,N,N,N,,N,N,N,N,N,N,N,N,N,0,N,N,N,N,N,N,N,N,1813,1,1,N,N,N,0,N,N,N,0,0,0,100,N,90,55865,500,19941105,79927,42213540000,12.0,,0,,N,N,Y,6449,853,318,166,27.79,20260630.0,1449,LE3,N,N,N
0168K0,KR70168K0008,TIGER 기술이전바이오액티브,EF,,0,0,0,N,N,,0,N,N,N,2.0,N,N,,,,,N,,,0,,,Y,,,,,,5770,1,1,N,N,N,0,N,N,N,0,0,0,100,N,90,911255,0,20260317,20910,0,12.0,,0,,N,N,N,0,0,0,0,0.0,,1206,,N,N,N
017040,KR7017040007,광명전기,ST,3.0,27,13,0,,N,N,0,N,N,N,,N,N,N,N,N,N,N,N,N,0,N,N,N,N,N,N,N,N,932,1,1,Y,N,Y,0,N,N,N,0,0,0,100,N,90,0,500,19900914,43337,21668807500,12.0,,0,,N,N,Y,0,0,0,0,0.0,20250930.0,403,,N,N,N
017180,KR7017180001,명문제약,ST,3.0,27,9,0,,N,N,0,N,N,N,,N,N,N,N,N,N,N,N,N,0,N,N,N,N,N,N,N,N,1315,1,1,N,N,N,0,N,N,N,0,0,0,100,N,90,231000,500,20080710,33953,16976727000,12.0,,0,,N,N,Y,992,-5,-25,-27,-1.7,20260630.0,446,,N,N,N
0172V0,KR70172V0009,1Q 은액티브,EF,,0,0,0,N,N,,0,N,N,N,2.0,N,N,,,,,N,,,0,,,Y,,,,,,7635,1,1,N,N,N,0,N,N,N,0,0,0,100,N,90,82890,0,20260331,7500,0,12.0,,0,,N,N,N,0,0,0,0,0.0,,572,,N,N,N
0172Y0,KR70172Y0006,ACE K수출핵심TOP10산업액티브,EF,,0,0,0,N,N,,0,N,N,N,2.0,N,N,,,,,N,,,0,,,Y,,,,,,8990,1,1,N,N,N,0,N,N,N,0,0,0,100,N,90,906,0,20260331,800,0,12.0,,0,,N,N,N,0,0,0,0,0.0,,71,,N,N,N
017370,KR7017370008,우신시스템,ST,3.0,27,12,0,,N,N,0,N,N,N,,N,N,N,N,N,N,N,N,N,0,N,N,N,N,N,N,N,N,3675,1,1,N,N,N,0,N,N,N,0,0,0,100,N,90,7326,500,20020528,18314,9157027000,12.0,,0,,N,N,Y,1626,-39,13,15,9.44,20260630.0,673,,N,N,N
017390,KR7017390006,서울가스,ST,3.0,17,0,0,,N,N,0,N,N,N,,N,N,N,N,N,N,N,N,N,0,N,N,N,N,N,N,N,N,54200,1,1,N,N,N,0,N,N,N,0,0,0,50,Y,90,1964,5000,19950818,4950,35000000000,12.0,,0,,N,N,Y,10450,197,312,242,1.99,20260630.0,2682,,N,N,N
0173Y0,KR70173Y0005,KODEX 미국AI광통신네트워크,EF,,0,0,0,N,N,,0,N,N,N,2.0,N,N,,,,,N,,,0,,,Y,,,,,,12620,1,1,N,N,N,0,N,N,N,0,0,0,40,Y,90,2205802,0,20260331,37100,0,12.0,,0,,N,N,N,0,0,0,0,0.0,,4682,,N,N,N
0174B0,KR70174B0001,KoAct 글로벌AI메모리반도체액티브,EF,,0,0,0,N,N,,0,N,N,N,2.0,N,N,,,,,N,,,0,,,Y,,,,,,15245,1,1,N,N,N,0,N,N,N,0,0,0,100,N,90,82339,0,20260414,7250,0,12.0,,0,,N,N,N,0,0,0,0,0.0,,1105,,N,N,N
0174J0,KR70174J0003,DAISHIN 오피스리츠플러스,EF,,0,0,0,N,N,,0,N,N,N,2.0,N,N,,,,,N,,,0,,,Y,,,,,,8765,1,1,N,N,N,0,N,N,N,0,0,0,100,N,90,17396,0,20260331,600,0,12.0,,0,,N,N,N,0,0,0,0,0.0,,52,,N,N,N
0174R0,KR70174R0003,KIWOOM 미국성장다우존스,EF,,0,0,0,N,N,,0,N,N,N,2.0,N,N,,,,,N,,,0,,,Y,,,,,,11480,1,1,N,N,N,0,N,N,N,0,0,0,100,N,90,7441,0,20260331,800,0,12.0,,0,,N,N,N,0,0,0,0,0.0,,91,,N,N,N
017550,KR7017550005,수산세보틱스,ST,3.0,27,12,0,,N,N,0,N,N,N,,N,N,N,N,N,N,N,N,N,0,N,N,N,N,N,N,N,N,1835,1,1,N,N,N,0,N,N,N,0,0,0,60,Y,90,118875,500,19910830,62399,31199565000,12.0,,0,,N,N,Y,1204,92,104,82,9.32,20260630.0,1145,,N,N,N
017670,KR7017670001,SK텔레콤,ST,1.0,20,0,0,,N,Y,B,Y,Y,Y,,Y,Y,N,N,N,N,N,N,N,0,Y,N,N,N,N,N,N,Y,87400,1,1,N,N,N,0,N,N,N,0,0,0,40,Y,90,258353,100,19891107,214790,30492715900,12.0,,0,,N,Y,Y,87514,11036,10376,7824,5.48,20260630.0,187726,535,N,N,Y
0176E0,KR70176E0006,RISE 미국AI전력인프라액티브,EF,,0,0,0,N,N,,0,N,N,N,2.0,N,N,,,,,N,,,0,,,Y,,,,,,10310,1,1,N,N,N,0,N,N,N,0,0,0,100,N,90,125637,0,20260407,9600,0,12.0,,0,,N,N,N,0,0,0,0,0.0,,989,,N,N,N
0176P0,KR70176P0003,FOCUS AI반도체위클리고정커버드콜,EF,,0,0,0,N,N,,0,N,N,N,2.0,N,N,,,,,N,,,0,,,Y,,,,,,14700,1,1,N,N,N,0,N,N,N,0,0,0,100,N,90,12979,0,20260407,550,0,12.0,,0,,N,N,N,0,0,0,0,0.0,,80,,N,N,N
0177A0,KR70177A0009,WON 두산그룹포커스,EF,,0,0,0,N,N,,0,N,N,N,2.0,N,N,,,,,N,,,0,,,Y,,,,,,9360,1,1,N,N,N,0,N,N,N,0,0,0,100,N,90,45211,0,20260331,2550,0,12.0,,0,,N,N,N,0,0,0,0,0.0,,238,,N,N,N
0177N0,KR70177N0004,KODEX 삼성전자SK하이닉스채권혼합50,EF,,0,0,0,N,N,,0,N,N,N,2.0,N,N,,,,,N,,,0,,,Y,,,,,,14375,1,1,N,N,N,0,N,N,N,0,0,0,40,Y,90,2488536,0,20260407,107100,0,12.0,,0,,N,N,N,0,0,0,0,0.0,,15395,,N,N,N
0177R0,KR70177R0000,TIGER 반도체TOP10커버드콜액티브,EF,,0,0,0,N,N,,0,N,N,N,2.0,N,N,,,,,N,,,0,,,Y,,,,,,11845,1,1,N,N,N,0,N,N,N,0,0,0,50,Y,90,1623710,0,20260421,71200,0,12.0,,0,,N,N,N,0,0,0,0,0.0,,8433,,N,N,N
0177X0,KR70177X0002,ACE K휴머노이드로봇산업TOP2+,EF,,0,0,0,N,N,,0,N,N,N,2.0,N,N,,,,,N,,,0,,,Y,,,,,,9815,1,1,N,N,N,0,N,N,N,0,0,0,100,N,90,180725,0,20260407,10400,0,12.0,,0,,N,N,N,0,0,0,0,0.0,,1020,,N,N,N
017800,KR7017800004,현대엘리베이터,ST,2.0,27,12,0,,N,N,2,N,N,Y,,N,N,N,N,N,N,N,N,N,0,N,N,N,N,Y,N,N,N,72000,1,1,N,N,N,0,N,N,N,0,0,0,50,Y,90,70639,5000,19960703,39092,212235955000,12.0,,0,,N,Y,Y,12387,1250,2522,1940,32.43,20260630.0,28146,,N,N,Y
017810,KR7017810003,풀무원,ST,3.0,27,5,0,,N,N,0,N,N,N,,N,N,N,N,N,N,N,N,N,0,N,N,N,N,N,N,N,N,8740,1,1,N,N,N,0,N,N,N,0,0,0,50,Y,90,13910,500,19951005,38120,19060271000,12.0,,0,,N,N,Y,17439,437,220,162,14.51,20260630.0,3331,,N,N,N
017860,KR7017860008,DS단석,ST,3.0,27,8,0,,N,,0,N,N,N,,N,N,,,,,N,,,0,,,N,,,,,,13140,1,1,N,N,N,0,N,N,N,0,0,0,50,Y,90,105124,500,20231222,17653,8879569500,12.0,,0,,N,N,Y,5882,107,6,7,-4.43,20260630.0,2319,,N,N,Y
0178H0,KR70178H0001,IBK 미국AI TOP10국채혼합50,EF,,0,0,0,N,N,,0,N,N,N,2.0,N,N,,,,,N,,,0,,,Y,,,,,,10220,1,1,N,N,N,0,N,N,N,0,0,0,100,N,90,48092,0,20260428,4600,0,12.0,,0,,N,N,N,0,0,0,0,0.0,,470,,N,N,N
017900,KR7017900002,광전자,ST,3.0,27,13,0,,N,N,0,N,N,N,,N,N,N,N,N,N,N,N,N,0,N,N,N,N,N,N,N,N,10570,1,1,N,N,N,2,N,N,N,0,0,0,100,N,90,2246306,500,19961016,57943,28971881500,12.0,,0,,N,N,Y,713,20,87,67,4.61,20260630.0,6124,,N,N,N
017940,KR7017940008,E1,ST,2.0,16,0,0,,N,N,0,N,N,N,,N,N,N,N,N,N,N,N,N,0,N,N,N,N,N,N,N,N,91400,1,1,N,N,N,0,N,N,N,0,0,0,100,N,90,7662,5000,19970827,6860,34300000000,12.0,,0,,N,N,Y,79881,-383,2630,1810,9.12,20260630.0,6270,FN2,N,N,N
017960,KR7017960006,한국카본,ST,2.0,27,11,0,,N,N,4,N,N,Y,,N,N,N,N,N,N,N,N,N,0,N,N,N,N,N,N,N,N,20250,1,1,N,N,N,0,N,N,N,0,0,0,40,Y,90,139331,500,19950708,51676,26307539000,12.0,,0,,N,Y,Y,4552,915,703,521,17.12,20260630.0,10464,,N,N,Y
0180V0,KR70180V0009,ACE 미국우주테크액티브,EF,,0,0,0,N,N,,0,N,N,N,2.0,N,N,,,,,N,,,0,,,Y,,,,,,8110,1,1,N,N,N,0,N,N,N,0,0,0,100,N,90,228754,0,20260414,19100,0,12.0,,0,,N,N,N,0,0,0,0,0.0,,1549,,N,N,N
0181B0,KR70181B0002,HANARO 미국AI메모리반도체TOP4+,EF,,0,0,0,N,N,,0,N,N,N,2.0,N,N,,,,,N,,,0,,,Y,,,,,,9680,1,1,N,N,N,0,N,N,N,0,0,0,100,N,90,437227,0,20260512,12450,0,12.0,,0,,N,N,N,0,0,0,0,0.0,,1205,,N,N,N
0181L0,KR70181L0000,SOL 미국우주항공TOP10,EF,,0,0,0,N,N,,0,N,N,N,2.0,N,N,,,,,N,,,0,,,Y,,,,,,7410,1,1,N,N,N,0,N,N,N,0,0,0,100,N,90,42764,0,20260421,8300,0,12.0,,0,,N,N,N,0,0,0,0,0.0,,615,,N,N,N
018250,KR7018250001,애경산업,ST,3.0,27,8,0,,N,,0,N,N,N,,N,N,,,,,N,,,0,,,N,,,,,,11260,1,1,N,N,N,0,N,N,N,0,0,0,50,Y,90,19703,1000,20180322,26409,26409935000,12.0,,0,,N,N,Y,3530,29,238,183,4.26,20260630.0,2973,841,N,N,Y
018260,KR7018260000,삼성에스디에스,ST,1.0,29,0,0,,N,N,5,Y,Y,Y,,Y,Y,N,N,N,N,N,N,N,0,N,N,N,N,N,N,N,N,207000,1,1,N,N,N,0,N,N,N,0,0,0,40,Y,90,182058,500,20141114,77377,38688900000,12.0,,0,,N,Y,Y,70707,3101,3893,2758,6.6,20260630.0,160172,511,N,N,Y
0182R0,KR70182R0003,1Q K반도체TOP2+,EF,,0,0,0,N,N,,0,N,N,N,2.0,N,N,,,,,N,,,0,,,Y,,,,,,11160,1,1,N,N,N,0,N,N,N,0,0,0,100,N,90,1463724,0,20260414,30650,0,12.0,,0,,N,N,N,0,0,0,0,0.0,,3420,,N,N,N
0182S0,KR70182S0002,1Q K반도체TOP2채권혼합50,EF,,0,0,0,N,N,,0,N,N,N,2.0,N,N,,,,,N,,,0,,,Y,,,,,,12650,1,1,N,N,N,0,N,N,N,0,0,0,100,N,90,169607,0,20260414,18600,0,12.0,,0,,N,N,N,0,0,0,0,0.0,,2352,,N,N,N
0183J0,KR70183J0002,TIGER 미국우주테크,EF,,0,0,0,N,N,,0,N,N,N,2.0,N,N,,,,,N,,,0,,,Y,,,,,,7785,1,1,N,N,N,0,N,N,N,0,0,0,40,Y,90,1575645,0,20260414,148400,0,12.0,,0,,N,N,N,0,0,0,0,0.0,,11552,,N,N,N
0183V0,KR70183V0006,KIWOOM 삼성전자&SK하이닉스채권혼합50,EF,,0,0,0,N,N,,0,N,N,N,2.0,N,N,,,,,N,,,0,,,Y,,,,,,11835,1,1,N,N,N,0,N,N,N,0,0,0,100,N,90,603016,0,20260421,23200,0,12.0,,0,,N,N,N,0,0,0,0,0.0,,2745,,N,N,N
018470,KR7018470005,조일알미늄,ST,3.0,27,11,0,,N,N,0,N,N,N,,N,N,N,N,N,N,N,N,N,0,N,N,N,N,N,N,N,N,5300,1,1,N,N,N,0,N,N,N,0,0,0,60,Y,90,60455,2500,19881122,25326,63315860000,12.0,,0,,N,N,Y,4984,201,123,110,5.62,20241231.0,1342,,N,N,N
0184E0,KR70184E0006,1Q 200채권혼합50액티브,EF,,0,0,0,N,N,,0,N,N,N,2.0,N,N,,,,,N,,,0,,,Y,,,,,,11080,1,1,N,N,N,0,N,N,N,0,0,0,100,N,90,92953,0,20260421,3100,0,12.0,,0,,N,N,N,0,0,0,0,0.0,,343,,N,N,N
0184L0,KR70184L0007,PLUS 중기종합채권(A-이상)액티브,EF,,0,0,0,N,N,,0,N,N,N,2.0,N,N,,,,,N,,,0,,,Y,,,,,,100815,1,1,N,N,N,0,N,N,N,0,0,0,100,N,90,6030,0,20260512,1178,0,12.0,,0,,N,N,N,0,0,0,0,0.0,,1187,,N,N,N
0184N0,KR70184N0005,PLUS 은채권혼합,EF,,0,0,0,N,N,,0,N,N,N,2.0,N,N,,,,,N,,,0,,,Y,,,,,,8380,1,1,N,N,N,0,N,N,N,0,0,0,100,N,90,14045,0,20260512,1000,0,12.0,,0,,N,N,N,0,0,0,0,0.0,,83,,N,N,N
0184V0,KR70184V0005,UNICORN K바이오액티브,EF,,0,0,0,N,N,,0,N,N,N,2.0,N,N,,,,,N,,,0,,,Y,,,,,,5660,1,1,N,N,N,0,N,N,N,0,0,0,100,N,90,23021,0,20260512,900,0,12.0,,0,,N,N,N,0,0,0,0,0.0,,50,,N,N,N
018500,KR7018500009,동원모빌리티,ST,3.0,27,15,0,,N,N,0,N,N,N,,N,N,N,N,N,N,N,N,N,0,N,N,N,N,N,N,N,N,1311,1,1,N,N,N,0,N,N,N,0,0,0,100,N,90,181786,500,19951110,46754,23377466500,3.0,,0,,N,N,Y,1937,144,169,139,29.27,20260630.0,612,,N,N,N
0185L0,KR70185L0006,TIME 글로벌휴머노이드로봇산업액티브,EF,,0,0,0,N,N,,0,N,N,N,2.0,N,N,,,,,N,,,0,,,Y,,,,,,7145,1,1,N,N,N,0,N,N,N,0,0,0,100,N,90,28751,0,20260519,6950,0,12.0,,0,,N,N,N,0,0,0,0,0.0,,496,,N,N,N
018670,KR7018670000,SK가스,ST,2.0,16,0,0,,N,N,0,N,N,Y,,N,N,N,N,N,N,N,Y,N,0,N,N,N,N,N,N,N,N,270500,1,1,N,N,N,0,N,N,N,0,0,0,40,Y,90,31055,5000,19970827,9269,46346220000,12.0,,0,,N,Y,Y,49483,1837,3155,2343,9.69,20260630.0,25073,535,N,N,N
0186L0,KR70186L0005,KoAct 미국로봇피지컬AI액티브,EF,,0,0,0,N,N,,0,N,N,N,2.0,N,N,,,,,N,,,0,,,Y,,,,,,9625,1,1,N,N,N,0,N,N,N,0,0,0,100,N,90,8861,0,20260428,2300,0,12.0,,0,,N,N,N,0,0,0,0,0.0,,221,,N,N,N
0186S0,KR70186S0008,1Q 코스닥150채권혼합50액티브,EF,,0,0,0,N,N,,0,N,N,N,2.0,N,N,,,,,N,,,0,,,Y,,,,,,8815,1,1,N,N,N,0,N,N,N,0,0,0,100,N,90,584066,0,20260428,5200,0,12.0,,0,,N,N,N,0,0,0,0,0.0,,458,,N,N,N
018880,KR7018880005,한온시스템,ST,2.0,27,12,0,,N,N,8,N,N,Y,,N,N,Y,N,N,N,N,N,N,0,N,N,N,N,N,N,N,N,3855,1,1,N,N,N,0,N,N,N,0,0,0,50,Y,90,5377993,100,19960731,1026251,102626255200,12.0,,0,,N,Y,Y,56235,2009,1927,1547,-0.15,20260630.0,39561,912,N,N,Y
0189B0,KR70189B0004,TIGER 은액티브,EF,,0,0,0,N,N,,0,N,N,N,2.0,N,N,,,,,N,,,0,,,Y,,,,,,7380,1,1,N,N,N,0,N,N,N,0,0,0,100,N,90,21712,0,20260428,5250,0,12.0,,0,,N,N,N,0,0,0,0,0.0,,387,,N,N,N
0189Z0,KR70189Z0006,DAISHIN 금융&지주고배당,EF,,0,0,0,N,N,,0,N,N,N,2.0,N,N,,,,,N,,,0,,,Y,,,,,,10065,1,1,N,N,N,0,N,N,N,0,0,0,100,N,90,995,0,20260609,1000,0,12.0,,0,,N,N,N,0,0,0,0,0.0,,100,,N,N,N
0190C0,KR70190C0000,RISE 현대차고정피지컬AI,EF,,0,0,0,N,N,,0,N,N,N,2.0,N,N,,,,,N,,,0,,,Y,,,,,,7620,1,1,N,N,N,0,N,N,N,0,0,0,40,Y,90,778863,0,20260512,60150,0,12.0,,0,,N,N,N,0,0,0,0,0.0,,4583,,N,N,N
0190G0,KR70190G0006,KODEX 반도체타겟위클리커버드콜,EF,,0,0,0,N,N,,0,N,N,N,2.0,N,N,,,,,N,,,0,,,Y,,,,,,10005,1,1,N,N,N,0,N,N,N,0,0,0,100,N,90,288980,0,20260512,18100,0,12.0,,0,,N,N,N,0,0,0,0,0.0,,1810,,N,N,N
0190M0,KR70190M0008,KIWOOM 미국AI테크하이베타,EF,,0,0,0,N,N,,0,N,N,N,2.0,N,N,,,,,N,,,0,,,Y,,,,,,8770,1,1,N,N,N,0,N,N,N,0,0,0,100,N,90,32862,0,20260512,2450,0,12.0,,0,,N,N,N,0,0,0,0,0.0,,214,,N,N,N
0190Y0,KR70190Y0004,TIGER 구글밸류체인,EF,,0,0,0,N,N,,0,N,N,N,2.0,N,N,,,,,N,,,0,,,Y,,,,,,8885,1,1,N,N,N,0,N,N,N,0,0,0,100,N,90,58280,0,20260512,8100,0,12.0,,0,,N,N,N,0,0,0,0,0.0,,719,,N,N,N
019170,KR7019170000,신풍제약,ST,3.0,27,9,0,,N,N,0,N,N,Y,,N,N,N,N,Y,N,N,N,N,0,N,N,N,N,N,N,N,N,11010,1,1,N,N,N,0,N,N,N,0,0,0,100,N,90,3637320,500,19900120,52418,26492495000,12.0,,0,,N,N,Y,1184,-84,-76,-76,-0.31,20260630.0,5771,,N,N,N
019175,KR7019171008,신풍제약우,ST,0.0,27,9,0,,N,N,0,N,N,N,,N,N,N,N,N,N,N,N,N,3,N,N,N,N,N,N,N,N,15400,1,1,N,N,N,0,N,N,N,0,0,0,100,N,90,11102,500,19900120,1991,1100000000,12.0,,1,,N,N,N,0,0,0,0,0.0,,306,,N,N,N
019180,KR7019180009,티에이치엔,ST,3.0,27,13,0,,N,N,0,N,N,N,,N,N,N,N,N,N,N,N,N,0,N,N,N,N,N,N,N,N,4985,1,1,N,N,N,0,N,N,N,0,0,0,100,N,90,55855,500,19960731,18000,9000000000,12.0,,0,,N,N,Y,5640,330,394,290,35.15,20260630.0,897,,N,N,N
0191B0,KR70191B0000,MIDAS 코스닥액티브,EF,,0,0,0,N,N,,0,N,N,N,2.0,N,N,,,,,N,,,0,,,Y,,,,,,34770,1,1,N,N,N,0,N,N,N,0,0,0,100,N,90,7351,0,20260519,200,0,12.0,,0,,N,N,N,0,0,0,0,0.0,,69,,N,N,N
0191M0,KR70191M0007,마이티 5월만기자동연장특수채(AAA)액티브,EF,,0,0,0,N,N,,0,N,N,N,2.0,N,N,,,,,N,,,0,,,Y,,,,,,101000,1,1,N,N,N,0,N,N,N,0,0,0,100,N,90,0,0,20260602,414,0,12.0,,0,,N,N,N,0,0,0,0,0.0,,418,,N,N,N
0191S0,KR70191S0001,IBK 코스닥150,EF,,0,0,0,N,N,,0,N,N,N,2.0,N,N,,,,,N,,,0,,,Y,,,,,,15530,1,1,N,N,N,0,N,N,N,0,0,0,100,N,90,7225,0,20260519,740,0,12.0,,0,,N,N,N,0,0,0,0,0.0,,114,,N,N,N
0191W0,KR70191W0005,HANARO 중기종합채권(A-이상)액티브,EF,,0,0,0,N,N,,0,N,N,N,2.0,N,N,,,,,N,,,0,,,Y,,,,,,101080,1,1,N,N,N,0,N,N,N,0,0,0,100,N,90,0,0,20260519,1013,0,12.0,,0,,N,N,N,0,0,0,0,0.0,,1023,,N,N,N
0192L0,KR70192L0007,RISE SK하이닉스단일종목레버리지,EF,,0,0,0,N,N,,0,N,N,N,8.0,N,N,,,,,N,,,0,,,N,,,,,,8840,1,1,N,N,N,0,N,N,N,0,0,0,100,N,90,40718,0,20260527,3825,0,12.0,,0,,N,N,N,0,0,0,0,0.0,,338,,N,N,N
0192M0,KR70192M0006,RISE 삼성전자단일종목레버리지,EF,,0,0,0,N,N,,0,N,N,N,8.0,N,N,,,,,N,,,0,,,N,,,,,,11850,1,1,N,N,N,0,N,N,N,0,0,0,100,N,90,57856,0,20260527,2475,0,12.0,,0,,N,N,N,0,0,0,0,0.0,,293,,N,N,N
0192S0,KR70192S0000,SOL 코스피200채권혼합50,EF,,0,0,0,N,N,,0,N,N,N,2.0,N,N,,,,,N,,,0,,,Y,,,,,,9400,1,1,N,N,N,0,N,N,N,0,0,0,100,N,90,140575,0,20260519,2200,0,12.0,,0,,N,N,N,0,0,0,0,0.0,,206,,N,N,N
0192T0,KR70192T0009,SOL 코스닥TOP10,EF,,0,0,0,N,N,,0,N,N,N,2.0,N,N,,,,,N,,,0,,,Y,,,,,,7680,1,1,N,N,N,0,N,N,N,0,0,0,100,N,90,634870,0,20260519,4250,0,12.0,,0,,N,N,N,0,0,0,0,0.0,,326,,N,N,N
0192Z0,KR70192Z0001,TIGER 중기종합채권(A-이상)액티브,EF,,0,0,0,N,N,,0,N,N,N,2.0,N,N,,,,,N,,,0,,,Y,,,,,,101155,1,1,N,N,N,0,N,N,N,0,0,0,100,N,90,20,0,20260519,1613,0,12.0,,0,,N,N,N,0,0,0,0,0.0,,1631,,N,N,N
0193G0,KR70193G0003,KoAct 코스피액티브,EF,,0,0,0,N,N,,0,N,N,N,2.0,N,N,,,,,N,,,0,,,Y,,,,,,8425,1,1,N,N,N,0,N,N,N,0,0,0,100,N,90,458643,0,20260519,18300,0,12.0,,0,,N,N,N,0,0,0,0,0.0,,1541,,N,N,N
0193K0,KR70193K0007,PLUS 삼성전자단일종목레버리지,EF,,0,0,0,N,N,,0,N,N,N,8.0,N,N,,,,,N,,,0,,,N,,,,,,12880,1,1,N,N,N,0,N,N,N,0,0,0,100,N,90,39244,0,20260527,1100,0,12.0,,0,,N,N,N,0,0,0,0,0.0,,141,,N,N,N
0193L0,KR70193L0006,PLUS 삼성전자선물단일종목인버스2X,EF,,0,0,0,N,N,,0,N,N,N,8.0,N,N,,,,,N,,,0,,,N,,,,,,8065,1,1,N,N,N,0,N,N,N,0,0,0,100,N,90,1297722,0,20260527,2760,0,12.0,,0,,N,N,N,0,0,0,0,0.0,,222,,N,N,N
0193M0,KR70193M0005,BNK 27-12 특수채(AAA이상)액티브,EF,,0,0,0,N,N,,0,N,N,N,2.0,N,N,,,,,N,,,0,,,Y,,,,,,50480,1,1,N,N,N,0,N,N,N,0,0,0,100,N,90,2,0,20260616,2114,0,12.0,,0,,N,N,N,0,0,0,0,0.0,,1067,,N,N,N
0193T0,KR70193T0008,KODEX SK하이닉스단일종목레버리지,EF,,0,0,0,N,N,,0,N,N,N,8.0,N,N,,,,,N,,,0,,,N,,,,,,10130,1,1,N,N,N,0,N,N,N,0,0,0,100,N,90,18220092,0,20260527,201750,0,12.0,,0,,N,N,N,0,0,0,0,0.0,,20437,,N,N,N
0193W0,KR70193W0003,KODEX 삼성전자단일종목레버리지,EF,,0,0,0,N,N,,0,N,N,N,8.0,N,N,,,,,N,,,0,,,N,,,,,,12715,1,1,N,N,N,0,N,N,N,0,0,0,100,N,90,6507414,0,20260527,115525,0,12.0,,0,,N,N,N,0,0,0,0,0.0,,14689,,N,N,N
019490,KR7019490002,엑시큐어하이트론,ST,3.0,27,13,0,,N,N,0,N,N,N,,N,N,N,N,N,N,N,N,N,0,N,N,N,N,N,N,N,N,541,1,1,Y,N,Y,0,N,N,N,0,0,0,100,N,90,0,500,19981104,76432,38216135000,12.0,,0,,N,N,Y,20,-57,-91,-91,-144.2,20260630.0,413,,N,N,N
0194M0,KR70194M0004,ACE 삼성전자단일종목레버리지,EF,,0,0,0,N,N,,0,N,N,N,8.0,N,N,,,,,N,,,0,,,N,,,,,,11705,1,1,N,N,N,0,N,N,N,0,0,0,100,N,90,52986,0,20260527,3550,0,12.0,,0,,N,N,N,0,0,0,0,0.0,,415,,N,N,N
0194N0,KR70194N0003,KIWOOM 삼성전자선물단일종목레버리지,EF,,0,0,0,N,N,,0,N,N,N,8.0,N,N,,,,,N,,,0,,,N,,,,,,11750,1,1,N,N,N,0,N,N,N,0,0,0,100,N,90,24398,0,20260527,750,0,12.0,,0,,N,N,N,0,0,0,0,0.0,,88,,N,N,N
0194R0,KR70194R0009,KIWOOM SK하이닉스선물단일종목레버리지,EF,,0,0,0,N,N,,0,N,N,N,8.0,N,N,,,,,N,,,0,,,N,,,,,,8425,1,1,N,N,N,0,N,N,N,0,0,0,100,N,90,17218,0,20260527,1325,0,12.0,,0,,N,N,N,0,0,0,0,0.0,,111,,N,N,N
0194T0,KR70194T0007,ACE SK하이닉스단일종목레버리지,EF,,0,0,0,N,N,,0,N,N,N,8.0,N,N,,,,,N,,,0,,,N,,,,,,8705,1,1,N,N,N,0,N,N,N,0,0,0,100,N,90,35719,0,20260527,5400,0,12.0,,0,,N,N,N,0,0,0,0,0.0,,470,,N,N,N
0195R0,KR70195R0008,TIGER 삼성전자단일종목레버리지,EF,,0,0,0,N,N,,0,N,N,N,8.0,N,N,,,,,N,,,0,,,N,,,,,,11590,1,1,N,N,N,0,N,N,N,0,0,0,100,N,90,5487621,0,20260527,80625,0,12.0,,0,,N,N,N,0,0,0,0,0.0,,9344,,N,N,N
0195S0,KR70195S0007,TIGER SK하이닉스단일종목레버리지,EF,,0,0,0,N,N,,0,N,N,N,8.0,N,N,,,,,N,,,0,,,N,,,,,,8615,1,1,N,N,N,0,N,N,N,0,0,0,100,N,90,8786434,0,20260527,157900,0,12.0,,0,,N,N,N,0,0,0,0,0.0,,13603,,N,N,N
019680,KR7019680008,대교,ST,3.0,26,0,0,,N,N,0,N,N,N,,N,N,N,N,N,N,N,N,N,0,N,N,N,N,N,N,N,N,1612,1,1,N,N,N,0,N,N,N,0,0,0,100,N,90,11269,1000,20040203,40233,42351425000,12.0,,0,,N,N,Y,3163,-73,-56,-51,-13.29,20260630.0,648,,N,N,N
019685,KR7019681006,대교우B,ST,0.0,26,0,0,,N,N,0,N,N,N,,N,N,N,N,N,N,N,N,N,0,N,N,N,N,N,N,N,N,985,1,1,N,N,N,0,N,N,N,0,0,0,100,N,90,10719,1000,20040203,9713,9713495000,12.0,,2,,N,N,N,0,0,0,0,0.0,,95,,N,N,N
0197W0,KR70197W0009,SOL SK하이닉스단일종목레버리지,EF,,0,0,0,N,N,,0,N,N,N,8.0,N,N,,,,,N,,,0,,,N,,,,,,8470,1,1,N,N,N,0,N,N,N,0,0,0,100,N,90,153088,0,20260527,4325,0,12.0,,0,,N,N,N,0,0,0,0,0.0,,366,,N,N,N
0197X0,KR70197X0008,SOL SK하이닉스선물단일종목인버스2X,EF,,0,0,0,N,N,,0,N,N,N,8.0,N,N,,,,,N,,,0,,,N,,,,,,6205,1,1,N,N,N,0,N,N,N,0,0,0,100,N,90,18494540,0,20260527,17925,0,12.0,,0,,N,N,N,0,0,0,0,0.0,,1112,,N,N,N
0198A0,KR70198A0004,KIWOOM 코스닥150커버드콜액티브,EF,,0,0,0,N,N,,0,N,N,N,2.0,N,N,,,,,N,,,0,,,Y,,,,,,8950,1,1,N,N,N,0,N,N,N,0,0,0,100,N,90,604866,0,20260630,10300,0,12.0,,0,,N,N,N,0,0,0,0,0.0,,921,,N,N,N
0198B0,KR70198B0003,1Q 삼성전자선물단일종목레버리지,EF,,0,0,0,N,N,,0,N,N,N,8.0,N,N,,,,,N,,,0,,,N,,,,,,11960,1,1,N,N,N,0,N,N,N,0,0,0,100,N,90,14392,0,20260527,1330,0,12.0,,0,,N,N,N,0,0,0,0,0.0,,159,,N,N,N
0198D0,KR70198D0001,1Q SK하이닉스선물단일종목레버리지,EF,,0,0,0,N,N,,0,N,N,N,8.0,N,N,,,,,N,,,0,,,N,,,,,,9015,1,1,N,N,N,0,N,N,N,0,0,0,100,N,90,23756,0,20260527,2370,0,12.0,,0,,N,N,N,0,0,0,0,0.0,,213,,N,N,N
0199C0,KR70199C0001,ACE 고배당주Plus커버드콜액티브,EF,,0,0,0,N,N,,0,N,N,N,2.0,N,N,,,,,N,,,0,,,Y,,,,,,8865,1,1,N,N,N,0,N,N,N,0,0,0,100,N,90,288571,0,20260602,16050,0,12.0,,0,,N,N,N,0,0,0,0,0.0,,1422,,N,N,N
020000,KR7020000006,한섬,ST,3.0,27,6,0,,N,N,0,N,N,N,,N,N,N,N,N,N,N,N,N,0,N,N,N,N,N,N,N,N,21700,1,1,N,N,N,0,N,N,N,0,0,0,40,Y,90,91828,500,19960703,21476,11846732500,12.0,,0,,N,N,Y,7736,411,404,306,3.92,20260630.0,4660,Z35,N,N,N
020120,KR7020120002,키다리스튜디오,ST,3.0,29,0,0,,N,N,0,N,N,N,,N,N,N,N,N,N,N,N,N,0,N,N,N,N,N,N,N,N,6670,1,1,N,N,N,0,N,N,N,0,0,0,60,Y,90,988223,500,19960703,37063,18531883000,12.0,,0,,N,N,Y,1228,90,117,84,6.04,20260630.0,2472,DKG,N,N,N
020150,KR7020150009,롯데에너지머티리얼즈,ST,2.0,27,13,0,,N,N,0,N,N,Y,,N,N,N,N,N,N,N,N,N,0,N,N,N,N,N,N,N,N,53700,1,1,N,N,N,0,N,N,N,0,0,0,100,N,90,330231,500,20110304,52365,26182731500,12.0,,0,,N,Y,Y,3540,-219,-104,-149,-4.85,20260630.0,28120,283,N,N,N
0203D0,KR70203D0004,PLUS 200위클리커버드콜채권혼합,EF,,0,0,0,N,N,,0,N,N,N,2.0,N,N,,,,,N,,,0,,,Y,,,,,,8940,1,1,N,N,N,0,N,N,N,0,0,0,100,N,90,12584,0,20260602,1300,0,12.0,,0,,N,N,N,0,0,0,0,0.0,,116,,N,N,N
0203R0,KR70203R0008,WON 중단기종합채권(A-이상)액티브,EF,,0,0,0,N,N,,0,N,N,N,2.0,N,N,,,,,N,,,0,,,Y,,,,,,50545,1,1,N,N,N,0,N,N,N,0,0,0,100,N,90,0,0,20260602,400,0,12.0,,0,,N,N,N,0,0,0,0,0.0,,202,,N,N,N
0203S0,KR70203S0007,WON 삼성전자현대차채권혼합50,EF,,0,0,0,N,N,,0,N,N,N,2.0,N,N,,,,,N,,,0,,,Y,,,,,,8425,1,1,N,N,N,0,N,N,N,0,0,0,100,N,90,20713,0,20260602,2950,0,12.0,,0,,N,N,N,0,0,0,0,0.0,,248,,N,N,N
0204D0,KR70204D0003,KODEX 현대차로보틱스밸류체인TOP3플러스,EF,,0,0,0,N,N,,0,N,N,N,2.0,N,N,,,,,N,,,0,,,Y,,,,,,5450,1,1,N,N,N,0,N,N,N,0,0,0,100,N,90,660417,0,20260609,34550,0,12.0,,0,,N,N,N,0,0,0,0,0.0,,1882,,N,N,N
0204S0,KR70204S0006,TIGER 코스닥액티브,EF,,0,0,0,N,N,,0,N,N,N,2.0,N,N,,,,,N,,,0,,,Y,,,,,,8240,1,1,N,N,N,0,N,N,N,0,0,0,100,N,90,134083,0,20260602,4360,0,12.0,,0,,N,N,N,0,0,0,0,0.0,,359,,N,N,N
020560,KR7020560009,아시아나항공,ST,2.0,19,0,0,,N,N,0,N,N,Y,,N,N,N,N,N,N,N,N,N,0,N,N,N,N,N,N,Y,N,8240,1,1,N,N,N,0,N,N,N,0,0,0,100,N,90,73467,5000,20080328,205990,1029953555000,12.0,,0,,N,N,Y,35246,-4086,-8619,-6588,-181.52,20260630.0,16973,926,N,N,N
0206G0,KR70206G0008,1Q 현대차기아채권혼합50,EF,,0,0,0,N,N,,0,N,N,N,2.0,N,N,,,,,N,,,0,,,Y,,,,,,7600,1,1,N,N,N,0,N,N,N,0,0,0,100,N,90,240432,0,20260609,2900,0,12.0,,0,,N,N,N,0,0,0,0,0.0,,220,,N,N,N
020760,KR7020760005,일진디스플,ST,3.0,27,13,0,,N,N,0,N,N,N,,N,N,N,N,N,N,N,N,N,0,N,N,N,N,N,N,N,N,902,1,1,Y,N,N,0,N,N,N,0,0,0,100,N,90,0,500,20020109,61533,30766890500,12.0,,0,,N,N,Y,225,-13,-13,-14,-10.74,20260630.0,555,,N,N,N
0207G0,KR70207G0007,SOL 우주항공밸류체인,EF,,0,0,0,N,N,,0,N,N,N,2.0,N,N,,,,,N,,,0,,,Y,,,,,,8090,1,1,N,N,N,0,N,N,N,0,0,0,100,N,90,724624,0,20260616,5900,0,12.0,,0,,N,N,N,0,0,0,0,0.0,,477,,N,N,N
0207Z0,KR70207Z0004,KIWOOM 미국우주데이터센터인프라,EF,,0,0,0,N,N,,0,N,N,N,2.0,N,N,,,,,N,,,0,,,Y,,,,,,7465,1,1,N,N,N,0,N,N,N,0,0,0,100,N,90,32086,0,20260616,2100,0,12.0,,0,,N,N,N,0,0,0,0,0.0,,156,,N,N,N
0208N0,KR70208N0007,IBK 코스피액티브,EF,,0,0,0,N,N,,0,N,N,N,2.0,N,N,,,,,N,,,0,,,Y,,,,,,7630,1,1,N,N,N,0,N,N,N,0,0,0,100,N,90,8496,0,20260623,1650,0,12.0,,0,,N,N,N,0,0,0,0,0.0,,125,,N,N,N
0209D0,KR70209D0008,KODEX 전고체배터리ESS TOP2플러스,EF,,0,0,0,N,N,,0,N,N,N,2.0,N,N,,,,,N,,,0,,,Y,,,,,,9105,1,1,N,N,N,0,N,N,N,0,0,0,100,N,90,1941598,0,20260623,15400,0,12.0,,0,,N,N,N,0,0,0,0,0.0,,1402,,N,N,N
0209Z0,KR70209Z0002,ACE 코리아AI전력TOP10,EF,,0,0,0,N,N,,0,N,N,N,2.0,N,N,,,,,N,,,0,,,Y,,,,,,6950,1,1,N,N,N,0,N,N,N,0,0,0,100,N,90,325043,0,20260623,3450,0,12.0,,0,,N,N,N,0,0,0,0,0.0,,239,,N,N,N
021050,KR7021050000,서원,ST,3.0,27,11,0,,N,N,0,N,N,N,,N,N,N,N,N,N,N,N,N,0,N,N,N,N,N,N,N,N,1121,1,1,N,N,N,0,N,N,N,0,0,0,100,N,90,99854,500,19960130,47474,23737295000,12.0,,0,,N,N,Y,10898,550,341,265,5.8,20260630.0,532,,N,N,N
0210A0,KR70210A0008,ACE K반도체TOP2+,EF,,0,0,0,N,N,,0,N,N,N,2.0,N,N,,,,,N,,,0,,,Y,,,,,,7830,1,1,N,N,N,0,N,N,N,0,0,0,100,N,90,1668927,0,20260623,53800,0,12.0,,0,,N,N,N,0,0,0,0,0.0,,4212,,N,N,N
0210E0,KR70210E0004,PLUS 200커버드콜액티브,EF,,0,0,0,N,N,,0,N,N,N,2.0,N,N,,,,,N,,,0,,,Y,,,,,,7185,1,1,N,N,N,0,N,N,N,0,0,0,100,N,90,212120,0,20260623,10600,0,12.0,,0,,N,N,N,0,0,0,0,0.0,,761,,N,N,N
021240,KR7021240007,코웨이,ST,1.0,26,0,0,,N,N,8,Y,N,Y,,N,Y,N,N,N,N,N,N,N,0,N,N,N,N,N,N,N,Y,102200,1,1,N,N,N,0,N,N,N,0,0,0,40,Y,90,116501,500,20010807,70767,40335092000,12.0,,0,,N,Y,Y,27719,5041,4964,3603,19.31,20260630.0,72324,LB6,N,N,N
0214M0,KR70214M0000,MIDAS 바이오헬스케어액티브,EF,,0,0,0,N,N,,0,N,N,N,2.0,N,N,,,,,N,,,0,,,Y,,,,,,9765,1,1,N,N,N,0,N,N,N,0,0,0,100,N,90,840,0,20260728,850,0,12.0,,0,,N,N,N,0,0,0,0,0.0,,83,,N,N,N
0215T0,KR70215T0002,HANARO 미국AI광통신TOP10,EF,,0,0,0,N,N,,0,N,N,N,2.0,N,N,,,,,N,,,0,,,Y,,,,,,10140,1,1,N,N,N,0,N,N,N,0,0,0,100,N,90,64451,0,20260714,900,0,12.0,,0,,N,N,N,0,0,0,0,0.0,,91,,N,N,N
0216K0,KR70216K0000,KIWOOM 미국우주테크TOP2채권혼합50,EF,,0,0,0,N,N,,0,N,N,N,2.0,N,N,,,,,N,,,0,,,Y,,,,,,9090,1,1,N,N,N,0,N,N,N,0,0,0,100,N,90,60034,0,20260707,1000,0,12.0,,0,,N,N,N,0,0,0,0,0.0,,90,,N,N,N
0216Z0,KR70216Z0003,ACE K방산TOP5+,EF,,0,0,0,N,N,,0,N,N,N,2.0,N,N,,,,,N,,,0,,,Y,,,,,,8575,1,1,N,N,N,0,N,N,N,0,0,0,100,N,90,59446,0,20260707,1200,0,12.0,,0,,N,N,N,0,0,0,0,0.0,,102,,N,N,N
021820,KR7021820006,세원정공,ST,3.0,27,15,0,,N,N,0,N,N,N,,N,N,N,N,N,N,N,N,N,0,N,N,N,N,N,N,N,N,10470,1,1,N,N,N,0,N,N,N,0,0,0,100,N,90,6396,500,19960703,10000,5000000000,6.0,,0,,N,N,Y,1780,236,615,553,7.36,20260630.0,1047,,N,N,N
0218J0,KR70218J0001,RISE 미국우주&로봇TOP2미국채혼합50,EF,,0,0,0,N,N,,0,N,N,N,2.0,N,N,,,,,N,,,0,,,Y,,,,,,9320,1,1,N,N,N,0,N,N,N,0,0,0,100,N,90,135398,0,20260714,3450,0,12.0,,0,,N,N,N,0,0,0,0,0.0,,321,,N,N,N
0218K0,KR70218K0008,BNK 스마트카,EF,,0,0,0,N,N,,0,N,N,N,2.0,N,N,,,,,N,,,0,,,Y,,,,,,10760,1,1,N,N,N,0,N,N,N,0,0,0,100,N,90,7028,0,20260721,700,0,12.0,,0,,N,N,N,0,0,0,0,0.0,,75,,N,N,N
0219B0,KR70219B0008,KoAct 광통신&위성네트워크액티브,EF,,0,0,0,N,N,,0,N,N,N,2.0,N,N,,,,,N,,,0,,,Y,,,,,,12825,1,1,N,N,N,0,N,N,N,0,0,0,100,N,90,188746,0,20260714,850,0,10.0,,0,,N,N,N,0,0,0,0,0.0,,109,,N,N,N
0219E0,KR70219E0005,KODEX 200커버드콜액티브,EF,,0,0,0,N,N,,0,N,N,N,2.0,N,N,,,,,N,,,0,,,Y,,,,,,8240,1,1,N,N,N,0,N,N,N,0,0,0,100,N,90,5063291,0,20260714,114200,0,12.0,,0,,N,N,N,0,0,0,0,0.0,,9410,,N,N,N
0219Z0,KR70219Z0000,HANARO 미국S&P500액티브,EF,,0,0,0,N,N,,0,N,N,N,2.0,N,N,,,,,N,,,0,,,Y,,,,,,10485,1,1,N,N,N,0,N,N,N,0,0,0,100,N,90,35951,0,20260804,900,0,12.0,,0,,N,N,N,0,0,0,0,0.0,,94,,N,N,N
0220A0,KR70220A0006,KIWOOM 현대차그룹TOP3채권혼합50,EF,,0,0,0,N,N,,0,N,N,N,2.0,N,N,,,,,N,,,0,,,Y,,,,,,8615,1,1,N,N,N,0,N,N,N,0,0,0,100,N,90,26173,0,20260714,1400,0,12.0,,0,,N,N,N,0,0,0,0,0.0,,120,,N,N,N
0220B0,KR70220B0005,DS 코스닥액티브,EF,,0,0,0,N,N,,0,N,N,N,2.0,N,N,,,,,N,,,0,,,Y,,,,,,12445,1,1,N,N,N,0,N,N,N,0,0,0,100,N,90,713499,0,20260714,6800,0,12.0,,0,,N,N,N,0,0,0,0,0.0,,846,,N,N,N
0220W0,KR70220W0000,한화머시너리앤서비스홀딩스,ST,2.0,21,0,0,,N,,4,N,N,Y,,N,N,,,,,N,,,0,,,N,,,,,,6010,1,1,N,N,N,0,N,N,N,0,0,0,100,N,90,2244215,1000,20260825,84515,84515535000,12.0,,0,,N,Y,Y,0,0,0,0,0.0,,5079,,N,N,N
0220WL,KR70220WK021,한화머시너리앤서비스홀딩스3우B,ST,0.0,21,0,0,,N,,0,N,N,N,,N,N,,,,,N,,,0,,,N,,,,,,2430,1,1,N,N,N,0,N,N,N,0,0,0,100,N,90,155324,1000,20260825,23639,23639140000,12.0,,9,,N,N,N,0,0,0,0,0.0,,574,,N,N,N
022100,KR7022100002,포스코DX,ST,2.0,26,0,0,,N,N,5,Y,N,Y,,N,N,N,N,N,N,N,N,N,0,N,N,N,N,N,N,N,N,21050,1,1,N,N,N,0,N,N,N,0,0,0,40,Y,90,201348,500,20240102,152034,76017364500,12.0,,0,,N,Y,Y,4741,135,177,158,5.74,20260630.0,32003,853,N,N,Y
0221V0,KR70221V0000,IBK 초단기채권액티브,EF,,0,0,0,N,N,,0,N,N,N,2.0,N,N,,,,,N,,,0,,,Y,,,,,,100805,1,1,N,N,N,0,N,N,N,0,0,0,100,N,90,99,0,20260721,1089,0,12.0,,0,,N,N,N,0,0,0,0,0.0,,1097,,N,N,N
0221Z0,KR70221Z0006,ACE K바이오코스닥액티브,EF,,0,0,0,N,N,,0,N,N,N,2.0,N,N,,,,,N,,,0,,,Y,,,,,,9675,1,1,N,N,N,0,N,N,N,0,0,0,100,N,90,43413,0,20260721,900,0,12.0,,0,,N,N,N,0,0,0,0,0.0,,87,,N,N,N
0222D0,KR70222D0001,KoAct 고배당액티브,EF,,0,0,0,N,N,,0,N,N,N,2.0,N,N,,,,,N,,,0,,,Y,,,,,,10070,1,1,N,N,N,0,N,N,N,0,0,0,100,N,90,155774,0,20260728,6750,0,12.0,,0,,N,N,N,0,0,0,0,0.0,,679,,N,N,N
0222F0,KR70222F0009,마이티 AI데이터센터밸류체인,EF,,0,0,0,N,N,,0,N,N,N,2.0,N,N,,,,,N,,,0,,,Y,,,,,,12910,1,1,N,N,N,0,N,N,N,0,0,0,100,N,90,2097,0,20260804,1150,0,12.0,,0,,N,N,N,0,0,0,0,0.0,,148,,N,N,N
0223A0,KR70223A0003,RISE 코스닥커버드콜액티브,EF,,0,0,0,N,N,,0,N,N,N,2.0,N,N,,,,,N,,,0,,,Y,,,,,,11685,1,1,N,N,N,0,N,N,N,0,0,0,100,N,90,248885,0,20260728,2200,0,12.0,,0,,N,N,N,0,0,0,0,0.0,,257,,N,N,N
0223R0,KR70223R0004,TIGER 미국테크NYSE100액티브,EF,,0,0,0,N,N,,0,N,N,N,2.0,N,N,,,,,N,,,0,,,Y,,,,,,9970,1,1,N,N,N,0,N,N,N,0,0,0,100,N,90,36268,0,20260721,2880,0,12.0,,0,,N,N,N,0,0,0,0,0.0,,287,,N,N,N
0224D0,KR70224D0009,KIWOOM 미국CPU반도체TOP4+,EF,,0,0,0,N,N,,0,N,N,N,2.0,N,N,,,,,N,,,0,,,Y,,,,,,10735,1,1,N,N,N,0,N,N,N,0,0,0,100,N,90,62259,0,20260728,900,0,12.0,,0,,N,N,N,0,0,0,0,0.0,,96,,N,N,N
0224X0,KR70224X0005,1Q 엔비디아알파벳미국채혼합50,EF,,0,0,0,N,N,,0,N,N,N,2.0,N,N,,,,,N,,,0,,,Y,,,,,,9730,1,1,N,N,N,0,N,N,N,0,0,0,100,N,90,60995,0,20260728,2850,0,12.0,,0,,N,N,N,0,0,0,0,0.0,,277,,N,N,N
0225V0,KR70225V0006,KODEX 미국CPU반도체TOP10,EF,,0,0,0,N,N,,0,N,N,N,2.0,N,N,,,,,N,,,0,,,Y,,,,,,12075,1,1,N,N,N,0,N,N,N,0,0,0,100,N,90,425188,0,20260804,6200,0,12.0,,0,,N,N,N,0,0,0,0,0.0,,748,,N,N,N
0226A0,KR70226A0000,PLUS SK하이닉스샌디스크채권혼합50,EF,,0,0,0,N,N,,0,N,N,N,2.0,N,N,,,,,N,,,0,,,Y,,,,,,10880,1,1,N,N,N,0,N,N,N,0,0,0,100,N,90,123119,0,20260804,5000,0,12.0,,0,,N,N,N,0,0,0,0,0.0,,544,,N,N,N
0226D0,KR70226D0007,FOCUS 금융반도체지주채권혼합50액티브,EF,,0,0,0,N,N,,0,N,N,N,2.0,N,N,,,,,N,,,0,,,Y,,,,,,10200,1,1,N,N,N,0,N,N,N,0,0,0,100,N,90,2923,0,20260811,800,0,12.0,,0,,N,N,N,0,0,0,0,0.0,,81,,N,N,N
0226G0,KR70226G0004,WON 피지컬AI TOP2플러스액티브,EF,,0,0,0,N,N,,0,N,N,N,2.0,N,N,,,,,N,,,0,,,Y,,,,,,12225,1,1,N,N,N,0,N,N,N,0,0,0,100,N,90,5787,0,20260804,650,0,12.0,,0,,N,N,N,0,0,0,0,0.0,,79,,N,N,N
0227K0,KR70227K0007,RISE 미국우주위성통신,EF,,0,0,0,N,N,,0,N,N,N,2.0,N,N,,,,,N,,,0,,,Y,,,,,,10230,1,1,N,N,N,0,N,N,N,0,0,0,100,N,90,33887,0,20260811,1000,0,12.0,,0,,N,N,N,0,0,0,0,0.0,,102,,N,N,N
0227L0,KR70227L0006,HANARO 미국에이전틱AI TOP2+,EF,,0,0,0,N,N,,0,N,N,N,2.0,N,N,,,,,N,,,0,,,Y,,,,,,10780,1,1,N,N,N,0,N,N,N,0,0,0,100,N,90,16594,0,20260915,1000,0,12.0,,0,,N,N,N,0,0,0,0,0.0,,107,,N,N,N
0228G0,KR70228G0002,ACE 반도체Plus전략산업,EF,,0,0,0,N,N,,0,N,N,N,2.0,N,N,,,,,N,,,0,,,Y,,,,,,9935,1,1,N,N,N,0,N,N,N,0,0,0,100,N,90,67670,0,20260811,26750,0,12.0,,0,,N,N,N,0,0,0,0,0.0,,2657,,N,N,N
0229F0,KR70229F0002,마이티 신약포커스바이오액티브,EF,,0,0,0,N,N,,0,N,N,N,2.0,N,N,,,,,N,,,0,,,Y,,,,,,8835,1,1,N,N,N,0,N,N,N,0,0,0,100,N,90,13197,0,20260901,700,0,12.0,,0,,N,N,N,0,0,0,0,0.0,,61,,N,N,N
023000,KR7023000003,삼원강재,ST,3.0,27,15,0,,N,N,0,N,N,N,,N,N,N,N,N,N,N,N,N,0,N,N,N,N,N,N,N,N,2190,1,1,N,N,N,0,N,N,N,0,0,0,100,N,90,12584,500,20110722,39739,20000000000,12.0,,0,,N,N,Y,0,0,0,0,0.0,20250930.0,870,Z35,N,N,N
023150,KR7023150006,MH에탄올,ST,3.0,27,5,0,,N,N,0,N,N,N,,N,N,N,N,N,N,N,N,N,0,N,N,N,N,N,N,N,N,4540,1,1,N,N,N,0,N,N,N,0,0,0,100,N,90,11883,500,19961224,6201,4596763000,12.0,,0,,N,N,Y,385,37,45,36,-6.84,20260630.0,281,,N,N,N
0231Z0,KR70231Z0004,KODEX 코리아TDF2065액티브 적격,EF,,0,0,0,N,N,,0,N,N,N,2.0,N,N,,,,,N,,,0,,,Y,,,,,,10325,1,1,N,N,N,0,N,N,N,0,0,0,100,N,90,521037,0,20260825,2000,0,12.0,,0,,N,N,N,0,0,0,0,0.0,,206,,N,N,N
0232A0,KR70232A0002,MIDAS 머니마켓액티브,EF,,0,0,0,N,N,,0,N,N,N,2.0,N,N,,,,,N,,,0,,,Y,,,,,,100450,1,1,N,N,N,0,N,N,N,0,0,0,100,N,90,1,0,20260901,3034,0,12.0,,0,,N,N,N,0,0,0,0,0.0,,3047,,N,N,N
023350,KR7023350002,한국종합기술,ST,3.0,26,0,0,,N,N,0,N,N,N,,N,N,N,N,N,N,N,N,N,0,N,N,N,N,N,N,N,N,3720,1,1,N,N,N,0,N,N,N,0,0,0,100,N,90,24991,500,20110428,10950,5475000000,12.0,,0,,N,N,Y,1983,43,79,58,8.06,20260630.0,407,,N,N,N
0233A0,KR70233A0001,ACE 삼성전자SK하이닉스플러스채권혼합50,EF,,0,0,0,N,N,,0,N,N,N,2.0,N,N,,,,,N,,,0,,,Y,,,,,,10670,1,1,N,N,N,0,N,N,N,0,0,0,100,N,90,43120,0,20260825,6200,0,12.0,,0,,N,N,N,0,0,0,0,0.0,,661,,N,N,N
0233J0,KR70233J0002,TIGER 삼성전자SK하이닉스미국채혼합50,EF,,0,0,0,N,N,,0,N,N,N,2.0,N,N,,,,,N,,,0,,,Y,,,,,,10440,1,1,N,N,N,0,N,N,N,0,0,0,100,N,90,353363,0,20260825,20000,0,12.0,,0,,N,N,N,0,0,0,0,0.0,,2088,,N,N,N
0233N0,KR70233N0006,RISE 글로벌AI낸드메모리반도체,EF,,0,0,0,N,N,,0,N,N,N,2.0,N,N,,,,,N,,,0,,,Y,,,,,,10710,1,1,N,N,N,0,N,N,N,0,0,0,100,N,90,301412,0,20260901,1500,0,12.0,,0,,N,N,N,0,0,0,0,0.0,,160,,N,N,N
023450,KR7023450000,동남합성,ST,3.0,27,8,0,,N,N,0,N,N,N,,N,N,N,N,N,N,N,N,N,0,N,N,N,N,N,N,N,N,31500,1,1,N,N,N,0,N,N,N,0,0,0,100,N,90,116,500,19961224,3500,3125564000,12.0,,0,,N,N,Y,0,0,0,0,0.0,20250930.0,1102,,N,N,N
0234N0,KR70234N0005,KIWOOM 삼성SK그룹TOP4+,EF,,0,0,0,N,N,,0,N,N,N,2.0,N,N,,,,,N,,,0,,,Y,,,,,,10420,1,1,N,N,N,0,N,N,N,0,0,0,100,N,90,535218,0,20260901,3550,0,12.0,,0,,N,N,N,0,0,0,0,0.0,,369,,N,N,N
023530,KR7023530009,롯데쇼핑,ST,2.0,16,0,0,,N,N,8,N,N,Y,,N,N,N,N,N,N,N,N,N,0,N,N,N,N,N,N,N,N,99000,1,1,N,N,N,0,N,N,N,0,0,0,50,Y,90,173778,5000,20060209,28288,141443775000,12.0,,0,,N,Y,Y,70666,3428,1996,1585,1.19,20260630.0,28005,283,N,N,N
023590,KR7023590003,다우기술,ST,2.0,29,0,0,,N,N,0,N,N,N,,N,N,N,N,N,N,N,N,N,0,N,N,N,N,N,N,N,N,37700,1,1,N,N,N,0,N,N,N,0,0,0,40,Y,90,47951,500,19970827,43287,22433308500,12.0,,0,,N,N,Y,256675,14591,14891,11654,21.35,20260630.0,16319,DKG,N,N,N
023800,KR7023800006,인지컨트롤스,ST,3.0,27,15,0,,N,N,0,N,N,N,,N,N,N,N,N,N,N,N,N,0,N,N,N,N,N,N,N,N,5020,1,1,N,N,N,0,N,N,N,0,0,0,100,N,90,17737,500,19970623,15809,7904598500,12.0,,0,,N,N,Y,3621,191,268,233,9.88,20260630.0,793,,N,N,N
023810,KR7023810005,인팩,ST,3.0,27,15,0,,N,N,0,N,N,N,,N,N,N,N,N,N,N,N,N,0,N,N,N,N,N,N,N,N,5380,1,1,N,N,N,0,N,N,N,0,0,0,100,N,90,9900,500,20040921,10000,5000000000,12.0,,0,,N,N,Y,3502,106,77,55,4.27,20260630.0,538,,N,N,N
0238C0,KR70238C0004,IBK 한미대표기업TOP2+채권혼합50액티브,EF,,0,0,0,N,N,,0,N,N,N,2.0,N,N,,,,,N,,,0,,,Y,,,,,,10180,1,1,N,N,N,0,N,N,N,0,0,0,100,N,90,2502,0,20260922,2250,0,12.0,,0,,N,N,N,0,0,0,0,0.0,,229,,N,N,N
0238F0,KR70238F0001,KODEX 미국AI메모리TOP2플러스,EF,,0,0,0,N,N,,0,N,N,N,2.0,N,N,,,,,N,,,0,,,Y,,,,,,10225,1,1,N,N,N,0,N,N,N,0,0,0,100,N,90,374483,0,20260915,7100,0,12.0,,0,,N,N,N,0,0,0,0,0.0,,725,,N,N,N
0238P0,KR70238P0009,TIGER 미국S&P500미국채혼합50,EF,,0,0,0,N,N,,0,N,N,N,2.0,N,N,,,,,N,,,0,,,Y,,,,,,10060,1,1,N,N,N,0,N,N,N,0,0,0,100,N,90,65722,0,20260908,5550,0,12.0,,0,,N,N,N,0,0,0,0,0.0,,558,,N,N,N
023960,KR7023960008,에쓰씨엔지니어링,ST,3.0,18,0,0,,N,N,0,N,N,N,,N,N,N,N,N,N,N,N,N,0,N,N,N,N,N,N,N,N,1003,1,1,N,N,N,0,N,N,N,0,0,0,100,N,90,20648,500,19970623,38035,19017987500,12.0,,0,,N,N,Y,331,-58,-78,-81,-26.63,20260630.0,381,LA6,N,N,N
0239Y0,KR70239Y0007,PLUS 코리아HBM반도체,EF,,0,0,0,N,N,,0,N,N,N,2.0,N,N,,,,,N,,,0,,,Y,,,,,,10765,1,1,N,N,N,0,N,N,N,0,0,0,100,N,90,158698,0,20260915,2000,0,12.0,,0,,N,N,N,0,0,0,0,0.0,,215,,N,N,N
0239Z0,KR70239Z0006,PLUS AI반도체소부장액티브,EF,,0,0,0,N,N,,0,N,N,N,2.0,N,N,,,,,N,,,0,,,Y,,,,,,12375,1,1,N,N,N,0,N,N,N,0,0,0,100,N,90,363981,0,20260915,3250,0,12.0,,0,,N,N,N,0,0,0,0,0.0,,402,,N,N,N
024070,KR7024070005,WISCOM,ST,3.0,27,8,0,,N,N,0,N,N,N,,N,N,N,N,N,N,N,N,N,0,N,N,N,N,N,N,N,N,1974,1,1,N,N,N,0,N,N,N,0,0,0,100,N,90,4400,500,19961122,15326,7663219000,12.0,,0,,N,N,Y,588,-3,28,21,3.58,20260630.0,302,,N,N,N
024090,KR7024090003,디씨엠,ST,3.0,27,11,0,,N,N,0,N,N,N,,N,N,N,N,N,N,N,N,N,0,N,N,N,N,N,N,N,N,11350,1,1,N,N,N,0,N,N,N,0,0,0,100,N,90,3757,500,19990818,11400,6000000000,12.0,,0,,N,N,Y,0,0,0,0,0.0,20250930.0,1293,,N,N,N
0240J0,KR70240J0003,RISE 삼성SK그룹,EF,,0,0,0,N,N,,0,N,N,N,2.0,N,N,,,,,N,,,0,,,Y,,,,,,10535,1,1,N,N,N,0,N,N,N,0,0,0,100,N,90,665352,0,20260922,7000,0,12.0,,0,,N,N,N,0,0,0,0,0.0,,737,,N,N,N
024110,KR7024110009,기업은행,ST,1.0,21,0,0,,N,Y,6,Y,Y,Y,,N,Y,N,N,N,Y,N,N,N,0,N,N,N,N,N,N,N,Y,20100,1,1,N,N,N,0,N,N,N,0,0,0,40,Y,90,431610,5000,20031224,797425,3987129345000,12.0,,0,,N,Y,Y,188578,18476,19054,14429,7.3,20260630.0,160282,,N,N,Y
0241R0,KR70241R0002,TIGER 현대차LG전자고정피지컬AI밸류체인,EF,,0,0,0,N,N,,0,N,N,N,2.0,N,N,,,,,N,,,0,,,Y,,,,,,9860,1,1,N,N,N,0,N,N,N,0,0,0,100,N,90,485663,0,20260922,2000,0,12.0,,0,,N,N,N,0,0,0,0,0.0,,197,,N,N,N
0242S0,KR70242S0000,파워 SK그룹,EF,,0,0,0,N,N,,0,N,N,N,2.0,N,N,,,,,N,,,0,,,Y,,,,,,10660,1,1,N,N,N,0,N,N,N,0,0,0,100,N,90,69505,0,20260922,1400,0,12.0,,0,,N,N,N,0,0,0,0,0.0,,149,,N,N,N
0246X0,KR70246X0009,SOL 글로벌DRAM반도체플러스,EF,,0,0,0,N,N,,0,N,N,N,2.0,N,N,,,,,N,,,0,,,Y,,,,,,9665,1,1,N,N,N,0,N,N,N,0,0,0,100,N,90,1946775,0,20261007,10000,0,12.0,,0,,N,N,N,0,0,0,0,0.0,,966,,N,N,N
024720,KR7024720005,콜마홀딩스,ST,3.0,21,0,0,,N,N,0,N,N,N,,N,N,N,N,N,N,N,N,N,0,N,N,N,N,N,N,N,N,9270,1,1,N,N,N,0,N,N,N,0,0,0,50,Y,90,9754,500,20020409,34296,18480739500,12.0,,0,,N,N,Y,2943,188,906,751,7.19,20260630.0,3179,LE7,N,N,N
024890,KR7024890006,대원화성,ST,3.0,27,8,0,,N,N,0,N,N,N,,N,N,N,N,N,N,N,N,N,0,N,N,N,N,N,N,N,N,1368,1,1,N,N,Y,0,N,N,N,0,0,0,100,N,90,22220,2500,19971028,8249,20624575000,12.0,,0,,N,N,Y,696,1,-5,-6,6.32,20260630.0,112,,N,N,N
024900,KR7024900003,디와이덕양,ST,3.0,27,15,0,,N,N,0,N,N,N,,N,N,N,N,N,N,N,N,N,0,N,N,N,N,N,N,N,N,2180,1,1,N,N,N,0,N,N,N,0,0,0,100,N,90,82062,500,19970623,32564,16282490000,12.0,,0,,N,N,Y,8429,-53,42,11,2.36,20260630.0,709,,N,N,N
025000,KR7025000001,KPX케미칼,ST,3.0,27,8,0,,N,N,0,N,N,N,,N,N,N,N,N,N,N,N,N,0,N,N,N,N,N,N,N,N,58600,1,1,N,N,N,0,N,N,N,0,0,0,50,Y,90,9595,5000,19941227,4146,21893545000,12.0,,0,,N,N,Y,4426,285,939,717,14.23,20260630.0,2429,,N,N,N
025530,KR7025530007,SJM홀딩스,ST,3.0,16,0,0,,N,N,0,N,N,N,,N,N,N,N,N,N,N,N,N,0,N,N,N,N,N,N,N,N,3640,1,1,N,N,N,0,N,N,N,0,0,0,100,N,90,3403,500,19970212,14934,7467004000,12.0,,0,,N,N,Y,1079,81,239,184,9.2,20260630.0,543,,N,N,N
025540,KR7025540006,한국단자,ST,2.0,27,13,0,,N,N,0,N,N,Y,,N,N,N,N,N,N,N,N,N,0,N,N,N,N,Y,N,N,N,55000,1,1,N,N,N,0,N,N,N,0,0,0,40,Y,90,13407,500,19961016,10115,5207500000,12.0,,0,,N,N,Y,7324,437,757,605,10.62,20260630.0,5563,,N,N,N
025560,KR7025560004,미래산업,ST,3.0,27,14,0,,N,N,0,N,N,N,,N,N,N,N,N,N,N,N,N,0,N,N,N,N,N,N,N,N,7910,1,1,N,N,N,0,N,N,N,0,0,0,100,N,90,695487,100,19961122,27778,2777867800,12.0,,0,,N,N,Y,515,152,167,166,19.41,20260630.0,2197,,N,N,N
025620,KR7025620006,차AI헬스케어,ST,3.0,27,8,0,,N,N,0,N,N,N,,N,N,N,N,N,N,N,N,N,0,N,N,N,N,N,N,N,N,5480,1,1,N,N,N,0,N,N,N,0,0,0,100,N,90,5201,500,19950708,18203,9101986500,12.0,,0,,N,N,Y,48,-35,58,58,13.48,20260630.0,997,,N,N,N
025750,KR7025750001,한솔홈데코,ST,3.0,27,7,0,,N,N,0,N,N,N,,N,N,N,N,N,N,N,N,N,0,N,N,N,N,N,N,N,N,1867,1,1,N,N,N,0,N,N,N,0,0,0,100,N,90,57617,5000,20031104,16113,83765145000,12.0,,0,,N,N,Y,1396,59,31,35,-19.6,20260630.0,300,924,N,N,N
025820,KR7025820002,이구산업,ST,3.0,27,11,0,,N,N,0,N,N,N,,N,N,N,N,N,N,N,N,N,0,N,N,N,N,N,N,N,N,4165,1,1,N,N,N,0,N,N,N,0,0,0,60,Y,90,128698,500,19950818,33442,16721000000,12.0,,0,,N,N,Y,4723,252,160,126,9.61,20241231.0,1392,,N,N,N
025860,KR7025860008,남해화학,ST,3.0,27,8,0,,N,N,0,N,N,Y,,N,N,N,N,N,N,N,Y,N,0,N,N,N,N,N,N,N,N,6030,1,1,N,N,N,0,N,N,N,0,0,0,50,Y,90,124109,1000,19951110,49678,49678843000,12.0,,0,,N,N,Y,9979,128,84,58,2.13,20260630.0,2995,E56,N,N,N
025890,KR7025890005,한국주강,ST,3.0,27,12,0,,N,N,0,N,N,N,,N,N,N,N,N,N,N,N,N,0,N,N,N,N,N,N,N,N,2620,1,1,N,N,N,0,N,N,N,0,0,0,100,N,90,12050,500,19970718,11144,5654629500,12.0,,0,,N,N,Y,473,11,8,8,2.27,20241231.0,291,,N,N,N
026890,KR7026890004,스틱인베스트먼트,ST,3.0,21,0,0,,N,N,0,N,N,N,,N,N,N,N,N,N,N,N,N,0,N,N,N,N,N,N,N,N,8250,1,1,N,N,N,0,N,N,N,0,0,0,100,N,90,65070,500,19971125,38770,20839087500,12.0,,0,,N,N,Y,371,76,77,54,8.62,20260630.0,3198,,N,N,N
026940,KR7026940007,부국철강,ST,3.0,27,11,0,,N,N,0,N,N,N,,N,N,N,N,N,N,N,N,N,0,N,N,N,N,N,N,N,N,2070,1,1,N,N,N,0,N,N,N,0,0,0,100,N,90,133672,500,20081014,20000,10000000000,12.0,,0,,N,N,Y,0,0,0,0,0.0,20250930.0,414,,N,N,N
026960,KR7026960005,동서,ST,2.0,16,0,0,,N,N,7,N,N,N,,N,N,N,N,N,N,N,N,N,0,N,N,N,N,N,N,N,N,26450,1,1,N,N,N,0,N,N,N,0,0,0,40,Y,90,33081,500,20160715,99700,49850000000,12.0,,0,,N,N,Y,2710,202,925,848,8.5,20260630.0,26370,,N,N,N
027410,KR7027410000,BGF,ST,3.0,21,0,0,,N,N,0,N,N,N,,N,N,N,N,N,N,N,N,N,0,N,N,N,N,N,N,N,N,3740,1,1,N,N,N,0,N,N,N,0,0,0,50,Y,90,216810,1000,20140519,95716,95716791000,12.0,,0,,N,N,Y,2285,221,260,235,3.74,20260630.0,3579,LD7,N,N,N
027740,KR7027740000,마니커,ST,3.0,27,5,0,,N,N,0,N,N,N,,N,N,N,N,N,N,N,N,N,0,N,N,N,N,N,N,N,N,1123,1,1,N,N,N,0,N,N,N,0,0,0,100,N,90,29072,1000,20021029,31755,31755614000,12.0,,0,,N,N,Y,2065,-31,-44,-44,-5.09,20260630.0,356,,N,N,N
027970,KR7027970003,한국제지,ST,3.0,27,7,0,,N,N,0,N,N,N,,N,N,N,N,N,N,N,N,N,0,N,N,N,N,N,N,N,N,2700,1,1,N,N,N,0,N,N,N,0,0,0,100,N,90,12258,5000,19960703,38030,190150720000,12.0,,0,,N,N,Y,4194,92,-443,-464,-21.32,20260630.0,1026,,N,N,N
028050,KR7028050003,삼성E&A,ST,1.0,26,0,0,,N,N,1,Y,N,Y,,Y,Y,N,N,N,N,N,N,N,0,N,Y,N,N,N,N,N,Y,48600,1,1,N,N,N,0,N,N,N,0,0,0,40,Y,90,1885866,5000,19961224,196000,980000000000,12.0,,0,,N,Y,Y,48767,4613,4545,3458,14.11,20260630.0,95256,511,N,N,Y
028100,KR7028100006,동아지질,ST,3.0,18,0,0,,N,N,0,N,N,N,,N,N,N,N,N,N,N,N,N,0,N,N,N,N,N,N,N,N,19770,1,1,N,N,N,0,N,N,N,0,0,0,50,Y,90,17144,500,20090612,11222,7026323000,12.0,,0,,N,N,Y,2357,101,129,98,9.5,20260630.0,2218,,N,N,N
028260,KR7028260008,삼성물산,ST,1.0,16,0,0,,N,N,1,Y,Y,Y,,Y,Y,N,N,N,N,N,N,N,0,N,N,N,N,N,N,N,N,336000,1,1,N,N,N,0,N,N,N,0,0,0,40,Y,90,244418,100,20141218,162167,18370138100,12.0,,0,,N,Y,Y,224609,17521,24223,20014,3.99,20260630.0,544883,511,N,N,Y
02826K,KR702826K016,삼성물산우B,ST,0.0,16,0,0,,N,N,0,N,N,N,,N,N,N,N,N,N,N,N,N,0,N,N,N,N,N,N,N,N,217500,1,1,N,N,N,0,N,N,N,0,0,0,40,Y,90,2334,100,20150915,1467,146759000,12.0,,9,,N,N,N,0,0,0,0,0.0,,3192,,N,N,N
028670,KR7028670008,팬오션,ST,2.0,19,0,0,,N,N,9,N,N,Y,,N,N,N,N,N,N,N,N,N,0,N,N,N,N,N,N,Y,N,6210,1,1,N,N,N,0,N,N,N,0,0,0,40,Y,90,4342261,1000,20070921,534569,534569512000,12.0,,0,,N,Y,Y,34226,3346,2383,2320,5.82,20260630.0,33196,HRM,N,N,Y
029460,KR7029460003,케이씨,ST,3.0,27,14,0,,N,N,0,N,N,Y,,N,N,N,Y,N,N,N,N,N,0,N,N,N,N,N,N,N,N,47250,1,1,N,N,N,0,N,N,N,0,0,0,40,Y,90,64214,500,19971125,11020,6777022000,12.0,,0,,N,N,Y,4629,361,615,515,6.08,20260630.0,5207,,N,N,N
029530,KR7029530003,신도리코,ST,3.0,27,13,0,,N,N,0,N,N,N,,N,N,N,N,N,N,N,N,N,0,N,N,N,N,N,N,N,N,38050,1,1,N,N,N,0,N,N,N,0,0,0,40,Y,90,4468,5000,19961224,9715,50400145000,12.0,,0,,N,N,Y,1565,-59,267,172,3.63,20260630.0,3696,,N,N,N
029780,KR7029780004,삼성카드,ST,1.0,21,0,0,,N,Y,6,Y,N,Y,,N,N,N,N,N,N,N,N,N,0,N,N,N,N,N,N,N,Y,41750,1,1,N,N,N,0,N,N,N,0,0,0,40,Y,90,65945,5000,20070627,115858,614794455000,12.0,,0,,N,Y,Y,24632,4187,4211,3105,7.12,20260630.0,48371,511,N,N,N
030000,KR7030000004,제일기획,ST,2.0,26,0,0,,N,N,B,N,N,Y,,N,N,N,N,N,N,N,N,N,0,N,N,N,N,N,N,N,N,18960,1,1,N,N,N,0,N,N,N,0,0,0,40,Y,90,356662,200,19980303,115041,23008245000,12.0,,0,,N,Y,Y,20921,1292,1359,918,14.67,20260630.0,21811,511,N,N,N
030190,KR7030190003,NICE평가정보,ST,2.0,29,0,0,,N,N,0,N,N,N,,N,N,N,N,N,N,N,N,N,0,N,N,N,N,N,N,N,N,16850,1,1,N,N,N,0,N,N,N,0,0,0,40,Y,90,83773,500,20230808,58268,30357410000,12.0,,0,,N,N,Y,3192,623,663,516,19.08,20260630.0,9818,,N,N,N
030200,KR7030200000,KT,ST,1.0,20,0,0,,N,Y,B,Y,Y,Y,,N,Y,N,N,N,N,N,N,N,0,Y,N,N,N,N,N,N,Y,51300,1,1,N,N,N,0,N,N,N,0,0,0,40,Y,90,181517,5000,19981223,252021,1564498835000,12.0,,0,,N,Y,Y,134583,11310,11586,8689,7.26,20260630.0,129287,905,N,N,Y
030210,KR7030210009,다올투자증권,ST,3.0,21,24,0,,N,N,0,N,N,Y,,N,N,N,N,N,N,N,N,N,0,N,N,N,Y,N,N,N,N,3965,1,1,N,N,N,0,N,N,N,0,0,0,100,N,90,109010,5000,19961119,60911,304555530000,12.0,,0,,N,N,Y,18296,263,432,322,5.97,20260630.0,2415,,N,N,N
030610,KR7030610000,교보증권,ST,2.0,21,24,0,,N,N,0,N,N,Y,,N,N,N,N,N,N,N,N,N,0,N,N,N,Y,N,N,N,N,9800,1,1,N,N,N,0,N,N,N,0,0,0,40,Y,90,35118,5000,20020718,113962,569814805000,12.0,,0,,N,N,Y,51103,2119,2130,1585,8.95,20260630.0,11168,KYB,N,N,N
030720,KR7030720007,동원수산,ST,3.0,0,0,0,,N,N,0,N,N,N,,N,N,N,N,N,N,N,N,N,0,N,N,N,N,N,N,N,N,4460,1,1,N,N,Y,0,N,N,N,0,0,0,100,N,90,55708,5000,19961122,4653,23269025000,12.0,,0,,N,N,Y,898,81,85,75,18.01,20260630.0,207,,N,N,N
031210,KR7031210008,서울보증보험,ST,2.0,21,25,0,,N,,0,N,N,Y,,N,N,,,,,N,,,0,,,N,,,,,,42800,1,1,N,N,N,0,N,N,N,0,0,0,40,Y,90,39518,2500,20250314,69821,174553995000,12.0,,0,,N,Y,Y,15216,1805,1725,1235,6.02,20260630.0,29883,,N,N,N
031430,KR7031430002,신세계인터내셔날,ST,3.0,16,0,0,,N,N,0,N,N,N,,N,N,N,N,N,N,N,N,N,0,N,N,N,N,N,N,N,N,10810,1,1,N,N,N,0,N,N,N,0,0,0,40,Y,90,84228,1000,20110714,34986,35700000000,12.0,,0,,N,N,Y,5872,218,224,210,2.47,20260630.0,3781,577,N,N,Y
031820,KR7031820004,아이티센씨티에스,ST,3.0,29,0,0,,N,N,0,N,N,N,,N,N,N,N,N,N,N,N,N,0,N,N,N,N,N,N,N,N,5780,1,1,N,N,N,0,N,N,N,0,0,0,100,N,90,50875,5000,19970212,12105,60525730000,12.0,,0,,N,N,Y,5095,103,543,503,35.81,20260630.0,699,,N,N,N
032350,KR7032350001,롯데관광개발,ST,2.0,26,0,0,,N,N,0,N,N,Y,,N,N,N,N,N,N,N,N,N,0,N,N,N,N,N,N,N,N,11280,1,1,N,N,N,0,N,N,N,0,0,0,100,N,90,561533,500,20060608,79725,39862729000,12.0,,0,,N,Y,Y,3595,807,119,72,14.76,20260630.0,8993,,N,N,N
032560,KR7032560005,황금에스티,ST,3.0,27,11,0,,N,N,0,N,N,N,,N,N,N,N,N,N,N,N,N,0,N,N,N,N,N,N,N,N,5570,1,1,N,N,N,0,N,N,N,0,0,0,100,N,90,7730,500,20091029,17000,8500000000,12.0,,0,,N,N,Y,1917,211,270,216,6.78,20260630.0,946,,N,N,N
032640,KR7032640005,LG유플러스,ST,1.0,20,0,0,,N,N,B,Y,N,Y,,N,Y,N,N,N,N,N,N,N,0,Y,N,N,N,N,N,N,Y,14500,1,1,N,N,N,0,N,N,N,0,0,0,40,Y,90,576463,5000,20080421,424427,2573969175000,12.0,,0,,N,Y,Y,74987,6167,5376,3937,5.99,20260630.0,61542,282,N,N,N
032830,KR7032830002,삼성생명,ST,1.0,21,25,0,,N,Y,6,Y,Y,Y,,Y,Y,N,N,N,N,N,N,N,0,N,N,N,N,N,Y,N,Y,281000,1,1,N,N,N,0,N,N,N,0,0,0,40,Y,90,171805,500,20100512,200000,100000000000,12.0,,0,,N,Y,Y,334793,19804,23911,19677,3.34,20260630.0,562000,511,N,N,Y
033240,KR7033240003,자화전자,ST,2.0,27,13,0,,N,N,0,N,N,N,,N,N,N,N,N,N,N,N,N,0,N,N,N,N,N,N,N,N,27450,1,1,N,N,N,0,N,N,N,0,0,0,40,Y,90,71587,500,19990106,21605,11077935000,12.0,,0,,N,N,Y,4959,471,635,541,24.64,20260630.0,5930,,N,N,Y
033250,KR7033250002,체시스,ST,3.0,27,15,0,,N,N,0,N,N,N,,N,N,N,N,N,N,N,N,N,0,N,N,N,N,N,N,N,N,4005,1,1,N,N,N,0,N,N,N,0,0,0,100,N,90,31099,2500,19990811,6400,16000000000,12.0,,0,,N,N,Y,512,29,41,41,14.53,20260630.0,256,,N,N,N
033270,KR7033270000,유나이티드제약,ST,3.0,27,9,0,,N,N,0,N,N,Y,,N,N,N,N,Y,N,N,N,N,0,N,N,N,N,N,N,N,N,17970,1,1,N,N,N,0,N,N,N,0,0,0,40,Y,90,22755,500,20071023,15910,8166911000,12.0,,0,,N,N,Y,2887,563,461,325,8.27,20241231.0,2859,,N,N,N
033530,KR7033530007,SJG세종,ST,3.0,27,15,0,,N,N,0,N,N,N,,N,N,N,N,N,N,N,N,N,0,N,N,N,N,N,N,N,N,6790,1,1,N,N,N,0,N,N,N,0,0,0,60,Y,90,27292,500,20020925,27052,13910480500,12.0,,0,,N,N,Y,10094,703,917,722,17.68,20260630.0,1836,,N,N,N
033780,KR7033780008,KT&G,ST,1.0,27,5,0,,N,Y,7,Y,Y,Y,,N,Y,N,N,N,N,N,N,N,0,N,N,N,N,N,N,N,N,179600,1,1,N,N,N,0,N,N,N,0,0,0,40,Y,90,180210,5000,19991008,103810,954959485000,12.0,,0,,N,Y,Y,34052,7790,9972,7403,15.22,20260630.0,186443,KTG,N,N,N
033920,KR7033920000,무학,ST,3.0,27,5,0,,N,N,0,N,N,N,,N,N,N,N,N,N,N,N,N,0,N,N,N,N,N,N,N,N,7300,1,1,N,N,N,0,N,N,N,0,0,0,50,Y,90,5103,200,20100720,28500,5700000000,12.0,,0,,N,N,Y,736,31,186,139,5.49,20260630.0,2080,,N,N,N
034020,KR7034020008,두산에너빌리티,ST,1.0,27,12,0,,N,N,2,Y,Y,Y,,Y,Y,N,N,N,N,N,N,N,0,N,N,N,N,Y,N,N,Y,80500,1,1,N,N,N,0,N,N,N,0,0,0,40,Y,90,2302133,5000,20001025,640561,3202805730000,12.0,,0,,N,Y,Y,89859,5478,4673,2866,2.3,20260630.0,515651,391,N,N,Y
034120,KR7034120006,SBS,ST,3.0,30,0,0,,N,N,0,N,N,Y,,N,N,N,N,N,N,N,N,N,0,Y,N,N,N,N,N,N,N,11690,1,1,N,N,N,0,N,N,N,0,0,0,50,Y,90,1042,5000,20030625,18551,92756190000,12.0,,0,,N,N,Y,4757,-98,-77,-73,0.21,20260630.0,2168,844,N,N,N
034220,KR7034220004,LG디스플레이,ST,1.0,27,13,0,,N,N,5,Y,N,Y,,Y,Y,N,N,N,N,N,N,N,0,N,N,N,N,N,N,N,Y,8250,1,1,N,N,N,0,N,N,N,0,0,0,100,N,90,2807479,5000,20040723,500000,2500000000000,12.0,,0,,N,Y,Y,111461,390,-9814,-9945,-21.15,20260630.0,41250,282,N,N,N
034230,KR7034230003,파라다이스,ST,2.0,30,0,0,,N,N,8,N,N,Y,,N,N,N,N,N,N,N,N,N,0,N,N,N,N,N,N,N,N,9810,1,1,N,N,N,0,N,N,N,0,0,0,50,Y,90,721879,500,20240624,92629,48146275000,12.0,,0,,N,Y,Y,6121,729,522,397,4.36,20260630.0,9086,141,N,N,Y
034310,KR7034310003,NICE,ST,3.0,26,0,0,,N,N,0,N,N,N,,N,N,N,N,N,N,N,N,N,0,N,N,N,N,N,N,N,N,11700,1,1,N,N,N,0,N,N,N,0,0,0,40,Y,90,14535,500,20040204,36757,18941150000,12.0,,0,,N,N,Y,15241,1232,1135,203,2.76,20260630.0,4300,,N,N,N
034590,KR7034590000,인천도시가스,ST,3.0,17,0,0,,N,N,0,N,N,N,,N,N,N,N,N,N,N,N,N,0,N,N,N,N,N,N,N,N,26250,1,1,N,N,N,0,N,N,N,0,0,0,100,N,90,807,5000,20061107,4374,21873770000,12.0,,0,,N,N,Y,9436,194,244,193,8.85,20241231.0,1148,,N,N,N
034730,KR7034730002,SK,ST,1.0,21,0,0,,N,Y,4,Y,Y,Y,,Y,Y,N,N,N,N,N,N,N,0,N,N,N,N,N,N,N,Y,580000,1,1,N,N,N,0,N,N,N,0,0,0,40,Y,90,97345,200,20091111,72502,16029865800,12.0,,0,,N,Y,Y,789549,85144,328235,29014,25.41,20260630.0,420515,535,N,N,Y
03473K,KR703473K016,SK우,ST,0.0,21,0,0,,N,N,0,N,N,N,,N,N,N,N,N,N,N,N,N,0,N,N,N,N,N,N,N,N,374000,1,1,N,N,N,0,N,N,N,0,0,0,40,Y,90,463,200,20150817,566,113227000,12.0,,9,,N,N,N,0,0,0,0,0.0,,2117,,N,N,N
034830,KR7034830000,한국토지신탁,ST,3.0,21,0,0,,N,N,0,N,N,N,,N,N,N,N,N,N,N,N,N,0,N,N,N,N,N,N,N,N,1118,1,1,N,N,N,0,N,N,N,0,0,0,100,N,90,294156,1000,20160711,252489,252489230000,12.0,,0,,N,N,Y,989,49,411,290,4.06,20260630.0,2822,,N,N,N
035000,KR7035000009,HS애드,ST,3.0,26,0,0,,N,N,0,N,N,N,,N,N,N,N,N,N,N,N,N,0,N,N,N,N,N,N,N,N,6390,1,1,N,N,N,0,N,N,N,0,0,0,100,N,90,131010,1000,19990811,16207,17571493000,12.0,,0,,N,N,Y,1749,-84,-83,-73,9.65,20260630.0,1035,282,N,N,N
035150,KR7035150002,백산,ST,3.0,27,8,0,,N,N,0,N,N,N,,N,N,N,N,N,N,N,N,N,0,N,N,N,N,N,N,N,N,10380,1,1,N,N,N,0,N,N,N,0,0,0,50,Y,90,17968,500,19990811,19771,14155000000,12.0,,0,,N,N,Y,2565,290,281,220,13.54,20260630.0,2052,,N,N,N
035250,KR7035250000,강원랜드,ST,2.0,30,0,0,,N,Y,8,Y,N,Y,,N,N,N,N,N,N,N,N,N,0,N,N,N,N,N,N,N,N,14330,1,1,N,N,N,0,N,N,N,0,0,0,40,Y,90,154726,500,20030904,213940,106970250000,12.0,,0,,N,Y,Y,7246,1127,1948,1495,8.59,20260630.0,30657,,N,N,Y
035420,KR7035420009,NAVER,ST,1.0,29,0,0,,N,N,B,Y,Y,Y,,Y,Y,N,N,N,N,N,N,N,0,N,N,N,N,N,N,N,N,189000,1,1,N,N,N,0,N,N,N,0,0,0,40,Y,90,514678,100,20081128,152094,16495622000,12.0,,0,,N,Y,Y,66298,10621,12955,9953,7.24,20260630.0,287458,LB4,N,N,Y
035510,KR7035510007,신세계 I&C,ST,3.0,29,0,0,,N,N,0,N,N,N,,N,N,N,N,N,N,N,N,N,0,N,N,N,N,N,N,N,N,15120,1,1,N,N,N,0,N,N,N,0,0,0,60,Y,90,70313,500,20060518,13980,6990450000,12.0,,0,,N,N,Y,3536,277,301,231,6.95,20260630.0,2113,577,N,N,N
035720,KR7035720002,카카오,ST,1.0,29,0,0,,N,N,B,Y,Y,Y,,Y,Y,N,N,N,N,N,N,N,0,N,N,N,N,N,N,N,N,33050,1,1,N,N,N,0,N,N,N,0,0,0,40,Y,90,1223719,100,20170710,443000,44350051000,12.0,,0,,N,Y,Y,40405,4884,6963,2448,3.1,20260630.0,146411,KAO,N,N,Y
036420,KR7036420008,콘텐트리중앙,ST,3.0,30,0,0,,N,N,0,N,N,N,,N,N,N,N,N,N,N,N,N,0,N,N,N,N,N,N,N,N,1528,1,1,N,N,Y,0,N,N,N,0,0,0,100,N,90,20178,5000,20191018,19262,96311540000,12.0,,0,,N,N,Y,4203,-613,-1140,-1124,-289.6,20260630.0,294,LB2,N,N,N
036460,KR7036460004,한국가스공사,ST,2.0,17,0,0,,N,N,7,Y,N,Y,,N,N,N,N,N,N,N,N,N,0,N,N,N,N,N,N,N,Y,36400,1,1,N,N,N,0,N,N,N,0,0,0,50,Y,90,115116,5000,19991215,92313,461565000000,12.0,,0,,N,Y,Y,193102,15853,12091,8871,4.99,20260630.0,33601,,N,N,Y
036530,KR7036530004,SNT홀딩스,ST,2.0,21,0,0,,N,N,0,N,N,Y,,N,N,Y,N,N,N,N,N,N,0,N,N,N,N,N,N,N,N,44650,1,1,N,N,N,0,N,N,N,0,0,0,40,Y,90,9458,500,20021022,16303,8351943000,12.0,,0,,N,N,Y,10043,1286,1223,789,7.38,20260630.0,7279,,N,N,N
036570,KR7036570000,NC,ST,1.0,29,0,0,,N,N,B,Y,N,Y,,N,Y,N,N,N,N,N,N,N,0,N,N,N,N,N,N,N,N,237500,1,1,N,N,N,0,N,N,N,0,0,0,40,Y,90,209191,500,20030522,21544,10977011000,12.0,,0,,N,Y,Y,13279,2871,3640,2836,18.68,20260630.0,51167,,N,N,Y
036580,KR7036580009,팜스코,ST,3.0,27,5,0,,N,N,0,N,N,N,,N,N,N,N,N,N,N,N,N,0,N,N,N,N,N,N,N,N,2475,1,1,N,N,N,0,N,N,N,0,0,0,100,N,90,22641,500,19991025,36727,18363971500,12.0,,0,,N,N,Y,8328,399,-78,-121,-8.29,20260630.0,909,HRM,N,N,N
037270,KR7037270006,YG PLUS,ST,3.0,29,0,0,,N,N,0,N,N,N,,N,N,N,N,N,N,N,N,N,0,N,N,N,N,N,N,N,N,3155,1,1,N,N,N,0,N,N,N,0,0,0,50,Y,90,231151,500,20030801,63663,32456555000,12.0,,0,,N,N,Y,1156,77,130,97,10.93,20260630.0,2008,,N,N,Y
037560,KR7037560000,LG헬로비전,ST,3.0,30,0,0,,N,N,0,N,N,Y,,N,N,N,N,N,N,N,N,N,0,Y,N,N,N,N,N,N,N,1560,1,1,N,N,N,0,N,N,N,0,0,0,60,Y,90,70264,2500,20121109,77446,193617162500,12.0,,0,,N,N,Y,4987,81,58,42,-0.93,20260630.0,1208,282,N,N,N
037710,KR7037710001,광주신세계,ST,3.0,16,0,0,,N,N,0,N,N,N,,N,N,N,N,N,N,N,N,N,0,N,N,N,N,N,N,N,N,33650,1,1,N,N,N,0,N,N,N,0,0,0,50,Y,90,11132,1000,20020207,7627,7627172000,12.0,,0,,N,N,Y,0,0,0,0,0.0,20250930.0,2566,577,N,N,Y
039130,KR7039130000,하나투어,ST,2.0,26,0,0,,N,N,0,N,N,N,,N,N,N,N,N,N,N,N,N,0,N,N,N,N,N,N,N,N,30150,1,1,N,N,N,0,N,N,N,0,0,0,50,Y,90,12309,500,20111101,15489,8019592500,12.0,,0,,N,N,Y,2903,222,331,322,26.11,20260630.0,4670,,N,N,N
039490,KR7039490008,키움증권,ST,1.0,21,24,0,,N,N,6,Y,N,Y,,N,Y,N,N,N,N,N,N,N,0,N,N,N,Y,N,N,N,N,247000,1,1,N,N,N,0,N,N,N,0,0,0,40,Y,90,79260,5000,20090803,26228,144393865000,12.0,,0,,N,Y,Y,254691,14102,14512,11580,25.42,20260630.0,64783,DKG,N,N,Y
039570,KR7039570007,HDC랩스,ST,3.0,18,0,0,,N,N,0,N,N,N,,N,N,N,N,N,N,N,N,N,0,N,N,N,N,N,N,N,N,7410,1,1,N,N,N,0,N,N,N,0,0,0,60,Y,90,4836,500,20150924,25957,12978800500,12.0,,0,,N,N,Y,3019,129,176,137,7.22,20260630.0,1923,HDC,N,N,N
041650,KR7041650003,상신브레이크,ST,3.0,27,15,0,,N,N,0,N,N,N,,N,N,N,N,N,N,N,N,N,0,N,N,N,N,N,N,N,N,2160,1,1,N,N,N,0,N,N,N,0,0,0,100,N,90,7688,500,20041027,21471,10735725000,12.0,,0,,N,N,Y,2802,31,59,32,2.21,20260630.0,463,,N,N,N
042660,KR7042660001,한화오션,ST,1.0,27,15,0,,N,N,2,Y,Y,Y,,Y,Y,N,N,N,N,N,N,N,0,N,N,N,N,Y,N,N,Y,74100,1,1,N,N,N,0,N,N,N,0,0,0,40,Y,90,820811,5000,20010202,306413,1537066970000,12.0,,0,,N,Y,Y,86531,11772,11750,11926,32.55,20260630.0,227052,913,N,N,Y
042700,KR7042700005,한미반도체,ST,1.0,27,12,0,,N,N,5,Y,Y,Y,,Y,Y,N,Y,N,N,N,N,N,0,N,N,N,N,N,N,N,N,264500,1,1,N,N,N,0,N,N,N,0,0,0,40,Y,90,605179,100,20050722,95312,12716420500,12.0,,0,,N,Y,Y,3021,1388,1696,1275,33.24,20260630.0,252100,,N,N,Y
044380,KR7044380004,주연테크,ST,3.0,27,13,0,,N,N,0,N,N,N,,N,N,N,N,N,N,N,N,N,0,N,N,N,N,N,N,N,N,436,1,1,Y,N,Y,0,N,N,N,0,0,0,100,N,90,0,1000,20061115,13896,14280770000,12.0,,0,,N,N,Y,319,5,9,9,0.45,20260630.0,60,,N,N,N
044450,KR7044450005,KSS해운,ST,3.0,19,0,0,,N,N,0,N,N,N,,N,N,N,N,N,N,N,N,N,0,N,N,N,N,N,N,N,N,12230,1,1,N,N,N,0,N,N,N,0,0,0,50,Y,90,43379,500,20071026,22577,11592940000,12.0,,0,,N,N,Y,2997,536,816,805,19.49,20260630.0,2761,,N,N,N
044820,KR7044820009,코스맥스비티아이,ST,3.0,21,0,0,,N,N,0,N,N,N,,N,N,N,N,N,N,N,N,N,0,N,N,N,N,N,N,N,N,25250,1,1,N,N,N,0,N,N,N,0,0,0,50,Y,90,104886,500,20061113,9603,4801960500,12.0,,0,,N,N,Y,4442,327,485,657,22.45,20260630.0,2424,,N,N,N
047040,KR7047040001,대우건설,ST,1.0,18,0,0,,N,N,1,N,N,Y,,Y,Y,N,N,N,N,N,N,N,0,N,Y,N,N,N,N,N,N,17340,1,1,N,N,N,0,N,N,N,0,0,0,50,Y,90,3761046,5000,20010323,410907,2078113190000,12.0,,0,,N,Y,Y,39949,4879,4788,3630,-14.26,20260630.0,71251,123,N,N,Y
047050,KR7047050000,포스코인터내셔널,ST,1.0,16,0,0,,N,N,9,Y,N,Y,,N,Y,N,N,N,N,N,N,N,0,N,N,N,N,N,N,N,N,57200,1,1,N,N,N,0,N,N,N,0,0,0,40,Y,90,380369,5000,20010323,175922,879613940000,12.0,,0,,N,Y,Y,180336,7865,6767,5246,12.34,20260630.0,100627,853,N,N,Y
047400,KR7047400007,유니온머티리얼,ST,3.0,27,10,0,,N,N,0,N,N,N,,N,N,N,N,N,N,N,N,N,0,N,N,N,N,N,N,N,N,851,1,1,Y,N,Y,0,N,N,N,0,0,0,100,N,90,276159,500,20090929,42000,21000000000,12.0,,0,,N,N,Y,517,18,17,8,29.92,20260630.0,357,,N,N,N
047810,KR7047810007,한국항공우주,ST,1.0,27,15,0,,N,N,9,Y,N,Y,,Y,Y,N,N,N,N,N,N,N,0,N,N,N,N,N,N,N,N,121800,1,1,N,N,N,0,N,N,N,0,0,0,40,Y,90,436389,5000,20110630,97475,487375535000,12.0,,0,,N,Y,Y,22606,1156,778,783,9.73,20260630.0,118724,LA9,N,N,Y
049800,KR7049800006,우진플라임,ST,3.0,27,12,0,,N,N,0,N,N,N,,N,N,N,N,N,N,N,N,N,0,N,N,N,N,N,N,N,N,1981,1,1,N,N,N,0,N,N,N,0,0,0,100,N,90,35079,500,20060524,20000,10000000000,12.0,,0,,N,N,Y,913,-33,-18,-17,2.37,20260630.0,396,,N,N,N
051600,KR7051600005,한전KPS,ST,2.0,18,0,0,,N,N,1,N,N,Y,,N,N,N,N,N,N,N,N,N,0,N,N,N,N,N,N,N,Y,44400,1,1,N,N,N,0,N,N,N,0,0,0,40,Y,90,95637,200,20071214,45000,9000000000,12.0,,0,,N,Y,Y,7903,806,878,677,9.95,20260630.0,19980,,N,N,N
051630,KR7051630002,진양화학,ST,3.0,27,8,0,,N,N,0,N,N,N,,N,N,N,N,N,N,N,N,N,0,N,N,N,N,N,N,N,N,1720,1,1,N,N,N,0,N,N,N,0,0,0,100,N,90,2037368,500,20010129,21200,10600000000,12.0,,0,,N,N,Y,245,-41,-45,-45,-12.58,20241231.0,364,,N,N,N
051900,KR7051900009,LG생활건강,ST,2.0,27,8,0,,N,N,7,Y,N,Y,,N,N,N,N,N,N,N,N,N,0,N,N,N,N,N,N,N,Y,271000,1,1,N,N,N,0,N,N,N,0,0,0,40,Y,90,53504,5000,20010425,14975,78035000000,12.0,,0,,N,Y,Y,32340,2106,2147,1664,-1.34,20260630.0,40583,282,N,N,N
051905,KR7051901007,LG생활건강우,ST,0.0,27,8,0,,N,N,0,N,N,N,,N,N,N,N,N,N,N,N,N,0,N,N,N,N,N,N,N,N,94000,1,1,N,N,N,0,N,N,N,0,0,0,40,Y,90,3518,5000,20010425,2096,10481295000,12.0,,1,,N,N,N,0,0,0,0,0.0,,1970,,N,N,N
051910,KR7051910008,LG화학,ST,1.0,27,8,0,,N,N,4,Y,Y,Y,,Y,Y,N,N,N,N,N,Y,N,0,N,N,N,N,N,N,N,Y,277000,1,1,N,N,N,0,N,N,N,0,0,0,40,Y,90,173596,5000,20010425,70592,352961715000,12.0,,0,,N,Y,Y,264227,5499,-1372,-7151,-4.52,20260630.0,195540,282,N,N,Y
051915,KR7051911006,LG화학우,ST,0.0,27,8,0,,N,N,0,N,N,N,,N,N,N,N,N,N,N,N,N,0,N,N,N,N,N,N,N,N,122400,1,1,N,N,N,0,N,N,N,0,0,0,40,Y,90,33920,5000,20010425,7682,38444000000,12.0,,1,,N,N,N,0,0,0,0,0.0,,9403,,N,N,Y
052690,KR7052690005,한전기술,ST,2.0,26,0,0,,N,N,1,N,N,Y,,N,N,N,N,N,N,N,N,N,0,N,Y,N,N,N,N,N,N,127800,1,1,N,N,N,0,N,N,N,0,0,0,40,Y,90,331971,200,20091214,38220,7644000000,12.0,,0,,N,Y,Y,2166,171,198,168,6.02,20260630.0,48845,,N,N,N
053210,KR7053210001,스카이라이프,ST,3.0,30,0,0,,N,N,0,N,N,Y,,N,N,N,N,N,N,N,N,N,0,Y,N,N,N,N,N,N,N,4050,1,1,N,N,N,0,N,N,N,0,0,0,40,Y,90,36167,2500,20110603,47522,119554915000,12.0,,0,,N,N,Y,4889,170,145,108,0.44,20260630.0,1924,905,N,N,N
053690,KR7053690004,한미글로벌,ST,3.0,26,0,0,,N,N,0,N,N,N,,N,N,N,N,N,N,N,N,N,0,N,N,N,N,N,N,N,N,20300,1,1,N,N,N,0,N,N,N,0,0,0,50,Y,90,109231,500,20090623,10957,5478775000,12.0,,0,,N,N,Y,2317,92,112,86,6.37,20260630.0,2224,,N,N,Y
055490,KR7055490007,테이팩스,ST,3.0,27,8,0,,N,,0,N,N,N,,N,N,,,,,N,,,0,,,N,,,,,,16600,1,1,N,N,N,0,N,N,N,0,0,0,100,N,90,8057,500,20171031,4786,3806325000,12.0,,0,,N,N,Y,793,50,65,52,5.82,20260630.0,794,924,N,N,N
055550,KR7055550008,신한지주,ST,1.0,21,0,0,,N,Y,6,Y,Y,Y,,Y,Y,N,N,N,Y,N,N,N,0,N,N,N,N,N,N,N,Y,103300,1,1,N,N,N,0,N,N,N,0,0,0,40,Y,90,666867,5000,20010910,469450,2695586060000,12.0,,0,,N,Y,Y,297233,46307,47374,34958,9.17,20260630.0,484942,,N,N,Y
058430,KR7058430000,포스코스틸리온,ST,3.0,27,11,0,,N,N,0,N,N,N,,N,N,N,N,N,N,N,N,N,0,N,N,N,N,N,N,N,N,4470,1,1,N,N,N,0,N,N,N,0,0,0,50,Y,90,230471,500,20020816,60000,30000000000,12.0,,0,,N,N,Y,5775,159,169,139,4.57,20260630.0,2682,853,N,N,N
058650,KR7058650003,세아홀딩스,ST,2.0,27,11,0,,N,N,0,N,N,N,,N,N,N,N,N,N,N,N,N,0,N,N,N,N,N,N,N,N,126300,1,1,N,N,N,0,N,N,N,0,0,0,40,Y,90,1135,5000,20010730,4055,21566180000,12.0,,0,,N,N,Y,37349,1557,1378,953,4.55,20260630.0,5121,474,N,N,N
058730,KR7058730003,다스코,ST,3.0,27,11,0,,N,N,0,N,N,N,,N,N,N,N,N,N,N,N,N,0,N,N,N,N,N,N,N,N,3140,1,1,N,N,N,0,N,N,N,0,0,0,100,N,90,176385,500,20040802,20251,10725625500,12.0,,0,,N,N,Y,1399,-98,-103,-99,-7.79,20260630.0,635,,N,N,N
058850,KR7058850009,KTcs,ST,3.0,29,0,0,,N,N,0,N,N,N,,N,N,N,N,N,N,N,N,N,0,N,N,N,N,N,N,N,N,2205,1,1,N,N,N,0,N,N,N,0,0,0,100,N,90,46502,500,20100916,41404,23842500000,12.0,,0,,N,N,Y,4742,202,206,157,11.32,20260630.0,912,905,N,N,N
058860,KR7058860008,KTis,ST,3.0,29,0,0,,N,N,0,N,N,N,,N,N,N,N,N,N,N,N,N,0,N,N,N,N,N,N,N,N,2625,1,1,N,N,N,0,N,N,N,0,0,0,100,N,90,78305,500,20101217,34802,17401000000,12.0,,0,,N,N,Y,4364,207,214,341,0.0,20250930.0,913,905,N,N,N
060980,KR7060980000,HL홀딩스,ST,3.0,21,0,0,,N,N,0,N,N,Y,,N,N,Y,N,N,N,N,N,N,0,N,N,N,N,N,N,N,N,37600,1,1,N,N,N,0,N,N,N,0,0,0,50,Y,90,6646,5000,20100519,8956,55086180000,12.0,,0,,N,N,Y,6869,719,588,433,5.1,20260630.0,3367,920,N,N,N
062040,KR7062040001,산일전기,ST,1.0,27,13,0,,N,,2,N,N,Y,,Y,Y,,,,,N,,,0,,,N,,,,,,231500,1,1,N,N,N,0,N,N,N,0,0,0,40,Y,90,417822,500,20240729,30642,15321425000,12.0,,0,,N,Y,Y,3145,1175,1303,1005,31.06,20260630.0,70938,,N,N,Y
063160,KR7063160006,종근당바이오,ST,3.0,27,9,0,,N,N,0,N,N,N,,N,N,N,N,N,N,N,N,N,0,N,N,N,N,N,N,N,N,15070,1,1,N,N,N,0,N,N,N,0,0,0,100,N,90,519586,2500,20011211,5485,13714905000,12.0,,0,,N,N,Y,1718,110,92,87,6.85,20241231.0,826,,N,N,N
064350,KR7064350002,현대로템,ST,1.0,27,15,0,,N,N,2,Y,Y,Y,,Y,Y,N,N,N,N,N,N,N,0,N,N,N,N,Y,N,N,N,107900,1,1,N,N,N,0,N,N,N,0,0,0,40,Y,90,343742,5000,20131030,109142,545711465000,12.0,,0,,N,Y,Y,30635,4566,5262,3889,26.45,20260630.0,117764,BH1,N,N,Y
064400,KR7064400005,LG씨엔에스,ST,1.0,29,0,0,,N,,5,N,N,Y,,Y,Y,,,,,N,,,0,,,N,,,,,,69100,1,1,N,N,N,0,N,N,N,0,0,0,40,Y,90,696414,500,20250205,96885,52042708500,12.0,,0,,N,Y,Y,28358,2221,2655,1996,16.74,20260630.0,66948,282,N,N,Y
064960,KR7064960008,SNT모티브,ST,2.0,27,15,0,,N,N,0,N,N,Y,,N,N,Y,N,N,N,N,N,N,0,N,N,N,N,N,N,N,N,26650,1,1,N,N,N,0,N,N,N,0,0,0,40,Y,90,30945,5000,20020311,26540,132701360000,12.0,,0,,N,N,Y,4736,474,647,487,8.16,20260630.0,7072,,N,N,Y
066570,KR7066570003,LG전자,ST,1.0,27,13,0,,N,N,5,Y,Y,Y,,Y,Y,N,N,N,N,N,N,N,0,N,N,N,N,N,N,N,Y,208000,1,1,N,N,N,0,N,N,N,0,0,0,40,Y,90,1824551,5000,20020422,162884,818230325000,12.0,,0,,N,Y,Y,475537,32528,26403,17864,4.29,20260630.0,338800,282,N,N,Y
066575,KR7066571001,LG전자우,ST,0.0,27,13,0,,N,N,0,N,N,N,,N,N,N,N,N,N,N,N,N,0,N,N,N,N,N,N,N,N,73700,1,1,N,N,N,0,N,N,N,0,0,0,40,Y,90,166830,5000,20020422,17181,85906495000,12.0,,1,,N,N,N,0,0,0,0,0.0,,12662,,N,N,Y
066970,KR7066970005,엘앤에프,ST,2.0,27,13,0,,N,N,9,N,N,Y,,N,N,N,N,N,N,N,N,N,0,N,N,N,N,N,N,N,N,117600,1,1,N,N,N,0,N,N,N,0,0,0,100,N,90,428577,500,20240129,40686,20343092000,12.0,,0,,N,Y,Y,16247,1381,-84,-124,-51.02,20260630.0,47846,,N,N,N
067830,KR7067830000,세이브존I&C,ST,3.0,16,0,0,,N,N,0,N,N,N,,N,N,N,N,N,N,N,N,N,0,N,N,N,N,N,N,N,N,2360,1,1,N,N,N,0,N,N,N,0,0,0,100,N,90,18190,1000,20020725,41040,41040895000,12.0,,0,,N,N,Y,1172,78,161,126,2.64,20241231.0,968,,N,N,N
068270,KR7068270008,셀트리온,ST,1.0,27,9,0,,N,N,A,Y,Y,Y,,Y,Y,N,N,Y,N,N,N,N,0,N,N,N,N,N,N,N,N,183500,1,1,N,N,N,0,N,N,N,0,0,0,40,Y,90,254258,1000,20180209,232617,250616840000,12.0,,0,,N,Y,Y,25387,7737,8900,7212,9.16,20260630.0,426852,LB3,N,N,Y
068290,KR7068290006,삼성출판사,ST,3.0,30,0,0,,N,N,0,N,N,N,,N,N,N,N,N,N,N,N,N,0,N,N,N,N,N,N,N,N,6230,1,1,N,N,N,0,N,N,N,0,0,0,100,N,90,9461,500,20020805,10000,5000000000,12.0,,0,,N,N,Y,406,-2,126,109,6.34,20241231.0,623,,N,N,N
069260,KR7069260008,TKG휴켐스,ST,2.0,27,8,0,,N,N,4,N,N,Y,,N,N,N,N,N,N,N,Y,N,0,N,N,N,N,N,N,N,N,15840,1,1,N,N,N,0,N,N,N,0,0,0,40,Y,90,40989,1000,20021007,40878,40878588000,12.0,,0,,N,N,Y,6921,480,482,356,7.15,20260630.0,6475,,N,N,N
069460,KR7069460004,대호에이엘,ST,3.0,27,11,0,,N,N,0,N,N,N,,N,N,N,N,N,N,N,N,N,0,N,N,N,N,N,N,N,N,2660,1,1,Y,N,Y,0,N,N,N,0,0,0,100,N,90,0,2500,20021111,17414,43535975000,12.0,,0,,N,N,Y,1366,36,-129,-106,-46.55,20260630.0,463,,N,N,N
069500,KR7069500007,KODEX 200,EF,,0,0,0,N,N,N,0,N,N,N,2.0,N,N,N,N,N,N,N,N,N,0,N,N,Y,N,N,N,N,N,108550,1,1,N,N,N,0,N,N,N,0,0,0,40,Y,90,19510592,0,20021014,231700,0,12.0,,0,,N,N,N,0,0,0,0,0.0,,251510,,N,N,Y
069620,KR7069620003,대웅제약,ST,2.0,27,9,0,,N,N,A,N,N,Y,,N,N,N,N,Y,N,N,N,N,0,N,N,N,N,N,N,N,N,110400,1,1,N,N,N,0,N,N,N,0,0,0,40,Y,90,10061,2500,20021101,11586,28966437500,12.0,,0,,N,Y,Y,8263,903,559,454,20.62,20260630.0,12791,,N,N,N
069640,KR7069640001,한세엠케이,ST,3.0,16,0,0,,N,N,0,N,N,N,,N,N,N,N,N,N,N,N,N,0,N,N,N,N,N,N,N,N,1419,1,1,N,N,N,0,N,N,N,0,0,0,100,N,90,25000,1000,20110621,21735,22403251000,12.0,,0,,N,N,Y,1274,-4,-48,-45,-106.27,20260630.0,308,,N,N,N
069660,KR7069660009,KIWOOM 200,EF,,0,0,0,N,N,N,0,N,N,N,2.0,N,N,N,N,N,N,N,N,N,0,N,N,Y,N,N,N,N,N,108460,1,1,N,N,N,0,N,N,N,0,0,0,40,Y,90,249791,0,20021014,7950,0,12.0,,0,,N,N,N,0,0,0,0,0.0,,8622,,N,N,N
069730,KR7069730000,DSR제강,ST,3.0,27,11,0,,N,N,0,N,N,N,,N,N,N,N,N,N,N,N,N,0,N,N,N,N,N,N,N,N,5410,1,1,N,N,N,0,N,N,N,0,0,0,100,N,90,21807,500,20030128,14400,7200000000,12.0,,0,,N,N,Y,1208,143,274,210,17.73,20260630.0,779,,N,N,N
069960,KR7069960003,현대백화점,ST,2.0,16,0,0,,N,N,8,N,N,Y,,N,N,N,N,N,N,N,N,N,0,N,N,N,N,N,N,N,Y,86800,1,1,N,N,N,0,N,N,N,0,0,0,40,Y,90,101607,5000,20021125,21564,115586740000,12.0,,0,,N,Y,Y,20181,1781,1770,1257,5.09,20260630.0,18718,Z35,N,N,Y
070960,KR7070960000,모나용평,ST,3.0,26,0,0,,N,N,0,N,N,N,,N,N,N,N,N,N,N,N,N,0,N,N,N,N,N,N,N,N,1918,1,1,N,N,N,0,N,N,N,0,0,0,100,N,90,68571,5000,20160527,48133,240666665000,12.0,,0,,N,N,Y,817,12,-40,-33,-11.39,20260630.0,923,,N,N,N
071050,KR7071050009,한국금융지주,ST,1.0,21,0,0,,N,N,6,Y,N,Y,,N,Y,N,N,N,N,N,N,N,0,N,N,N,Y,N,N,N,N,174400,1,1,N,N,N,0,N,N,N,0,0,0,40,Y,90,137869,5000,20030721,55725,278629960000,12.0,,0,,N,Y,Y,230572,24505,26219,19150,24.44,20260630.0,97186,,N,N,Y
071055,KR7071051007,한국금융지주우,ST,0.0,21,0,0,,N,N,0,N,N,N,,N,N,N,N,N,N,N,N,N,0,N,N,N,N,N,N,N,N,140000,1,1,N,N,N,0,N,N,N,0,0,0,40,Y,90,10849,5000,20030721,5858,29291255000,12.0,,1,,N,N,N,0,0,0,0,0.0,,8201,,N,N,N
071090,KR7071090005,하이스틸,ST,3.0,27,11,0,,N,N,0,N,N,N,,N,N,N,N,N,N,N,N,N,0,N,N,N,N,N,N,N,N,3455,1,1,N,N,N,0,N,N,N,0,0,0,100,N,90,396073,500,20030217,20191,10095735500,12.0,,0,,N,N,Y,1362,50,72,55,0.61,20260630.0,697,,N,N,N
071320,KR7071320006,지역난방공사,ST,2.0,17,0,0,,N,N,7,N,N,N,,N,N,N,N,N,N,N,N,N,0,N,N,N,N,N,N,N,N,79000,1,1,N,N,N,0,N,N,N,0,0,0,50,Y,90,8613,5000,20100129,11578,57893720000,12.0,,0,,N,N,Y,20872,3533,3054,2267,14.5,20260630.0,9147,,N,N,N
071840,KR7071840003,롯데하이마트,ST,3.0,16,0,0,,N,N,0,N,N,N,,N,N,N,N,N,N,N,N,N,0,N,N,N,N,N,N,N,N,5910,1,1,N,N,N,0,N,N,N,0,0,0,100,N,90,10919,5000,20110629,23607,118038560000,12.0,,0,,N,N,Y,23567,17,-2869,-3054,-28.05,20241231.0,1395,283,N,N,N
071950,KR7071950000,코아스,ST,3.0,27,0,0,,N,N,0,N,N,N,,N,N,N,N,N,N,N,N,N,0,N,N,N,N,N,N,N,N,1458,1,1,N,N,N,0,N,N,N,0,0,0,100,N,90,135568,500,20050804,14459,7229597500,12.0,,0,,N,N,Y,372,11,-33,-30,-191.32,20260630.0,210,,N,N,N
071970,KR7071970008,HD현대마린엔진,ST,2.0,27,12,0,,N,N,2,N,N,Y,,N,N,N,N,N,N,N,N,N,0,N,N,N,N,N,N,N,N,45000,1,1,N,N,N,0,N,N,N,0,0,0,40,Y,90,231119,2500,20090515,33921,84803737500,12.0,,0,,N,Y,Y,2616,638,703,600,44.29,20260630.0,15264,IC5,N,N,Y
072130,KR7072130008,유엔젤,ST,3.0,29,0,0,,N,N,0,N,N,N,,N,N,N,N,N,N,N,N,N,0,N,N,N,N,N,N,N,N,4700,1,1,N,N,N,0,N,N,N,0,0,0,100,N,90,31151,500,20030701,12695,6597727000,12.0,,0,,N,N,Y,329,14,36,36,10.25,20260630.0,596,,N,N,N
072710,KR7072710007,농심홀딩스,ST,3.0,21,0,0,,N,N,0,N,N,N,,N,N,N,N,N,N,N,N,N,0,N,N,N,N,N,N,N,N,88800,1,1,N,N,N,0,N,N,N,0,0,0,40,Y,90,830,5000,20030730,4637,23188950000,12.0,,0,,N,N,Y,5205,655,635,563,10.09,20260630.0,4118,LC8,N,N,N
073240,KR7073240004,금호타이어,ST,2.0,27,8,0,,N,N,8,N,N,Y,,N,N,Y,N,N,N,N,N,N,0,N,N,N,N,N,N,N,N,6660,1,1,N,N,N,0,N,N,N,0,0,0,40,Y,90,660003,5000,20050217,287260,1436301435000,12.0,,0,,N,Y,Y,25006,3293,3125,2412,23.14,20260630.0,19131,,N,N,Y
074610,KR7074610007,이엔플러스,ST,3.0,27,12,0,,N,N,0,N,N,N,,N,N,N,N,N,N,N,N,N,0,N,N,N,N,N,N,N,N,5110,1,1,Y,N,N,0,N,N,N,0,0,0,100,N,90,0,500,20031223,8770,4385068500,12.0,,0,,N,N,Y,85,-18,-18,-18,-59.3,20260630.0,448,,N,N,N
075180,KR7075180000,새론오토모티브,ST,3.0,27,15,0,,N,N,0,N,N,N,,N,N,N,N,N,N,N,N,N,0,N,N,N,N,N,N,N,N,2890,1,1,N,N,N,0,N,N,N,0,0,0,100,N,90,9507,500,20051021,19200,9600000000,12.0,,0,,N,N,Y,737,-24,91,60,4.18,20260630.0,554,,N,N,N
075580,KR7075580001,세진중공업,ST,2.0,27,15,0,,N,N,0,N,N,Y,,N,N,N,N,N,N,N,N,N,0,N,N,N,N,N,N,N,N,9810,1,1,N,N,N,0,N,N,N,0,0,0,40,Y,90,87708,500,20151130,56849,31224728000,12.0,,0,,N,Y,Y,1807,340,474,364,29.13,20260630.0,5576,,N,N,Y
077500,KR7077500007,유니퀘스트,ST,3.0,16,0,0,,N,N,0,N,N,N,,N,N,N,N,N,N,N,N,N,0,N,N,N,N,N,N,N,N,9770,1,1,N,N,N,0,N,N,N,0,0,0,60,Y,90,355160,500,20040805,21600,11491026000,12.0,,0,,N,N,Y,3853,281,284,218,11.96,20260630.0,2110,,N,N,Y
077970,KR7077970002,STX엔진,ST,2.0,27,12,0,,N,N,0,N,N,Y,,N,N,N,N,N,N,N,N,N,0,N,N,N,N,N,N,N,N,22100,1,1,N,N,N,0,N,N,N,0,0,0,50,Y,90,122035,2500,20040510,40148,100370157500,12.0,,0,,N,Y,Y,4020,425,392,388,19.35,20260630.0,8872,,N,N,Y
078000,KR7078000007,텔코웨어,ST,3.0,29,0,0,,N,N,0,N,N,N,,N,N,N,N,N,N,N,N,N,0,N,N,N,N,N,N,N,N,13530,1,1,N,N,N,0,N,N,N,0,0,0,60,Y,90,498,500,20040720,9240,5026353000,12.0,,0,,N,N,Y,171,18,105,83,14.4,20260630.0,1250,,N,N,N
078520,KR7078520004,에이블씨엔씨,ST,3.0,27,8,0,,N,N,0,N,N,N,,N,N,N,N,N,N,N,N,N,0,N,N,N,N,N,N,N,N,11880,1,1,N,N,N,0,N,N,N,0,0,0,50,Y,90,154696,500,20110907,24963,13516729500,12.0,,0,,N,N,Y,1266,198,223,182,28.07,20260630.0,2965,,N,N,Y
078930,KR7078930005,GS,ST,1.0,21,0,0,,N,N,4,Y,N,Y,,N,Y,N,N,N,N,N,Y,N,0,N,N,N,N,N,N,N,N,109900,1,1,N,N,N,0,N,N,N,0,0,0,40,Y,90,455444,5000,20040805,92895,464576890000,12.0,,0,,N,Y,Y,142555,29760,28796,19587,15.37,20260630.0,102092,FN4,N,N,N
078935,KR7078931003,GS우,ST,0.0,21,0,0,,N,N,0,N,N,N,,N,N,N,N,N,N,N,N,N,0,N,N,N,N,N,N,N,N,60000,1,1,N,N,N,0,N,N,N,0,0,0,100,N,90,3174,5000,20040805,1779,8924130000,12.0,,1,,N,N,N,0,0,0,0,0.0,,1067,,N,N,N
079160,KR7079160008,CJ CGV,ST,2.0,30,0,0,,N,N,0,N,N,N,,N,N,N,N,N,N,N,N,N,0,N,N,N,N,N,N,N,N,5030,1,1,N,N,N,0,N,N,N,0,0,0,100,N,90,186651,500,20041224,165582,82791398500,12.0,,0,,N,N,Y,11673,202,-116,-28,-11.73,20260630.0,8328,720,N,N,N
079430,KR7079430005,현대리바트,ST,3.0,27,0,0,,N,N,0,N,N,N,,N,N,N,N,N,N,N,N,N,0,N,N,N,N,N,N,N,N,5570,1,1,N,N,N,0,N,N,N,0,0,0,60,Y,90,9540,1000,20051122,20114,20535282000,12.0,,0,,N,N,Y,7291,66,71,54,1.34,20260630.0,1120,Z35,N,N,N
079550,KR7079550000,LIG디펜스앤에어로스페이스,ST,1.0,27,11,0,,N,N,9,Y,N,Y,,Y,Y,N,N,N,N,N,N,N,0,N,N,N,N,N,N,N,N,659000,1,1,N,N,N,0,N,N,N,0,0,0,40,Y,90,180171,5000,20151002,22000,110000000000,12.0,,0,,N,Y,Y,22780,2768,2780,2136,19.48,20260630.0,144980,142,N,N,Y
079900,KR7079900007,전진건설로봇,ST,2.0,27,12,0,,N,,0,N,N,N,,N,N,,,,,N,,,0,,,N,,,,,,39050,1,1,N,N,N,0,N,N,N,0,0,0,40,Y,90,28045,500,20240819,14592,8774543000,12.0,,0,,N,N,Y,933,139,219,161,22.63,20260630.0,5698,,N,N,Y
079980,KR7079980009,휴비스,ST,3.0,27,8,0,,N,N,0,N,N,N,,N,N,N,N,N,N,N,N,N,0,N,N,N,N,N,N,N,N,1930,1,1,N,N,N,0,N,N,N,0,0,0,100,N,90,23743,5000,20120223,34500,172500000000,12.0,,0,,N,N,Y,4647,35,-45,-24,-5.01,20260630.0,665,,N,N,N
081000,KR7081000002,일진다이아,ST,3.0,27,8,0,,N,N,0,N,N,N,,N,N,N,N,N,N,N,N,N,0,N,N,N,N,N,N,N,N,9550,1,1,N,N,N,0,N,N,N,0,0,0,100,N,90,7337,1000,20041222,14202,14202975000,12.0,,0,,N,N,Y,1028,75,151,123,3.5,20260630.0,1356,,N,N,N
081660,KR7081660003,미스토홀딩스,ST,2.0,16,0,0,,N,N,8,N,N,Y,,N,N,N,N,N,N,N,N,N,0,N,N,N,N,N,N,N,N,39200,1,1,N,N,N,0,N,N,N,0,0,0,40,Y,90,168197,1000,20100928,53091,61674420000,12.0,,0,,N,Y,Y,27202,4889,4921,3669,13.54,20260630.0,20812,,N,N,N
082740,KR7082740002,한화엔진,ST,2.0,27,12,0,,N,N,2,N,N,Y,,N,N,N,N,N,N,N,N,N,0,N,N,N,N,Y,N,N,Y,45300,1,1,N,N,N,0,N,N,N,0,0,0,50,Y,90,479483,1000,20110104,83447,83447142000,12.0,,0,,N,Y,Y,7075,893,1050,861,0.0,20260630.0,37801,913,N,N,Y
083420,KR7083420000,그린케미칼,ST,3.0,27,8,0,,N,N,0,N,N,N,,N,N,N,N,N,N,N,N,N,0,N,N,N,N,N,N,N,N,4725,1,1,N,N,N,0,N,N,N,0,0,0,60,Y,90,21262,500,20051020,24000,12000000000,12.0,,0,,N,N,Y,3303,107,99,82,6.75,20241231.0,1134,,N,N,N
084010,KR7084010008,대한제강,ST,3.0,27,11,0,,N,N,0,N,N,Y,,N,N,N,N,N,N,N,N,Y,0,N,N,N,N,N,N,N,N,8940,1,1,N,N,N,0,N,N,N,0,0,0,50,Y,90,100737,1000,20051031,34371,36103933000,12.0,,0,,N,N,Y,6921,168,126,90,0.58,20260630.0,3072,,N,N,N
084670,KR7084670009,동양고속,ST,3.0,19,0,0,,N,N,0,N,N,N,,N,N,N,N,N,N,N,N,N,0,N,N,N,N,N,N,N,N,29250,1,1,N,N,N,0,N,N,N,0,0,0,100,N,90,100481,5000,20050725,2895,16959295000,12.0,,0,,N,N,Y,643,-8,-24,-24,-0.11,20260630.0,846,,N,N,N
084680,KR7084680008,이월드,ST,3.0,27,0,0,,N,N,0,N,N,N,,N,N,N,N,N,N,N,N,N,0,N,N,N,N,N,N,N,N,2260,1,1,N,N,Y,1,N,N,N,0,0,0,100,N,90,47702,5000,20050726,28361,141806190000,12.0,,0,,N,N,Y,1085,-4,-227,-206,-8.78,20241231.0,640,652,N,N,N
084690,KR7084690007,대상홀딩스,ST,3.0,21,0,0,,N,N,0,N,N,N,,N,N,N,N,N,N,N,N,N,0,N,N,N,N,N,N,N,N,7860,1,1,N,N,N,0,N,N,N,0,0,0,50,Y,90,29440,1000,20050817,36212,36212538000,12.0,,0,,N,N,Y,29237,1375,1001,712,-11.32,20260630.0,2846,,N,N,N
084695,KR7084691005,대상홀딩스우,ST,0.0,21,0,0,,N,N,0,N,N,N,,N,N,N,N,N,N,N,N,N,3,N,N,N,N,N,N,N,N,14010,1,1,N,N,N,0,N,N,N,0,0,0,100,N,90,2619,1000,20050817,913,913482000,12.0,,1,,N,N,N,0,0,0,0,0.0,,127,,N,N,N
084870,KR7084870005,TBH글로벌,ST,3.0,27,6,0,,N,N,0,N,N,N,,N,N,N,N,N,N,N,N,N,0,N,N,N,N,N,N,N,N,2205,1,1,N,N,N,0,N,N,N,0,0,0,100,N,90,4464,500,20051219,20458,10428409500,12.0,,0,,N,N,Y,1006,27,4,3,-0.21,20260630.0,451,,N,N,N
085310,KR7085310001,엔케이,ST,3.0,27,11,0,,N,N,0,N,N,Y,,N,N,N,N,N,N,N,N,N,0,N,N,N,N,Y,N,N,N,8810,1,1,N,N,N,0,N,N,N,0,0,0,100,N,90,14588,5000,20080124,7418,39991674500,12.0,,0,,N,N,Y,687,37,72,65,2.89,20260630.0,653,,N,N,N
085620,KR7085620003,미래에셋생명,ST,2.0,21,25,0,,N,N,0,N,N,Y,,N,N,N,N,N,N,N,N,N,0,N,N,N,N,N,Y,N,N,22650,1,1,N,N,N,1,N,N,N,0,0,0,100,N,90,619843,5000,20150708,135180,885080945000,12.0,,0,,N,Y,Y,65757,920,894,714,5.17,20260630.0,30618,FB2,N,N,N
086280,KR7086280005,현대글로비스,ST,1.0,19,0,0,,N,N,9,Y,Y,Y,,Y,Y,N,N,N,N,N,N,N,0,N,N,N,N,N,N,Y,N,188000,1,1,N,N,N,0,N,N,N,0,0,0,40,Y,90,191435,500,20051226,75000,37500000000,12.0,,0,,N,Y,Y,165181,10165,9396,7102,15.23,20260630.0,141000,BH1,N,N,Y
086790,KR7086790003,하나금융지주,ST,1.0,21,0,0,,N,Y,6,Y,Y,Y,,Y,Y,N,N,N,Y,N,N,N,0,N,N,N,N,N,N,N,Y,128900,1,1,N,N,N,0,N,N,N,0,0,0,40,Y,90,440431,5000,20051212,270969,1501210310000,12.0,,0,,N,Y,Y,562634,32480,33728,24367,9.11,20260630.0,349280,,N,N,Y
088260,KR7088260005,이리츠코크렙,RT,3.0,28,0,0,,N,,0,N,N,N,,N,N,,,,,N,,,0,,,Y,,,,,,3210,1,1,N,N,N,0,N,N,N,0,0,0,100,N,90,18942,500,20180627,63341,31670795000,,,0,,N,N,Y,233,183,68,68,6.38,20260630.0,2033,652,N,N,N
088350,KR7088350004,한화생명,ST,2.0,21,25,0,,N,Y,6,N,N,Y,,N,N,N,N,N,N,N,N,N,0,N,N,N,N,N,Y,N,Y,5310,1,1,N,N,N,0,N,N,N,0,0,0,40,Y,90,1649470,5000,20100317,868530,4342650000000,12.0,,0,,N,Y,Y,225892,11076,11119,9045,8.78,20260630.0,46118,913,N,N,Y
088790,KR7088790001,진도,ST,3.0,16,0,0,,N,N,0,N,N,N,,N,N,N,N,N,N,N,N,N,0,N,N,N,N,N,N,N,N,2315,1,1,N,N,N,0,N,N,N,0,0,0,100,N,90,40198,500,20060328,12447,6223872000,12.0,,0,,N,N,Y,442,11,11,9,0.84,20241231.0,288,,N,N,N
088980,KR7088980008,맥쿼리인프라,IF,2.0,21,0,0,,N,N,0,N,N,N,,N,N,N,N,N,N,N,N,N,0,N,N,Y,N,N,N,N,N,9800,1,1,N,N,N,0,N,N,N,0,0,0,50,Y,90,632179,0,20060315,478921,3297209055534,,,0,,N,N,Y,0,0,0,0,0.0,,46934,,N,N,N
089470,KR7089470009,HDC현대EP,ST,3.0,27,8,0,,N,N,0,N,N,N,,N,N,N,N,N,N,N,N,N,0,N,N,N,N,N,N,N,N,3825,1,1,N,N,N,0,N,N,N,0,0,0,60,Y,90,39990,500,20060925,31900,17200000000,12.0,,0,,N,N,Y,5563,206,220,126,9.09,20260630.0,1220,HDC,N,N,N
089590,KR7089590004,제주항공,ST,3.0,19,0,0,,N,N,0,N,N,Y,,N,N,N,N,N,N,N,N,N,0,N,N,N,N,N,N,Y,N,4585,1,1,N,N,N,0,N,N,N,0,0,0,100,N,90,236855,1000,20151106,80640,80640985000,12.0,,0,,N,N,Y,9780,240,-309,-325,-38.69,20260630.0,3697,615,N,N,N
089860,KR7089860001,롯데렌탈,ST,2.0,26,0,0,,N,,0,N,N,N,,N,N,,,,,N,,,0,,,N,,,,,,51300,1,1,N,N,N,0,N,N,N,0,0,0,50,Y,90,59902,5000,20210819,36309,183170315000,12.0,,0,,N,N,Y,14967,1683,704,486,7.73,20260630.0,18626,283,N,N,N
090080,KR7090080003,평화산업,ST,3.0,27,15,0,,N,N,0,N,N,N,,N,N,N,N,N,N,N,N,N,0,N,N,N,N,N,N,N,N,998,1,1,N,N,N,0,N,N,N,0,0,0,100,N,90,98113,500,20060602,54902,27451129500,12.0,,0,,N,N,Y,3348,134,139,159,42.99,20260630.0,547,,N,N,N
090350,KR7090350000,노루페인트,ST,3.0,27,8,0,,N,N,0,N,N,N,,N,N,N,N,N,N,N,N,N,0,N,N,N,N,N,N,N,N,8350,1,1,N,N,N,0,N,N,N,0,0,0,60,Y,90,155160,500,20060703,20000,10000000000,12.0,,0,,N,N,Y,4062,323,342,254,7.79,20260630.0,1670,,N,N,N
090355,KR7090351008,노루페인트우,ST,0.0,27,8,0,,Y,N,0,N,N,N,,N,N,N,N,N,N,N,N,N,0,N,N,N,N,N,N,N,N,12220,1,1,N,N,N,0,N,N,N,0,0,0,100,N,90,4,500,20060703,463,231563000,12.0,,1,,N,N,N,0,0,0,0,0.0,,56,,N,N,N
090370,KR7090370008,메타랩스,ST,3.0,27,6,0,,N,N,0,N,N,N,,N,N,N,N,N,N,N,N,N,0,N,N,N,N,N,N,N,N,1145,1,1,N,N,N,0,N,N,N,0,0,0,100,N,90,28212,2500,20061226,27304,68261722500,12.0,,0,,N,N,Y,580,8,-15,-15,-7.4,20260630.0,312,,N,N,N
090430,KR7090430000,아모레퍼시픽,ST,1.0,27,8,0,,N,N,7,Y,N,Y,,N,Y,N,N,N,N,N,N,N,0,N,N,N,N,N,N,N,Y,138500,1,1,N,N,N,0,N,N,N,0,0,0,40,Y,90,242450,500,20060629,58492,29246379500,12.0,,0,,N,Y,Y,23117,2440,2726,2064,5.26,20260630.0,81012,842,N,N,Y
090435,KR7090431008,아모레퍼시픽우,ST,0.0,27,8,0,,N,N,0,N,N,N,,N,N,N,N,N,N,N,N,N,0,N,N,N,N,N,N,N,N,40150,1,1,N,N,N,0,N,N,N,0,0,0,40,Y,90,28285,500,20060629,10557,5278915000,12.0,,1,,N,N,N,0,0,0,0,0.0,,4238,,N,N,N
090460,KR7090460007,비에이치,ST,2.0,27,13,0,,N,N,0,N,N,N,,N,N,N,N,N,N,N,N,N,0,N,N,N,N,N,N,N,N,22200,1,1,N,N,N,0,N,N,N,0,0,0,40,Y,90,638356,500,20230620,33711,17232189500,12.0,,0,,N,N,Y,7858,185,507,337,11.35,20260630.0,7483,,N,N,N
091160,KR7091160002,KODEX 반도체,EF,,0,0,0,N,N,N,0,N,N,N,2.0,N,N,N,N,N,N,N,N,N,0,N,N,Y,N,N,N,N,N,144715,1,1,N,N,N,0,N,N,N,0,0,0,40,Y,90,1391581,0,20060627,42525,0,12.0,,0,,N,N,N,0,0,0,0,0.0,,61540,,N,N,Y
091170,KR7091170001,KODEX 은행,EF,,0,0,0,N,N,N,0,N,N,N,2.0,N,N,N,N,N,N,N,N,N,0,N,N,Y,N,N,N,N,N,15725,1,1,N,N,N,0,N,N,N,0,0,0,40,Y,90,586282,0,20060627,18150,0,12.0,,0,,N,N,N,0,0,0,0,0.0,,2854,,N,N,N
091180,KR7091180000,KODEX 자동차,EF,,0,0,0,N,N,N,0,N,N,N,2.0,N,N,N,N,N,N,N,N,N,0,N,N,Y,N,N,N,N,N,25175,1,1,N,N,N,0,N,N,N,0,0,0,40,Y,90,68025,0,20060627,14000,0,12.0,,0,,N,N,N,0,0,0,0,0.0,,3524,,N,N,N
091220,KR7091220004,TIGER 은행,EF,,0,0,0,N,N,N,0,N,N,N,2.0,N,N,N,N,N,N,N,N,N,0,N,N,Y,N,N,N,N,N,16445,1,1,N,N,N,0,N,N,N,0,0,0,100,N,90,26747,0,20060627,1180,0,12.0,,0,,N,N,N,0,0,0,0,0.0,,194,,N,N,N
091230,KR7091230003,TIGER 반도체,EF,,0,0,0,N,N,N,0,N,N,N,2.0,N,N,N,N,N,N,N,N,N,0,N,N,Y,N,N,N,N,N,153740,1,1,N,N,N,0,N,N,N,0,0,0,40,Y,90,181684,0,20060627,9740,0,12.0,,0,,N,N,N,0,0,0,0,0.0,,14974,,N,N,N
091810,KR7091810002,트리니티항공,ST,3.0,19,0,0,,N,,0,N,N,N,,N,N,,,,,N,,,0,,,N,,,,,,2610,1,1,N,N,N,0,N,N,N,0,0,0,100,N,90,46974,500,20180801,102106,51053045500,12.0,,0,,N,N,Y,10818,-1628,-2300,-2281,-1837.94,20260630.0,2664,139,N,N,N
092200,KR7092200005,디아이씨,ST,3.0,27,15,0,,N,N,0,N,N,N,,N,N,N,N,N,N,N,N,N,0,N,N,N,N,N,N,N,N,5710,1,1,N,N,N,0,N,N,N,0,0,0,50,Y,90,178344,500,20071018,38888,19444284500,12.0,,0,,N,N,Y,3618,116,106,65,-5.87,20260630.0,2220,,N,N,N
092220,KR7092220003,KEC,ST,3.0,27,13,0,,N,N,0,N,N,N,,N,N,N,N,N,N,N,N,N,0,N,N,N,N,N,N,N,N,3090,1,1,N,N,N,0,N,N,N,0,0,0,100,N,90,442964,2500,20061016,40152,100381570000,12.0,,0,,N,N,Y,1322,-81,-79,-78,-8.58,20260630.0,1240,,N,N,N
092230,KR7092230002,KPX홀딩스,ST,3.0,27,8,0,,N,N,0,N,N,N,,N,N,N,N,N,N,N,N,N,0,N,N,N,N,N,N,N,N,95700,1,1,N,N,N,0,N,N,N,0,0,0,40,Y,90,867,5000,20061012,3948,21123230000,12.0,,0,,N,N,Y,6725,443,4046,3144,25.57,20260630.0,3779,,N,N,N
092440,KR7092440007,기신정기,ST,3.0,27,12,0,,N,N,0,N,N,N,,N,N,N,N,N,N,N,N,N,0,N,N,N,N,N,N,N,N,1859,1,1,N,N,N,0,N,N,N,0,0,0,100,N,90,10051,500,20071030,29200,14600000000,3.0,,0,,N,N,Y,267,-9,-1,-3,-0.17,20260630.0,542,,N,N,N
092780,KR7092780006,DYP,ST,3.0,27,15,0,,N,,0,N,N,N,,N,N,,,,,N,,,0,,,N,,,,,,3320,1,1,N,N,N,0,N,N,N,0,0,0,100,N,90,28727,500,20171208,13168,6584230000,12.0,,0,,N,N,Y,2474,34,32,24,8.96,20260630.0,437,,N,N,N
092790,KR7092790005,넥스틸,ST,3.0,27,11,0,,N,,0,N,N,N,,N,N,,,,,N,,,0,,,N,,,,,,13730,1,1,N,N,N,0,N,N,N,0,0,0,50,Y,90,265899,500,20230821,26002,13001000000,12.0,,0,,N,N,Y,2681,82,57,32,1.98,20260630.0,3570,,N,N,Y
093050,KR7093050003,LF,ST,2.0,27,6,0,,N,N,0,N,N,N,,N,N,N,N,N,N,N,N,N,0,N,N,N,N,N,N,N,N,23700,1,1,N,N,N,0,N,N,N,0,0,0,40,Y,90,31332,5000,20061201,29240,146200000000,12.0,,0,,N,N,Y,9273,885,872,669,6.93,20260630.0,6929,,N,N,N
093240,KR7093240000,형지엘리트,ST,3.0,27,6,0,,N,N,0,N,N,N,,N,N,N,N,N,N,N,N,N,0,N,N,N,N,N,N,N,N,296,1,1,Y,N,Y,0,N,N,N,0,0,0,100,N,90,0,500,20090928,61390,30695129500,6.0,,0,,N,N,Y,1778,84,102,74,7.19,20260630.0,181,,N,N,N
093370,KR7093370005,후성,ST,2.0,27,8,0,,N,N,4,N,N,Y,,N,N,N,N,N,N,N,Y,N,0,N,N,N,N,N,N,N,N,15270,1,1,N,N,N,0,N,N,N,0,0,0,40,Y,90,3140613,500,20061222,107255,53627665000,12.0,,0,,N,N,Y,3297,327,344,177,10.97,20260630.0,16377,,N,N,N
094280,KR7094280005,효성ITX,ST,3.0,26,0,0,,N,N,0,N,N,N,,N,N,N,N,N,N,N,N,N,0,N,N,N,N,N,N,N,N,11810,1,1,N,N,N,0,N,N,N,0,0,0,60,Y,90,15711,500,20071025,11558,5779100000,12.0,,0,,N,N,Y,2643,68,63,56,19.39,20260630.0,1365,971,N,N,N
094800,KR7094800000,맵스리얼티,MF,,0,0,0,N,N,N,0,N,N,N,,N,N,N,N,N,N,N,N,N,0,N,N,N,N,N,N,N,N,7500,1,1,N,N,N,0,N,N,N,0,0,0,100,N,90,81826,0,20070409,92834,464171655000,,,0,,N,N,N,0,0,0,0,0.0,,6962,,N,N,N
095570,KR7095570008,AJ네트웍스,ST,3.0,26,0,0,,N,N,0,N,N,N,,N,N,N,N,N,N,N,N,N,0,N,N,N,N,N,N,N,N,4285,1,1,N,N,N,0,N,N,N,0,0,0,50,Y,90,41462,1000,20150821,45252,46822295000,12.0,,0,,N,N,Y,6150,434,486,369,11.99,20260630.0,1939,,N,N,N
095720,KR7095720009,웅진씽크빅,ST,3.0,26,0,0,,N,N,0,N,N,N,,N,N,N,N,N,N,N,N,N,0,N,N,N,N,N,N,N,N,1197,1,1,N,N,N,0,N,N,N,0,0,0,100,N,90,24551,1000,20070531,56827,58700795500,12.0,,0,,N,N,Y,3705,4,-38,-31,-5.71,20260630.0,680,LE3,N,N,N
096760,KR7096760004,JW홀딩스,ST,3.0,21,0,0,,N,N,0,N,N,Y,,N,N,N,N,Y,N,N,N,N,0,N,N,N,N,N,N,N,N,4230,1,1,N,N,N,0,N,N,N,0,0,0,40,Y,90,51518,500,20070731,73924,36962471000,12.0,,0,,N,N,Y,5097,1053,1013,808,32.69,20260630.0,3127,,N,N,N
096770,KR7096770003,SK이노베이션,ST,1.0,27,8,0,,N,N,4,Y,Y,Y,,N,Y,N,N,N,N,N,Y,N,0,N,N,N,N,N,N,N,Y,159600,1,1,N,N,N,0,N,N,N,0,0,0,40,Y,90,990714,5000,20070725,169052,869863810000,12.0,,0,,N,Y,Y,534482,56495,19646,9696,-4.88,20260630.0,269808,535,N,N,N
096775,KR7096771001,SK이노베이션우,ST,0.0,27,8,0,,N,N,0,N,N,N,,N,N,N,N,N,N,N,N,N,0,N,N,N,N,N,N,N,N,74600,1,1,N,N,N,0,N,N,N,0,0,0,100,N,90,8937,5000,20070725,1248,6242130000,12.0,,1,,N,N,N,0,0,0,0,0.0,,931,,N,N,N
097230,KR7097230007,HJ중공업,ST,2.0,18,0,0,,N,N,0,N,N,Y,,N,N,N,N,N,N,N,N,N,0,N,N,N,N,Y,N,N,N,14870,1,1,N,N,N,0,N,N,N,0,0,0,100,N,90,193211,5000,20070831,90295,451476720000,12.0,,0,,N,Y,Y,12713,894,896,881,25.63,20260630.0,13426,,N,N,N
097520,KR7097520001,엠씨넥스,ST,3.0,27,13,0,,N,N,0,N,N,N,,N,N,N,N,N,N,N,N,N,0,N,N,N,N,N,N,N,N,19170,1,1,N,N,N,0,N,N,N,0,0,0,40,Y,90,29557,500,20210706,17401,9122188000,12.0,,0,,N,N,Y,5982,136,192,154,8.94,20260630.0,3335,,N,N,N
097950,KR7097950000,CJ제일제당,ST,2.0,27,5,0,,N,N,7,N,N,Y,,N,N,N,N,N,N,N,N,N,0,N,N,N,N,N,N,N,Y,182500,1,1,N,N,N,0,N,N,N,0,0,0,40,Y,90,65837,5000,20070928,15054,75270930000,12.0,,0,,N,Y,Y,144732,4957,1664,1160,-9.07,20260630.0,27473,720,N,N,Y
097955,KR7097951008,CJ제일제당 우,ST,0.0,27,5,0,,N,N,0,N,N,N,,N,N,N,N,N,N,N,N,N,0,N,N,N,N,N,N,N,N,110200,1,1,N,N,N,0,N,N,N,0,0,0,60,Y,90,2733,5000,20070928,1327,6637165000,12.0,,1,,N,N,N,0,0,0,0,0.0,,1462,,N,N,N
099140,KR7099140006,KODEX 차이나H,EF,,0,0,0,N,N,N,0,N,N,N,2.0,N,N,N,N,N,N,N,N,N,0,N,N,Y,N,N,N,N,N,19775,1,1,N,N,N,0,N,N,N,0,0,0,100,N,90,7343,0,20071010,1530,0,12.0,,0,,N,N,N,0,0,0,0,0.0,,302,,N,N,N
100090,KR7100090000,SK오션플랜트,ST,2.0,27,11,0,,N,N,0,N,N,Y,,N,N,N,N,N,N,N,N,N,0,N,N,N,N,N,N,N,N,12400,1,1,N,N,N,0,N,N,N,0,0,0,40,Y,90,498781,500,20230419,62478,31239064500,12.0,,0,,N,Y,Y,3451,362,300,236,6.16,20260630.0,7747,535,N,N,Y
100220,KR7100220003,비상교육,ST,3.0,30,0,0,,N,N,0,N,N,N,,N,N,N,N,N,N,N,N,N,0,N,N,N,N,N,N,N,N,4985,1,1,N,N,N,0,N,N,N,0,0,0,100,N,90,14491,500,20080630,12996,6498370500,12.0,,0,,N,N,Y,1568,342,331,266,16.6,20260630.0,647,,N,N,N
100250,KR7100250000,진양홀딩스,ST,3.0,27,8,0,,N,N,0,N,N,N,,N,N,N,N,N,N,N,N,N,0,N,N,N,N,N,N,N,N,3020,1,1,N,N,N,0,N,N,N,0,0,0,60,Y,90,192724,500,20080215,63900,31950000000,12.0,,0,,N,N,Y,1511,45,1286,1005,27.83,20260630.0,1929,,N,N,N
100840,KR7100840008,SNT에너지,ST,2.0,27,12,0,,N,N,0,N,N,N,,N,N,N,N,N,N,N,N,N,0,N,N,N,N,N,N,N,N,33350,1,1,N,N,N,0,N,N,N,0,0,0,40,Y,90,134188,500,20080222,19761,10340391500,12.0,,0,,N,N,Y,2316,441,590,447,30.82,20260630.0,6590,,N,N,Y
100910,KR7100910009,KIWOOM KRX100,EF,,0,0,0,N,N,N,0,N,N,N,2.0,N,N,N,N,N,N,N,N,N,0,N,N,Y,N,N,N,N,N,17050,1,1,N,N,N,0,N,N,N,0,0,0,100,N,90,1608,0,20080123,2400,0,12.0,,0,,N,N,N,0,0,0,0,0.0,,409,,N,N,N
101140,KR7101140002,인바이오젠,ST,3.0,16,0,0,,N,N,0,N,N,N,,N,N,N,N,N,N,N,N,N,0,N,N,N,N,N,N,N,N,5080,1,1,N,N,N,0,N,N,N,0,0,0,100,N,90,2137,500,20080402,10044,5022108000,12.0,,0,,N,N,Y,70,-61,161,161,10.64,20241231.0,510,,N,N,N
101280,KR7101280006,KODEX 일본TOPIX100,EF,,0,0,0,N,N,N,0,N,N,N,2.0,N,N,N,N,N,N,N,N,N,0,N,N,Y,N,N,N,N,N,30415,1,1,N,N,N,0,N,N,N,0,0,0,100,N,90,9196,0,20080220,1720,0,12.0,,0,,N,N,N,0,0,0,0,0.0,,523,,N,N,N
101530,KR7101530004,해태제과식품,ST,3.0,27,5,0,,N,N,0,N,N,N,,N,N,N,N,N,N,N,N,N,0,N,N,N,N,N,N,N,N,5530,1,1,Y,N,N,0,N,N,N,0,0,0,60,Y,90,0,500,20160511,29116,14558411000,12.0,,0,,N,N,Y,3178,200,146,112,7.15,20260630.0,1610,,N,N,N
102110,KR7102110004,TIGER 200,EF,,0,0,0,N,N,N,0,N,N,N,2.0,N,N,N,N,N,N,N,N,N,0,N,N,Y,N,N,N,N,N,108885,1,1,N,N,N,0,N,N,N,0,0,0,40,Y,90,10961760,0,20080403,93450,0,12.0,,0,,N,N,N,0,0,0,0,0.0,,101753,,N,N,N
102260,KR7102260007,동성케미컬,ST,3.0,27,8,0,,N,N,0,N,N,Y,,N,N,N,N,N,N,N,Y,N,0,N,N,N,N,N,N,N,N,3690,1,1,N,N,N,0,N,N,N,0,0,0,60,Y,90,55472,1000,20080623,50669,50669591000,12.0,,0,,N,N,Y,6394,715,714,518,9.06,20260630.0,1869,,N,N,N
102460,KR7102460003,이연제약,ST,3.0,27,9,0,,N,N,0,N,N,N,,N,N,N,N,N,N,N,N,N,0,N,N,N,N,N,N,N,N,10240,1,1,N,N,N,0,N,N,N,0,0,0,100,N,90,44191,500,20100610,18586,9293405500,12.0,,0,,N,N,Y,719,-138,-193,-175,-15.86,20260630.0,1903,,N,N,N
102780,KR7102780004,KODEX 삼성그룹,EF,,0,0,0,N,N,N,0,N,N,N,2.0,N,N,N,N,N,N,N,N,N,0,N,N,Y,N,N,N,N,N,26575,1,1,N,N,N,0,N,N,N,0,0,0,40,Y,90,323426,0,20080521,127200,0,12.0,,0,,N,N,N,0,0,0,0,0.0,,33803,,N,N,N
102960,KR7102960002,KODEX 기계장비,EF,,0,0,0,N,N,N,0,N,N,N,2.0,N,N,N,N,N,N,N,N,N,0,N,N,Y,N,N,N,N,N,13000,1,1,N,N,N,0,N,N,N,0,0,0,100,N,90,6352,0,20080529,960,0,12.0,,0,,N,N,N,0,0,0,0,0.0,,124,,N,N,N
102970,KR7102970001,KODEX 증권,EF,,0,0,0,N,N,N,0,N,N,N,2.0,N,N,N,N,N,N,N,N,N,0,N,N,Y,N,N,N,N,N,17140,1,1,N,N,N,0,N,N,N,0,0,0,40,Y,90,404522,0,20080529,37400,0,12.0,,0,,N,N,N,0,0,0,0,0.0,,6410,,N,N,Y
103140,KR7103140000,풍산,ST,2.0,27,11,0,,N,N,3,N,N,Y,,N,N,N,N,N,N,N,N,Y,0,N,N,N,N,N,N,N,N,68000,1,1,N,N,N,0,N,N,N,0,0,0,40,Y,90,457283,5000,20080730,28024,140121390000,12.0,,0,,N,Y,Y,27412,2154,2101,1605,8.68,20260630.0,19056,,N,N,Y
103590,KR7103590006,일진전기,ST,2.0,27,13,0,,N,N,0,N,N,Y,,N,N,N,N,N,N,N,N,N,0,N,N,N,N,N,N,N,N,88000,1,1,N,N,N,0,N,N,N,0,0,0,50,Y,90,702859,1000,20080801,47685,47685390000,12.0,,0,,N,Y,Y,11435,1227,1120,858,23.7,20260630.0,41963,,N,N,Y
104520,KR7104520002,KIWOOM 블루칩,EF,,0,0,0,N,N,N,0,N,N,N,2.0,N,N,N,N,N,N,N,N,N,0,N,N,Y,N,N,N,N,N,14465,1,1,N,N,N,0,N,N,N,0,0,0,100,N,90,371,0,20080729,1000,0,12.0,,0,,N,N,N,0,0,0,0,0.0,,144,,N,N,N
104530,KR7104530001,KIWOOM 코리아고배당,EF,,0,0,0,N,N,N,0,N,N,N,2.0,N,N,N,N,N,N,N,N,N,0,N,N,Y,N,N,N,N,N,17245,1,1,N,N,N,0,N,N,N,0,0,0,100,N,90,10778,0,20080729,2050,0,12.0,,0,,N,N,N,0,0,0,0,0.0,,353,,N,N,N
104700,KR7104700000,한국철강,ST,3.0,27,11,0,,N,N,0,N,N,Y,,N,N,N,N,N,N,N,N,Y,0,N,N,N,N,N,N,N,N,9380,1,1,N,N,N,0,N,N,N,0,0,0,100,N,90,12521,1000,20080929,36450,46050000000,12.0,,0,,N,N,Y,0,0,0,0,0.0,20250930.0,3419,,N,N,N
105010,KR7105010003,TIGER 라틴35,EF,,0,0,0,N,N,N,0,N,N,N,2.0,N,N,N,N,N,N,N,N,N,0,N,N,Y,N,N,N,N,N,6565,1,1,N,N,N,0,N,N,N,0,0,0,100,N,90,50296,0,20080827,1400,0,12.0,,0,,N,N,N,0,0,0,0,0.0,,91,,N,N,N
105190,KR7105190003,ACE 200,EF,,0,0,0,N,N,N,0,N,N,N,2.0,N,N,N,N,N,N,N,N,N,0,N,N,Y,N,N,N,N,N,108790,1,1,N,N,N,0,N,N,N,0,0,0,40,Y,90,767862,0,20080925,14950,0,12.0,,0,,N,N,N,0,0,0,0,0.0,,16264,,N,N,N
105560,KR7105560007,KB금융,ST,1.0,21,0,0,,N,Y,6,Y,Y,Y,,Y,Y,N,N,N,Y,N,N,N,0,N,N,N,N,N,N,N,Y,168500,1,1,N,N,N,0,N,N,N,0,0,0,40,Y,90,531894,5000,20081010,354687,2090557685000,12.0,,0,,N,Y,Y,623714,54401,53639,39270,10.47,20260630.0,597648,,N,N,Y
105630,KR7105630008,한세실업,ST,3.0,27,6,0,,N,N,0,N,N,N,,N,N,N,N,N,N,N,N,N,0,N,N,N,N,N,N,N,N,8790,1,1,N,N,N,0,N,N,N,0,0,0,50,Y,90,20838,500,20090320,40000,20000000000,12.0,,0,,N,N,Y,10288,465,196,94,4.9,20260630.0,3516,,N,N,N
105780,KR7105780001,RISE 5대그룹주,EF,,0,0,0,N,N,N,0,N,N,N,2.0,N,N,N,N,N,N,N,N,N,0,N,N,Y,N,N,N,N,N,16275,1,1,N,N,N,0,N,N,N,0,0,0,100,N,90,1690,0,20081022,2000,0,12.0,,0,,N,N,N,0,0,0,0,0.0,,325,,N,N,N
105840,KR7105840003,우진,ST,3.0,27,14,0,,N,N,0,N,N,N,,N,N,N,N,N,N,N,N,N,0,N,N,N,N,N,N,N,N,12970,1,1,N,N,N,0,N,N,N,0,0,0,50,Y,90,321321,500,20100726,20197,10161807000,12.0,,0,,N,N,Y,681,58,67,52,6.04,20260630.0,2619,,N,N,Y
107590,KR7107590002,미원홀딩스,ST,3.0,21,0,0,,Y,N,0,N,N,N,,N,N,N,N,N,N,N,N,N,0,N,N,N,N,N,N,N,N,59200,1,1,N,N,N,0,N,N,N,0,0,0,100,N,90,43,500,20090302,2320,1315887000,12.0,,0,,N,N,Y,3082,268,506,454,17.19,20260630.0,1373,,N,N,N
108320,KR7108320003,LX세미콘,ST,2.0,27,13,0,,N,N,0,N,N,Y,,N,N,N,Y,N,N,N,N,N,0,N,N,N,N,N,N,N,N,37600,1,1,N,N,N,0,N,N,N,0,0,0,40,Y,90,55624,500,20221103,16264,8132150000,12.0,,0,,N,N,Y,7899,426,386,291,5.22,20260630.0,6115,LD1,N,N,N
108450,KR7108450008,ACE 삼성그룹섹터가중,EF,,0,0,0,N,N,N,0,N,N,N,2.0,N,N,N,N,N,N,N,N,N,0,N,N,Y,N,N,N,N,N,40085,1,1,N,N,N,0,N,N,N,0,0,0,100,N,90,5113,0,20090203,2000,0,12.0,,0,,N,N,N,0,0,0,0,0.0,,801,,N,N,N
108590,KR7108590001,TREX 200,EF,,0,0,0,N,N,N,0,N,N,N,2.0,N,N,N,N,N,N,N,N,N,0,N,N,Y,N,N,N,N,N,108120,1,1,N,N,N,0,N,N,N,0,0,0,100,N,90,50,0,20090123,200,0,12.0,,0,,N,N,N,0,0,0,0,0.0,,216,,N,N,N
108670,KR7108670001,LX하우시스,ST,3.0,27,8,0,,N,N,0,N,N,Y,,N,N,N,N,N,N,N,N,N,0,N,Y,N,N,N,N,N,N,32650,1,1,N,N,N,0,N,N,N,0,0,0,40,Y,90,7886,5000,20090420,8967,44838350000,12.0,,0,,N,N,Y,17544,1008,904,775,4.09,20260630.0,2927,LD1,N,N,N
108675,KR7108671009,LX하우시스우,ST,0.0,27,8,0,,N,N,0,N,N,N,,N,N,N,N,N,N,N,N,N,0,N,N,N,N,N,N,N,N,18100,1,1,N,N,N,0,N,N,N,0,0,0,100,N,90,1184,5000,20090420,1032,5161650000,12.0,,1,,N,N,N,0,0,0,0,0.0,,186,,N,N,N
109070,KR7109070003,주성코퍼레이션,ST,3.0,27,13,0,,N,N,0,N,N,N,,N,N,N,N,N,N,N,N,N,0,N,N,N,N,N,N,N,N,7040,1,1,N,N,N,0,N,N,N,0,0,0,100,N,90,15213,2500,20090317,10562,26405115000,12.0,,0,,N,N,Y,418,-5,18,18,8.22,20260630.0,743,,N,N,N
111110,KR7111110003,호전실업,ST,3.0,27,6,0,,N,,0,N,N,N,,N,N,,,,,N,,,0,,,N,,,,,,6310,1,1,N,N,N,0,N,N,N,0,0,0,100,N,90,1466,500,20170202,9066,5532872000,12.0,,0,,N,N,Y,2002,29,51,9,11.3,20260630.0,572,,N,N,N
111380,KR7111380002,동인기연,ST,3.0,27,6,0,,N,,0,N,N,N,,N,N,,,,,N,,,0,,,N,,,,,,12820,1,1,N,N,N,0,N,N,N,0,0,0,100,N,90,2487,100,20231121,6128,612800000,12.0,,0,,N,N,Y,1333,155,185,145,16.43,20260630.0,785,,N,N,N
111770,KR7111770004,영원무역,ST,2.0,16,0,0,,N,N,8,N,N,Y,,N,N,N,N,N,N,N,N,N,0,N,N,N,N,N,N,N,N,70800,1,1,N,N,N,0,N,N,N,0,0,0,40,Y,90,69903,500,20090730,44311,22155734000,12.0,,0,,N,Y,Y,21275,2960,3993,3050,14.56,20260630.0,31372,,N,N,N
112610,KR7112610001,씨에스윈드,ST,2.0,27,11,0,,N,N,2,N,N,Y,,N,N,N,N,N,N,N,N,N,0,N,N,N,N,Y,N,N,N,57200,1,1,N,N,N,0,N,N,N,0,0,0,50,Y,90,260590,500,20141127,42171,21085701500,12.0,,0,,N,Y,Y,13975,1603,1244,1049,0.35,20260630.0,24122,,N,N,Y
114090,KR7114090004,GKL,ST,2.0,30,0,0,,N,N,0,N,N,N,,N,N,N,N,N,N,N,N,N,0,N,N,N,N,N,N,N,N,8600,1,1,N,N,N,0,N,N,N,0,0,0,50,Y,90,172582,500,20091119,61855,30927835000,12.0,,0,,N,N,Y,2311,390,425,331,10.65,20260630.0,5319,,N,N,Y
114100,KR7114100001,RISE 국고채3년,EF,,0,0,0,N,N,N,0,N,N,N,2.0,N,N,N,N,N,N,N,N,N,0,N,N,Y,N,N,N,N,N,106295,1,1,N,N,N,0,N,N,N,0,0,0,100,N,90,2419,0,20090729,840,0,12.0,,0,,N,N,N,0,0,0,0,0.0,,892,,N,N,N
114260,KR7114260003,KODEX 국고채3년,EF,,0,0,0,N,N,N,0,N,N,N,2.0,N,N,N,N,N,N,N,N,N,0,N,N,Y,N,N,N,N,N,61920,1,1,N,N,N,0,N,N,N,0,0,0,40,Y,90,11428,0,20090729,8016,0,12.0,,0,,N,N,N,0,0,0,0,0.0,,4963,,N,N,N
114460,KR7114460009,ACE 국고채3년,EF,,0,0,0,N,N,N,0,N,N,N,2.0,N,N,N,N,N,N,N,N,N,0,N,N,Y,N,N,N,N,N,100330,1,1,N,N,N,0,N,N,N,0,0,0,100,N,90,110,0,20090731,150,0,12.0,,0,,N,N,N,0,0,0,0,0.0,,150,,N,N,N
114470,KR7114470008,KIWOOM 국고채3년,EF,,0,0,0,N,N,N,0,N,N,N,2.0,N,N,N,N,N,N,N,N,N,0,N,N,Y,N,N,N,N,N,107695,1,1,N,N,N,0,N,N,N,0,0,0,100,N,90,68,0,20090731,480,0,12.0,,0,,N,N,N,0,0,0,0,0.0,,516,,N,N,N
114800,KR7114800006,KODEX 인버스,EF,,0,0,0,N,N,N,0,N,N,N,2.0,N,N,N,N,N,N,N,N,N,0,N,N,N,N,N,N,N,N,1008,1,1,N,N,N,0,N,N,N,0,0,0,50,Y,90,639465920,0,20090916,736900,0,12.0,,0,,N,N,N,0,0,0,0,0.0,,7427,,N,N,N
114820,KR7114820004,TIGER 국채3년,EF,,0,0,0,N,N,N,0,N,N,N,2.0,N,N,N,N,N,N,N,N,N,0,N,N,Y,N,N,N,N,N,105300,1,1,N,N,N,0,N,N,N,0,0,0,100,N,90,20954,0,20090827,1093,0,12.0,,0,,N,N,N,0,0,0,0,0.0,,1150,,N,N,N
117460,KR7117460006,KODEX 에너지화학,EF,,0,0,0,N,N,N,0,N,N,N,2.0,N,N,N,N,N,N,N,N,N,0,N,N,Y,N,N,N,N,N,14740,1,1,N,N,N,0,N,N,N,0,0,0,100,N,90,38220,0,20091012,2380,0,12.0,,0,,N,N,N,0,0,0,0,0.0,,350,,N,N,N
117580,KR7117580001,대성에너지,ST,3.0,17,0,0,,N,N,0,N,N,N,,N,N,N,N,N,N,N,N,N,0,N,N,N,N,N,N,N,N,7060,1,1,N,N,N,0,N,N,N,0,0,0,60,Y,90,70373,1000,20101224,27500,27500000000,12.0,,0,,N,N,Y,7235,231,243,196,8.18,20250930.0,1941,,N,N,Y
117680,KR7117680009,KODEX 철강,EF,,0,0,0,N,N,N,0,N,N,N,2.0,N,N,N,N,N,N,N,N,N,0,N,N,Y,N,N,N,N,N,11850,1,1,N,N,N,0,N,N,N,0,0,0,100,N,90,36885,0,20091030,2310,0,12.0,,0,,N,N,N,0,0,0,0,0.0,,273,,N,N,N
117690,KR7117690008,TIGER 차이나항셍30,EF,,0,0,0,N,N,N,0,N,N,N,2.0,N,N,N,N,N,N,N,N,N,0,N,N,Y,N,N,N,N,N,18065,1,1,N,N,N,0,N,N,N,0,0,0,100,N,90,773,0,20091021,500,0,12.0,,0,,N,N,N,0,0,0,0,0.0,,90,,N,N,N
117700,KR7117700005,KODEX 건설,EF,,0,0,0,N,N,N,0,N,N,N,2.0,N,N,N,N,N,N,N,N,N,0,N,N,Y,N,N,N,N,N,6640,1,1,N,N,N,0,N,N,N,0,0,0,100,N,90,1501620,0,20091030,37500,0,12.0,,0,,N,N,N,0,0,0,0,0.0,,2490,,N,N,N
118000,KR7118000009,메타케어,ST,3.0,16,0,0,,N,N,0,N,N,N,,N,N,N,N,N,N,N,N,N,0,N,N,N,N,N,N,N,N,1199,1,1,N,N,N,0,N,N,N,0,0,0,100,N,90,23748,500,20091230,22055,11027892500,12.0,,0,,N,N,Y,189,14,12,13,-1.29,20260630.0,264,,N,N,N
119650,KR7119650000,KC코트렐,ST,3.0,27,12,0,,N,N,0,N,N,N,,N,N,N,N,N,N,N,N,N,0,N,N,N,N,N,N,N,N,918,1,1,Y,N,N,0,N,N,N,0,0,0,100,N,90,0,500,20100129,109785,54892654500,12.0,,0,,N,N,Y,404,-14,83,84,16.5,20260630.0,1007,,N,N,N
120030,KR7120030002,조선선재,ST,3.0,27,11,0,,N,N,0,N,N,N,,N,N,N,N,N,N,N,N,N,0,N,N,N,N,N,N,N,N,81900,1,1,N,N,N,0,N,N,N,0,0,0,100,N,90,240,500,20100219,1257,628825500,12.0,,0,,N,N,Y,0,0,0,0,0.0,20250930.0,1030,,N,N,N
120110,KR7120110002,코오롱인더,ST,2.0,27,8,0,,N,N,4,N,N,Y,,N,N,N,N,N,N,N,Y,N,0,N,N,N,N,N,N,N,N,56000,1,1,N,N,N,0,N,N,N,0,0,0,40,Y,90,117073,5000,20100201,29946,149730160000,12.0,,0,,N,Y,Y,25939,1607,1690,1457,3.35,20260630.0,16769,KOL,N,N,Y
120115,KR7120111000,코오롱인더우,ST,0.0,27,8,0,,N,N,0,N,N,N,,N,N,N,N,N,N,N,N,N,0,N,N,N,N,N,N,N,N,25650,1,1,N,N,N,0,N,N,N,0,0,0,100,N,90,1926,5000,20100201,2767,13839300000,12.0,,1,,N,N,N,0,0,0,0,0.0,,709,,N,N,N
122090,KR7122090004,PLUS 코스피50,EF,,0,0,0,N,N,N,0,N,N,N,2.0,N,N,N,N,N,N,N,N,N,0,N,N,Y,N,N,N,N,N,81820,1,1,N,N,N,0,N,N,N,0,0,0,100,N,90,17068,0,20100107,2130,0,12.0,,0,,N,N,N,0,0,0,0,0.0,,1742,,N,N,N
122260,KR7122260003,KIWOOM 통안채1년,EF,,0,0,0,N,N,N,0,N,N,N,2.0,N,N,N,N,N,N,N,N,N,0,N,N,Y,N,N,N,N,N,104410,1,1,N,N,N,0,N,N,N,0,0,0,100,N,90,12581,0,20100114,310,0,12.0,,0,,N,N,N,0,0,0,0,0.0,,323,,N,N,N
122630,KR7122630007,KODEX 레버리지,EF,,0,0,0,N,N,N,0,N,N,N,2.0,N,N,N,N,N,N,N,N,N,0,N,N,N,N,N,N,N,N,107230,1,1,N,N,N,0,N,N,N,0,0,0,100,N,90,12955432,0,20100222,50650,0,12.0,,0,,N,N,N,0,0,0,0,0.0,,54311,,N,N,N
122900,KR7122900004,아이마켓코리아,ST,3.0,16,0,0,,N,N,0,N,N,N,,N,N,N,N,N,N,N,N,N,0,N,N,N,N,N,N,N,N,8230,1,1,N,N,N,0,N,N,N,0,0,0,40,Y,90,50619,500,20100730,33428,18166670000,12.0,,0,,N,N,Y,18502,343,439,318,8.05,20260630.0,2751,,N,N,N
123310,KR7123310005,TIGER 인버스,EF,,0,0,0,N,N,N,0,N,N,N,2.0,N,N,N,N,N,N,N,N,N,0,N,N,N,N,N,N,N,N,1122,1,1,N,N,N,0,N,N,N,0,0,0,100,N,90,1453743,0,20100329,41900,0,12.0,,0,,N,N,N,0,0,0,0,0.0,,470,,N,N,N
123320,KR7123320004,TIGER 레버리지,EF,,0,0,0,N,N,N,0,N,N,N,2.0,N,N,N,N,N,N,N,N,N,0,N,N,N,N,N,N,N,N,108305,1,1,N,N,N,0,N,N,N,0,0,0,100,N,90,136130,0,20100409,2300,0,12.0,,0,,N,N,N,0,0,0,0,0.0,,2491,,N,N,N
123690,KR7123690000,한국화장품,ST,3.0,16,0,0,,N,N,0,N,N,N,,N,N,N,N,N,N,N,N,N,0,N,N,N,N,N,N,N,N,6590,1,1,N,N,N,0,N,N,N,0,0,0,100,N,90,385234,500,20100601,16068,8034000000,12.0,,0,,N,N,Y,420,16,18,16,2.61,20260630.0,1058,,N,N,N
123700,KR7123700007,SJM,ST,3.0,27,15,0,,N,N,0,N,N,N,,N,N,N,N,N,N,N,N,N,0,N,N,N,N,N,N,N,N,3260,1,1,N,N,N,0,N,N,N,0,0,0,100,N,90,16637,500,20100531,15604,7802449000,12.0,,0,,N,N,Y,1056,78,166,127,7.71,20260630.0,508,,N,N,N
123890,KR7123890006,한국자산신탁,ST,3.0,21,0,0,,N,N,0,N,N,N,,N,N,N,N,N,N,N,N,N,0,N,N,N,N,N,N,N,N,2415,1,1,N,N,N,0,N,N,N,0,0,0,50,Y,90,64347,500,20160713,122373,61988876000,12.0,,0,,N,N,Y,1476,418,464,355,5.67,20260630.0,2955,LB0,N,N,N
126560,KR7126560002,현대퓨처넷,ST,3.0,20,0,0,,N,N,0,N,N,Y,,N,N,N,N,N,N,N,N,N,0,Y,N,N,N,N,N,N,N,3375,1,1,N,N,N,0,N,N,N,0,0,0,40,Y,90,26289,500,20101223,109201,55076677500,12.0,,0,,N,N,Y,1424,109,175,151,1.27,20260630.0,3685,Z35,N,N,N
126720,KR7126720002,수산인더스트리,ST,3.0,18,0,0,,N,,0,N,N,N,,N,N,,,,,N,,,0,,,N,,,,,,21750,1,1,N,N,N,0,N,N,N,0,0,0,50,Y,90,20379,200,20220801,14286,2857200000,12.0,,0,,N,N,Y,1783,195,515,414,13.74,20260630.0,3107,,N,N,Y
128820,KR7128820008,대성산업,ST,3.0,16,0,0,,N,N,0,N,N,N,,N,N,N,N,N,N,N,N,N,0,N,N,N,N,N,N,N,N,5000,1,1,N,N,N,0,N,N,N,0,0,0,60,Y,90,6992816,1000,20100730,45235,45235478000,12.0,,0,,N,N,Y,7784,247,128,101,-7.85,20260630.0,2261,,N,N,N
128940,KR7128940004,한미약품,ST,1.0,27,9,0,,N,N,A,Y,N,Y,,Y,Y,N,N,Y,N,N,N,N,0,N,N,N,N,N,N,N,N,534000,1,1,N,N,N,0,N,N,N,0,0,0,40,Y,90,191955,2500,20100730,12810,32027477500,12.0,,0,,N,Y,Y,8602,1847,1755,1352,17.14,20260630.0,68410,,N,N,Y
129260,KR7129260006,인터지스,ST,3.0,19,0,0,,N,N,0,N,N,N,,N,N,N,N,N,N,N,N,N,0,N,N,N,N,N,N,N,N,1899,1,1,N,N,N,0,N,N,N,0,0,0,100,N,90,12316,500,20111216,29747,14873937000,12.0,,0,,N,N,Y,4189,114,112,84,2.4,20260630.0,564,364,N,N,N
130660,KR7130660004,한전산업,ST,3.0,26,0,0,,N,N,0,N,N,N,,N,N,N,N,N,N,N,N,N,0,N,N,N,N,N,N,N,N,12150,1,1,N,N,N,0,N,N,N,0,0,0,50,Y,90,171986,500,20101216,32600,16300000000,12.0,,0,,N,N,Y,2321,223,224,172,4.26,20260630.0,3960,,N,N,Y
130680,KR7130680002,TIGER 원유선물Enhanced(H),EF,,0,0,0,N,N,N,0,N,N,N,2.0,N,N,N,N,N,N,N,N,N,0,N,N,N,N,N,N,N,N,7710,1,1,N,N,N,0,N,N,N,0,0,0,100,N,90,23772,0,20100802,1900,0,12.0,,0,,N,N,N,0,0,0,0,0.0,,146,,N,N,N
130730,KR7130730005,KIWOOM 단기자금,EF,,0,0,0,N,N,N,0,N,N,N,2.0,N,N,N,N,N,N,N,N,N,0,N,N,Y,N,N,N,N,N,103335,1,1,N,N,N,0,N,N,N,0,0,0,100,N,90,68766,0,20100729,660,0,12.0,,0,,N,N,N,0,0,0,0,0.0,,682,,N,N,N
131890,KR7131890006,ACE 삼성그룹동일가중,EF,,0,0,0,N,N,N,0,N,N,N,2.0,N,N,N,N,N,N,N,N,N,0,N,N,Y,N,N,N,N,N,39650,1,1,N,N,N,0,N,N,N,0,0,0,100,N,90,807,0,20100917,400,0,12.0,,0,,N,N,N,0,0,0,0,0.0,,158,,N,N,N
132030,KR7132030008,KODEX 골드선물(H),EF,,0,0,0,N,N,N,0,N,N,N,2.0,N,N,N,N,N,N,N,N,N,0,N,N,N,N,N,N,N,N,23130,1,1,N,N,N,0,N,N,N,0,0,0,100,N,90,36927,0,20101001,14700,0,12.0,,0,,N,N,N,0,0,0,0,0.0,,3400,,N,N,N
133690,KR7133690008,TIGER 미국나스닥100,EF,,0,0,0,N,N,N,0,N,N,N,2.0,N,N,N,N,N,N,N,N,N,0,N,N,Y,N,N,N,N,N,185285,1,1,N,N,N,0,N,N,N,0,0,0,40,Y,90,3250261,0,20101018,66280,0,12.0,,0,,N,N,N,0,0,0,0,0.0,,122806,,N,N,N
133820,KR7133820001,화인베스틸,ST,3.0,27,11,0,,N,N,0,N,N,N,,N,N,N,N,N,N,N,N,N,0,N,N,N,N,N,N,N,N,966,1,1,N,N,N,0,N,N,N,0,0,0,100,N,90,16280,500,20140722,37114,19832251000,12.0,,0,,N,N,Y,998,27,0,1,-11.07,20260630.0,358,,N,N,N
134380,KR7134380005,미원화학,ST,3.0,27,8,0,,Y,N,0,N,N,N,,N,N,N,N,N,N,N,N,N,0,N,N,N,N,N,N,N,N,10260,1,1,N,N,N,0,N,N,N,0,0,0,50,Y,90,679,100,20110215,21992,2404080000,12.0,,0,,N,N,Y,0,0,0,0,0.0,20250930.0,2256,,N,N,N
134790,KR7134790005,시디즈,ST,3.0,27,0,0,,N,N,0,N,N,N,,N,N,N,N,N,N,N,N,N,0,N,N,N,N,N,N,N,N,18560,1,1,N,N,N,0,N,N,N,0,0,0,100,N,90,354,500,20110125,2000,1000000000,12.0,,0,,N,N,Y,1027,15,38,34,6.01,20260630.0,371,,N,N,N
136340,KR7136340007,RISE 중기우량회사채,EF,,0,0,0,N,N,N,0,N,N,N,2.0,N,N,N,N,N,N,N,N,N,0,N,N,Y,N,N,N,N,N,104155,1,1,N,N,N,0,N,N,N,0,0,0,100,N,90,5247,0,20110415,2851,0,12.0,,0,,N,N,N,0,0,0,0,0.0,,2969,,N,N,N
136490,KR7136490000,선진,ST,3.0,27,5,0,,N,N,0,N,N,N,,N,N,N,N,N,N,N,N,N,0,N,N,N,N,N,N,N,N,10240,1,1,N,N,N,0,N,N,N,0,0,0,50,Y,90,39667,500,20110216,23779,11889802000,12.0,,0,,N,N,Y,10741,1048,838,638,14.87,20260630.0,2435,HRM,N,N,N
137310,KR7137310009,에스디바이오센서,ST,2.0,27,14,0,,N,,A,N,N,N,,N,N,,,,,N,,,0,,,N,,,,,,6850,1,1,N,N,N,0,N,N,N,0,0,0,100,N,90,509595,500,20210716,120749,62239087500,12.0,,0,,N,N,Y,3800,-189,335,386,-26.91,20260630.0,8271,,N,N,N
137610,KR7137610002,TIGER 농산물선물Enhanced(H),EF,,0,0,0,N,N,N,0,N,N,N,2.0,N,N,N,N,N,N,N,N,N,0,N,N,N,N,N,N,N,N,5865,1,1,N,N,N,0,N,N,N,0,0,0,100,N,90,12934,0,20110111,2300,0,12.0,,0,,N,N,N,0,0,0,0,0.0,,134,,N,N,N
138040,KR7138040001,메리츠금융지주,ST,1.0,21,0,0,,N,N,6,Y,Y,Y,,N,Y,N,N,N,N,N,N,N,0,N,N,N,N,N,N,N,N,130400,1,1,N,N,N,0,N,N,N,0,0,0,40,Y,90,112836,500,20110513,167347,113093927000,12.0,,0,,N,Y,Y,176403,18224,19955,14716,22.38,20260630.0,218220,,N,N,N
138230,KR7138230008,KIWOOM 미국달러선물,EF,,0,0,0,N,N,N,0,N,N,N,2.0,N,N,N,N,N,N,N,N,N,0,N,N,N,N,N,N,N,N,15720,1,1,N,N,N,0,N,N,N,0,0,0,100,N,90,1633,0,20110224,1450,0,12.0,,0,,N,N,N,0,0,0,0,0.0,,227,,N,N,N
138520,KR7138520002,TIGER 삼성그룹,EF,,0,0,0,N,N,N,0,N,N,N,2.0,N,N,N,N,N,N,N,N,N,0,N,N,Y,N,N,N,N,N,35980,1,1,N,N,N,0,N,N,N,0,0,0,100,N,90,14841,0,20110307,4040,0,12.0,,0,,N,N,N,0,0,0,0,0.0,,1453,,N,N,N
138530,KR7138530001,TIGER LG그룹플러스,EF,,0,0,0,N,N,N,0,N,N,N,2.0,N,N,N,N,N,N,N,N,N,0,N,N,Y,N,N,N,N,N,12105,1,1,N,N,N,0,N,N,N,0,0,0,100,N,90,120778,0,20110310,6420,0,12.0,,0,,N,N,N,0,0,0,0,0.0,,777,,N,N,N
138540,KR7138540000,TIGER 현대차그룹플러스,EF,,0,0,0,N,N,N,0,N,N,N,2.0,N,N,N,N,N,N,N,N,N,0,N,N,Y,N,N,N,N,N,44200,1,1,N,N,N,0,N,N,N,0,0,0,40,Y,90,220828,0,20110310,12940,0,12.0,,0,,N,N,N,0,0,0,0,0.0,,5719,,N,N,N
138910,KR7138910005,KODEX 구리선물(H),EF,,0,0,0,N,N,N,0,N,N,N,2.0,N,N,N,N,N,N,N,N,N,0,N,N,N,N,N,N,N,N,9995,1,1,N,N,N,0,N,N,N,0,0,0,100,N,90,16037,0,20110315,3300,0,12.0,,0,,N,N,N,0,0,0,0,0.0,,329,,N,N,N
138920,KR7138920004,KODEX 콩선물(H),EF,,0,0,0,N,N,N,0,N,N,N,2.0,N,N,N,N,N,N,N,N,N,0,N,N,N,N,N,N,N,N,12915,1,1,N,N,N,0,N,N,N,0,0,0,100,N,90,832,0,20110315,500,0,12.0,,0,,N,N,N,0,0,0,0,0.0,,64,,N,N,N
138930,KR7138930003,BNK금융지주,ST,2.0,21,0,0,,N,Y,6,N,N,Y,,N,N,N,N,N,Y,N,N,N,0,N,N,N,N,N,N,N,Y,15480,1,1,N,N,N,0,N,N,N,0,0,0,40,Y,90,866086,5000,20110330,306839,1629676230000,12.0,,0,,N,Y,Y,69892,5188,5585,4224,6.98,20260630.0,47498,,N,N,N
139130,KR7139130009,iM금융지주,ST,2.0,21,0,0,,N,Y,6,N,N,Y,,N,N,N,N,N,Y,N,N,N,0,N,N,N,N,N,N,N,Y,18000,1,1,N,N,N,0,N,N,N,0,0,0,40,Y,90,573194,5000,20110607,158363,845729165000,12.0,,0,,N,Y,Y,75291,3767,3862,3030,6.91,20260630.0,28505,,N,N,N
139220,KR7139220008,TIGER 200 건설,EF,,0,0,0,N,N,N,0,N,N,N,2.0,N,N,N,N,N,N,N,N,N,0,N,N,Y,N,N,N,N,N,7500,1,1,N,N,N,0,N,N,N,0,0,0,100,N,90,263919,0,20110406,17080,0,12.0,,0,,N,N,N,0,0,0,0,0.0,,1281,,N,N,N
139230,KR7139230007,TIGER 200 중공업,EF,,0,0,0,N,N,N,0,N,N,N,2.0,N,N,N,N,N,N,N,N,N,0,N,N,Y,N,N,N,N,N,12050,1,1,N,N,N,0,N,N,N,0,0,0,100,N,90,58381,0,20110406,19560,0,12.0,,0,,N,N,N,0,0,0,0,0.0,,2356,,N,N,N
139240,KR7139240006,TIGER 200 철강소재,EF,,0,0,0,N,N,N,0,N,N,N,2.0,N,N,N,N,N,N,N,N,N,0,N,N,Y,N,N,N,N,N,10200,1,1,N,N,N,0,N,N,N,0,0,0,100,N,90,24319,0,20110406,820,0,12.0,,0,,N,N,N,0,0,0,0,0.0,,83,,N,N,N
139250,KR7139250005,TIGER 200 에너지화학,EF,,0,0,0,N,N,N,0,N,N,N,2.0,N,N,N,N,N,N,N,N,N,0,N,N,Y,N,N,N,N,N,18430,1,1,N,N,N,0,N,N,N,0,0,0,100,N,90,30759,0,20110406,1420,0,12.0,,0,,N,N,N,0,0,0,0,0.0,,261,,N,N,N
139260,KR7139260004,TIGER 200 IT,EF,,0,0,0,N,N,N,0,N,N,N,2.0,N,N,N,N,N,N,N,N,N,0,N,N,Y,N,N,N,N,N,143705,1,1,N,N,N,0,N,N,N,0,0,0,40,Y,90,328036,0,20110406,19000,0,12.0,,0,,N,N,N,0,0,0,0,0.0,,27303,,N,N,N
139270,KR7139270003,TIGER 200 금융,EF,,0,0,0,N,N,N,0,N,N,N,2.0,N,N,N,N,N,N,N,N,N,0,N,N,Y,N,N,N,N,N,16355,1,1,N,N,N,0,N,N,N,0,0,0,100,N,90,21525,0,20110406,1840,0,12.0,,0,,N,N,N,0,0,0,0,0.0,,300,,N,N,N
139280,KR7139280002,TIGER 경기방어,EF,,0,0,0,N,N,N,0,N,N,N,2.0,N,N,N,N,N,N,N,N,N,0,N,N,Y,N,N,N,N,N,12195,1,1,N,N,N,0,N,N,N,0,0,0,100,N,90,3340,0,20110406,3200,0,12.0,,0,,N,N,N,0,0,0,0,0.0,,390,,N,N,N
139290,KR7139290001,TIGER 200 경기소비재,EF,,0,0,0,N,N,N,0,N,N,N,2.0,N,N,N,N,N,N,N,N,N,0,N,N,Y,N,N,N,N,N,22845,1,1,N,N,N,0,N,N,N,0,0,0,100,N,90,7295,0,20110406,280,0,12.0,,0,,N,N,N,0,0,0,0,0.0,,63,,N,N,N
139320,KR7139320006,TIGER 금은선물(H),EF,,0,0,0,N,N,N,0,N,N,N,2.0,N,N,N,N,N,N,N,N,N,0,N,N,N,N,N,N,N,N,17150,1,1,N,N,N,0,N,N,N,0,0,0,100,N,90,6303,0,20110408,2250,0,12.0,,0,,N,N,N,0,0,0,0,0.0,,385,,N,N,N
139480,KR7139480008,이마트,ST,2.0,16,0,0,,N,N,7,N,N,Y,,N,N,N,N,N,N,N,N,N,0,N,N,N,N,N,N,N,N,71300,1,1,N,N,N,0,N,N,N,0,0,0,50,Y,90,66690,5000,20110610,27595,139379095000,12.0,,0,,N,Y,Y,140385,1353,-295,-574,0.18,20260630.0,19675,577,N,N,Y
139660,KR7139660005,KIWOOM 미국달러선물인버스,EF,,0,0,0,N,N,N,0,N,N,N,2.0,N,N,N,N,N,N,N,N,N,0,N,N,N,N,N,N,N,N,8665,1,1,N,N,N,0,N,N,N,0,0,0,100,N,90,1890,0,20110401,770,0,12.0,,0,,N,N,N,0,0,0,0,0.0,,66,,N,N,N
139990,KR7139990006,아주스틸,ST,3.0,27,11,0,,N,,0,N,N,N,,N,N,,,,,N,,,0,,,N,,,,,,2280,1,1,N,N,N,0,N,N,N,0,0,0,100,N,90,16389,500,20210820,38755,19377707000,12.0,,0,,N,N,Y,5583,2,-180,-200,-25.96,20260630.0,883,364,N,N,N
140570,KR7140570003,RISE 수출주,EF,,0,0,0,N,N,N,0,N,N,N,2.0,N,N,N,N,N,N,N,N,N,0,N,N,Y,N,N,N,N,N,26065,1,1,N,N,N,0,N,N,N,0,0,0,100,N,90,419,0,20110415,400,0,12.0,,0,,N,N,N,0,0,0,0,0.0,,104,,N,N,N
140580,KR7140580002,RISE 우량업종대표주,EF,,0,0,0,N,N,N,0,N,N,N,2.0,N,N,N,N,N,N,N,N,N,0,N,N,Y,N,N,N,N,N,24065,1,1,N,N,N,0,N,N,N,0,0,0,100,N,90,568,0,20110415,500,0,12.0,,0,,N,N,N,0,0,0,0,0.0,,120,,N,N,N
140700,KR7140700006,KODEX 보험,EF,,0,0,0,N,N,N,0,N,N,N,2.0,N,N,N,N,N,N,N,N,N,0,N,N,Y,N,N,N,N,N,20320,1,1,N,N,N,0,N,N,N,0,0,0,100,N,90,114355,0,20110426,2900,0,12.0,,0,,N,N,N,0,0,0,0,0.0,,589,,N,N,N
140710,KR7140710005,KODEX 운송,EF,,0,0,0,N,N,N,0,N,N,N,2.0,N,N,N,N,N,N,N,N,N,0,N,N,Y,N,N,N,N,N,6680,1,1,N,N,N,0,N,N,N,0,0,0,100,N,90,9410,0,20110426,1900,0,12.0,,0,,N,N,N,0,0,0,0,0.0,,126,,N,N,N
140950,KR7140950007,파워 코스피100,EF,,0,0,0,N,N,N,0,N,N,N,2.0,N,N,N,N,N,N,N,N,N,0,N,N,Y,N,N,N,N,N,85220,1,1,N,N,N,0,N,N,N,0,0,0,100,N,90,1441,0,20110503,560,0,12.0,,0,,N,N,N,0,0,0,0,0.0,,477,,N,N,N
143210,KR7143210003,핸즈코퍼레이션,ST,3.0,27,15,0,,N,,0,N,N,N,,N,N,,,,,N,,,0,,,N,,,,,,1199,1,1,Y,N,N,0,N,N,N,0,0,0,100,N,90,0,500,20161202,27999,13999891500,12.0,,0,,N,N,Y,3373,5,-299,-322,-91.33,20260630.0,335,,N,N,N
143850,KR7143850006,TIGER 미국S&P500선물(H),EF,,0,0,0,N,N,N,0,N,N,N,2.0,N,N,N,N,N,N,N,N,N,0,N,N,N,N,N,N,N,N,78545,1,1,N,N,N,0,N,N,N,0,0,0,100,N,90,1158,0,20110718,1175,0,12.0,,0,,N,N,N,0,0,0,0,0.0,,922,,N,N,N
143860,KR7143860005,TIGER 헬스케어,EF,,0,0,0,N,N,N,0,N,N,N,2.0,N,N,N,N,N,N,N,N,N,0,N,N,Y,N,N,N,N,N,36090,1,1,N,N,N,0,N,N,N,0,0,0,100,N,90,11081,0,20110718,3980,0,12.0,,0,,N,N,N,0,0,0,0,0.0,,1436,,N,N,N
144600,KR7144600004,KODEX 은선물(H),EF,,0,0,0,N,N,N,0,N,N,N,2.0,N,N,N,N,N,N,N,N,N,0,N,N,N,N,N,N,N,N,9805,1,1,N,N,N,0,N,N,N,0,0,0,100,N,90,344475,0,20110718,73400,0,12.0,,0,,N,N,N,0,0,0,0,0.0,,7196,,N,N,N
145210,KR7145210001,다이나믹디자인,ST,3.0,27,12,0,,N,N,0,N,N,N,,N,N,N,N,N,N,N,N,N,0,N,N,N,N,N,N,N,N,2240,1,1,Y,N,Y,0,N,N,N,0,0,0,100,N,90,0,500,20150319,4223,2111833000,12.0,,0,,N,N,Y,487,7,-16,-16,-13.75,20260630.0,94,,N,N,N
145270,KR7145270005,케이탑리츠,RT,3.0,28,0,0,,N,N,0,N,N,N,,N,N,N,N,N,N,N,N,N,0,N,N,Y,N,N,N,N,N,800,1,1,N,N,N,0,N,N,N,0,0,0,100,N,90,20265,1000,20120131,48060,48060774000,,,0,,N,N,Y,47,24,37,30,7.82,20260630.0,384,,N,N,N
145670,KR7145670006,ACE 인버스,EF,,0,0,0,N,N,N,0,N,N,N,2.0,N,N,N,N,N,N,N,N,N,0,N,N,N,N,N,N,N,N,1281,1,1,N,N,N,0,N,N,N,0,0,0,100,N,90,53836,0,20110908,2200,0,12.0,,0,,N,N,N,0,0,0,0,0.0,,28,,N,N,N
145720,KR7145720009,덴티움,ST,3.0,27,14,0,,N,,0,N,N,N,,N,N,,,,,N,,,0,,,N,,,,,,40000,1,1,N,N,N,0,N,N,N,0,0,0,40,Y,90,17850,500,20170315,8623,6184415000,12.0,,0,,N,N,Y,1607,305,396,309,5.27,20260630.0,3449,,N,N,N
145850,KR7145850004,TREX 펀더멘탈 200,EF,,0,0,0,N,N,N,0,N,N,N,2.0,N,N,N,N,N,N,N,N,N,0,N,N,Y,N,N,N,N,N,115900,1,1,N,N,N,0,N,N,N,0,0,0,100,N,90,2,0,20110923,250,0,12.0,,0,,N,N,N,0,0,0,0,0.0,,289,,N,N,N
145990,KR7145990008,삼양사,ST,3.0,27,5,0,,N,N,0,N,N,N,,N,N,N,N,N,N,N,N,N,0,N,N,N,N,N,N,N,N,46100,1,1,N,N,N,0,N,N,N,0,0,0,50,Y,90,4688,5000,20111205,10313,51567245000,12.0,,0,,N,N,Y,13138,641,910,683,-17.89,20260630.0,4754,512,N,N,N
145995,KR7145991006,삼양사우,ST,0.0,27,5,0,,Y,N,0,N,N,N,,N,N,N,N,N,N,N,N,N,0,N,N,N,N,N,N,N,N,32150,1,1,N,N,N,0,N,N,N,0,0,0,100,N,90,234,5000,20111205,370,1850350000,12.0,,1,,N,N,N,0,0,0,0,0.0,,118,,N,N,N
147970,KR7147970008,TIGER 모멘텀,EF,,0,0,0,N,N,N,0,N,N,N,2.0,N,N,N,N,N,N,N,N,N,0,N,N,Y,N,N,N,N,N,79020,1,1,N,N,N,0,N,N,N,0,0,0,100,N,90,2321,0,20111026,440,0,12.0,,0,,N,N,N,0,0,0,0,0.0,,347,,N,N,N
148020,KR7148020001,RISE 200,EF,,0,0,0,N,N,N,0,N,N,N,2.0,N,N,N,N,N,N,N,N,N,0,N,N,Y,N,N,N,N,N,109445,1,1,N,N,N,0,N,N,N,0,0,0,40,Y,90,1818180,0,20111020,40250,0,12.0,,0,,N,N,N,0,0,0,0,0.0,,44051,,N,N,N
148070,KR7148070006,KIWOOM 국고채10년,EF,,0,0,0,N,N,N,0,N,N,N,2.0,N,N,N,N,N,N,N,N,N,0,N,N,Y,N,N,N,N,N,104770,1,1,N,N,N,0,N,N,N,0,0,0,100,N,90,11916,0,20111020,3757,0,12.0,,0,,N,N,N,0,0,0,0,0.0,,3936,,N,N,N
150460,KR7150460004,TIGER 중국소비테마,EF,,0,0,0,N,N,N,0,N,N,N,2.0,N,N,N,N,N,N,N,N,N,0,N,N,Y,N,N,N,N,N,7400,1,1,N,N,N,0,N,N,N,0,0,0,100,N,90,10851,0,20111216,7350,0,12.0,,0,,N,N,N,0,0,0,0,0.0,,543,,N,N,N
152100,KR7152100004,PLUS 200,EF,,0,0,0,N,N,N,0,N,N,N,2.0,N,N,N,N,N,N,N,N,N,0,N,N,Y,N,N,N,N,N,110155,1,1,N,N,N,0,N,N,N,0,0,0,40,Y,90,532033,0,20120110,13350,0,12.0,,0,,N,N,N,0,0,0,0,0.0,,14705,,N,N,N
152380,KR7152380002,KODEX 국채선물10년,EF,,0,0,0,N,N,N,0,N,N,N,2.0,N,N,N,N,N,N,N,N,N,0,N,N,N,N,N,N,N,N,64915,1,1,N,N,N,0,N,N,N,0,0,0,100,N,90,2088,0,20120120,318,0,12.0,,0,,N,N,N,0,0,0,0,0.0,,206,,N,N,N
152500,KR7152500005,ACE 레버리지,EF,,0,0,0,N,N,N,0,N,N,N,2.0,N,N,N,N,N,N,N,N,N,0,N,N,N,N,N,N,N,N,44110,1,1,N,N,N,0,N,N,N,0,0,0,100,N,90,18738,0,20120127,1100,0,12.0,,0,,N,N,N,0,0,0,0,0.0,,485,,N,N,N
152870,KR7152870002,파워 200,EF,,0,0,0,N,N,N,0,N,N,N,2.0,N,N,N,N,N,N,N,N,N,0,N,N,Y,N,N,N,N,N,109565,1,1,N,N,N,0,N,N,N,0,0,0,100,N,90,318,0,20120213,1400,0,12.0,,0,,N,N,N,0,0,0,0,0.0,,1533,,N,N,N
153130,KR7153130000,KODEX 단기채권,EF,,0,0,0,N,N,N,0,N,N,N,2.0,N,N,N,N,N,N,N,N,N,0,N,N,Y,N,N,N,N,N,113330,1,1,N,N,N,0,N,N,N,0,0,0,40,Y,90,15121,0,20120222,10499,0,12.0,,0,,N,N,N,0,0,0,0,0.0,,11898,,N,N,N
153270,KR7153270004,KIWOOM 코스피100,EF,,0,0,0,N,N,N,0,N,N,N,2.0,N,N,N,N,N,N,N,N,N,0,N,N,Y,N,N,N,N,N,83640,1,1,N,N,N,0,N,N,N,0,0,0,100,N,90,2464,0,20120228,360,0,12.0,,0,,N,N,N,0,0,0,0,0.0,,301,,N,N,N
155660,KR7155660004,DSR,ST,3.0,27,11,0,,N,N,0,N,N,N,,N,N,N,N,N,N,N,N,N,0,N,N,N,N,N,N,N,N,4225,1,1,N,N,N,0,N,N,N,0,0,0,100,N,90,30864,500,20130515,16000,8000000000,12.0,,0,,N,N,Y,1646,107,265,208,12.69,20260630.0,676,,N,N,N
156080,KR7156080004,KODEX MSCI Korea,EF,,0,0,0,N,N,N,0,N,N,N,2.0,N,N,N,N,N,N,N,N,N,0,N,N,Y,N,N,N,N,N,51960,1,1,N,N,N,0,N,N,N,0,0,0,100,N,90,4923,0,20120430,600,0,12.0,,0,,N,N,N,0,0,0,0,0.0,,311,,N,N,N
157450,KR7157450008,TIGER 단기통안채,EF,,0,0,0,N,N,N,0,N,N,N,2.0,N,N,N,N,N,N,N,N,N,0,N,N,Y,N,N,N,N,N,112870,1,1,N,N,N,0,N,N,N,0,0,0,40,Y,90,64575,0,20120516,11373,0,12.0,,0,,N,N,N,0,0,0,0,0.0,,12836,,N,N,N
157490,KR7157490004,TIGER 소프트웨어,EF,,0,0,0,N,N,N,0,N,N,N,2.0,N,N,N,N,N,N,N,N,N,0,N,N,Y,N,N,N,N,N,7750,1,1,N,N,N,0,N,N,N,0,0,0,100,N,90,62387,0,20120516,9280,0,12.0,,0,,N,N,N,0,0,0,0,0.0,,719,,N,N,N
157500,KR7157500000,TIGER 증권,EF,,0,0,0,N,N,N,0,N,N,N,2.0,N,N,N,N,N,N,N,N,N,0,N,N,Y,N,N,N,N,N,11575,1,1,N,N,N,0,N,N,N,0,0,0,100,N,90,240715,0,20120516,17720,0,12.0,,0,,N,N,N,0,0,0,0,0.0,,2051,,N,N,N
159800,KR7159800002,마이티 코스피100,EF,,0,0,0,N,N,N,0,N,N,N,2.0,N,N,N,N,N,N,N,N,N,0,N,N,Y,N,N,N,N,N,86005,1,1,N,N,N,0,N,N,N,0,0,0,100,N,90,80,0,20120705,280,0,12.0,,0,,N,N,N,0,0,0,0,0.0,,240,,N,N,N
160580,KR7160580007,TIGER 구리실물,EF,,0,0,0,N,N,N,0,N,N,N,2.0,N,N,N,N,N,N,N,N,N,0,N,N,Y,N,N,N,N,N,15900,1,1,N,N,N,0,N,N,N,0,0,0,100,N,90,39185,0,20121217,9625,0,12.0,,0,,N,N,N,0,0,0,0,0.0,,1530,,N,N,N
161000,KR7161000005,애경케미칼,ST,3.0,27,8,0,,N,N,0,N,N,Y,,N,N,N,N,N,N,N,Y,N,0,N,N,N,N,N,N,N,N,10820,1,1,N,N,N,0,N,N,N,0,0,0,50,Y,90,206353,500,20120917,48648,24324354500,12.0,,0,,N,N,Y,8739,487,142,147,2.78,20260630.0,5263,615,N,N,Y
161390,KR7161390000,한국타이어앤테크놀로지,ST,1.0,27,8,0,,N,N,8,Y,N,Y,,N,Y,Y,N,N,N,N,N,N,0,N,N,N,N,N,N,N,Y,60700,1,1,N,N,N,0,N,N,N,0,0,0,40,Y,90,150448,500,20121004,123875,61937534500,12.0,,0,,N,Y,Y,109964,10661,9550,6897,10.02,20260630.0,75192,912,N,N,Y
161510,KR7161510003,PLUS 고배당주,EF,,0,0,0,N,N,N,0,N,N,N,2.0,N,N,N,N,N,N,N,N,N,0,N,N,Y,N,N,N,N,N,24305,1,1,N,N,N,0,N,N,N,0,0,0,40,Y,90,588615,0,20120829,96990,0,12.0,,0,,N,N,N,0,0,0,0,0.0,,23573,,N,N,N
161890,KR7161890009,한국콜마,ST,2.0,27,8,0,,N,N,7,N,N,Y,,N,N,N,N,N,N,N,N,N,0,N,N,N,N,N,N,N,N,145600,1,1,N,N,N,0,N,N,N,0,0,0,40,Y,90,512440,500,20121019,23605,11802538500,12.0,,0,,N,Y,Y,15893,1892,1752,1306,20.19,20260630.0,34368,LE7,N,N,Y
163560,KR7163560006,동일고무벨트,ST,3.0,27,8,0,,N,N,0,N,N,N,,N,N,N,N,N,N,N,N,N,0,N,N,N,N,N,N,N,N,5490,1,1,N,N,N,0,N,N,N,0,0,0,100,N,90,30324,500,20121019,13900,6950000000,12.0,,0,,N,N,Y,1989,153,224,173,10.75,20260630.0,763,,N,N,N
166400,KR7166400002,TIGER 200커버드콜OTM,EF,,0,0,0,N,N,N,0,N,N,N,2.0,N,N,N,N,N,N,N,N,N,0,N,N,Y,N,N,N,N,N,24750,1,1,N,N,N,0,N,N,N,0,0,0,100,N,90,1965,0,20121025,500,0,12.0,,0,,N,N,N,0,0,0,0,0.0,,123,,N,N,N
167860,KR7167860006,KIWOOM 국고채10년레버리지,EF,,0,0,0,N,N,N,0,N,N,N,2.0,N,N,N,N,N,N,N,N,N,0,N,N,N,N,N,N,N,N,91980,1,1,N,N,N,0,N,N,N,0,0,0,100,N,90,3,0,20121030,290,0,12.0,,0,,N,N,N,0,0,0,0,0.0,,266,,N,N,N
168580,KR7168580009,ACE 중국본토CSI300,EF,,0,0,0,N,N,N,0,N,N,N,2.0,N,N,N,N,N,N,N,N,N,0,N,N,Y,N,N,N,N,N,31580,1,1,N,N,N,0,N,N,N,0,0,0,100,N,90,1345,0,20121129,3040,0,12.0,,0,,N,N,N,0,0,0,0,0.0,,960,,N,N,N
169950,KR7169950003,KODEX 차이나A50,EF,,0,0,0,N,N,N,0,N,N,N,2.0,N,N,N,N,N,N,N,N,N,0,N,N,Y,N,N,N,N,N,23510,1,1,N,N,N,0,N,N,N,0,0,0,100,N,90,326,0,20130121,800,0,12.0,,0,,N,N,N,0,0,0,0,0.0,,188,,N,N,N
170900,KR7170900005,동아에스티,ST,3.0,27,9,0,,N,N,0,N,N,Y,,N,N,N,N,Y,N,N,N,N,0,N,N,N,N,N,N,N,N,35400,1,1,N,N,N,0,N,N,N,0,0,0,100,N,90,6160,5000,20130408,9727,49059695000,12.0,,0,,N,N,Y,4282,140,143,93,1.35,20260630.0,3443,,N,N,N
174350,KR7174350009,TIGER 로우볼,EF,,0,0,0,N,N,N,0,N,N,N,2.0,N,N,N,N,N,N,N,N,N,0,N,N,Y,N,N,N,N,N,20395,1,1,N,N,N,0,N,N,N,0,0,0,100,N,90,285,0,20130620,420,0,12.0,,0,,N,N,N,0,0,0,0,0.0,,85,,N,N,N
174360,KR7174360008,RISE 중국본토대형주CSI100,EF,,0,0,0,N,N,N,0,N,N,N,2.0,N,N,N,N,N,N,N,N,N,0,N,N,Y,N,N,N,N,N,22105,1,1,N,N,N,0,N,N,N,0,0,0,100,N,90,898,0,20130604,1400,0,12.0,,0,,N,N,N,0,0,0,0,0.0,,309,,N,N,N
175330,KR7175330000,JB금융지주,ST,2.0,21,0,0,,N,N,6,N,N,Y,,N,N,N,N,N,Y,N,N,N,0,N,N,N,N,N,N,N,N,28250,1,1,N,N,N,0,N,N,N,0,0,0,40,Y,90,259023,5000,20130718,186521,984914470000,12.0,,0,,N,Y,Y,24795,5269,5270,3987,12.37,20260630.0,52692,,N,N,N
176950,KR7176950004,KODEX 국채선물10년인버스,EF,,0,0,0,N,N,N,0,N,N,N,2.0,N,N,N,N,N,N,N,N,N,0,N,N,N,N,N,N,N,N,60645,1,1,N,N,N,0,N,N,N,0,0,0,100,N,90,2171,0,20130531,444,0,12.0,,0,,N,N,N,0,0,0,0,0.0,,269,,N,N,N
178920,KR7178920005,PI첨단소재,ST,2.0,27,8,0,,N,N,0,N,N,Y,,N,N,N,N,N,N,N,Y,N,0,N,N,N,N,N,N,N,N,20350,1,1,N,N,N,0,N,N,N,0,0,0,40,Y,90,48859,500,20210809,29366,14683161000,12.0,,0,,N,N,Y,2513,349,301,234,7.16,20241231.0,5976,,N,N,Y
180640,KR7180640005,한진칼,ST,1.0,21,0,0,,N,N,8,Y,N,Y,,N,N,N,N,N,N,N,N,N,0,N,N,N,N,N,N,Y,N,133900,1,1,N,N,N,0,N,N,N,0,0,0,50,Y,90,31496,2500,20130916,66762,166905697500,12.0,,0,,N,Y,Y,1411,298,31,-3,-0.91,20260630.0,89394,926,N,N,Y
18064K,KR718064K016,한진칼우,ST,0.0,21,0,0,,N,N,0,N,N,N,,N,N,N,N,N,N,N,N,N,0,N,N,N,N,N,N,N,N,29700,1,1,N,N,N,0,N,N,N,0,0,0,100,N,90,1358,2500,20130916,530,1341915000,12.0,,9,,N,N,N,0,0,0,0,0.0,,157,,N,N,N
181480,KR7181480005,ACE 미국부동산리츠(합성 H),EF,,0,0,0,N,N,N,0,N,N,N,2.0,N,N,N,N,N,N,N,N,N,0,N,N,N,N,N,N,N,N,79355,1,1,N,N,N,0,N,N,N,0,0,0,100,N,90,98,0,20130801,120,0,12.0,,0,,N,N,N,0,0,0,0,0.0,,95,,N,N,N
181710,KR7181710005,NHN,ST,2.0,29,0,0,,N,N,0,N,N,N,,N,N,N,N,N,N,N,N,N,0,N,N,N,N,N,N,N,N,56900,1,1,N,N,N,0,N,N,N,0,0,0,40,Y,90,73962,500,20130829,32328,18758957500,12.0,,0,,N,N,Y,14293,842,1020,602,4.78,20260630.0,18395,,N,N,N
182480,KR7182480004,TIGER 미국MSCI리츠(합성 H),EF,,0,0,0,N,N,N,0,N,N,N,2.0,N,N,N,N,N,N,N,N,N,0,N,N,Y,N,N,N,N,N,12745,1,1,N,N,N,0,N,N,N,0,0,0,100,N,90,5490,0,20131010,8800,0,12.0,,0,,N,N,N,0,0,0,0,0.0,,1121,,N,N,N
182490,KR7182490003,TIGER 단기선진하이일드(합성 H),EF,,0,0,0,N,N,N,0,N,N,N,2.0,N,N,N,N,N,N,N,N,N,0,N,N,Y,N,N,N,N,N,13630,1,1,N,N,N,0,N,N,N,0,0,0,100,N,90,396,0,20140324,600,0,12.0,,0,,N,N,N,0,0,0,0,0.0,,81,,N,N,N
183190,KR7183190008,아세아시멘트,ST,3.0,27,10,0,,N,N,0,N,N,Y,,N,N,N,N,N,N,N,N,N,0,N,Y,N,N,N,N,N,N,9960,1,1,N,N,N,0,N,N,N,0,0,0,40,Y,90,34214,500,20131106,35978,19479045000,12.0,,0,,N,N,Y,5183,350,220,195,1.06,20260630.0,3583,,N,N,N
183700,KR7183700004,RISE 200채권혼합50,EF,,0,0,0,N,N,N,0,N,N,N,2.0,N,N,N,N,N,N,N,N,N,0,N,N,Y,N,N,N,N,N,96710,1,1,N,N,N,0,N,N,N,0,0,0,100,N,90,1328,0,20131017,420,0,12.0,,0,,N,N,N,0,0,0,0,0.0,,406,,N,N,N
183710,KR7183710003,RISE 주식혼합,EF,,0,0,0,N,N,N,0,N,N,N,2.0,N,N,N,N,N,N,N,N,N,0,N,N,Y,N,N,N,N,N,93335,1,1,N,N,N,0,N,N,N,0,0,0,100,N,90,47,0,20131017,200,0,12.0,,0,,N,N,N,0,0,0,0,0.0,,186,,N,N,N
185680,KR7185680006,KODEX 미국S&P바이오(합성),EF,,0,0,0,N,N,N,0,N,N,N,2.0,N,N,N,N,N,N,N,N,N,0,N,N,Y,N,N,N,N,N,42900,1,1,N,N,N,0,N,N,N,0,0,0,100,N,90,1546,0,20131031,532,0,12.0,,0,,N,N,N,0,0,0,0,0.0,,228,,N,N,N
185750,KR7185750007,종근당,ST,2.0,27,9,0,,N,N,A,N,N,Y,,N,N,N,N,Y,N,N,N,N,0,N,N,N,N,N,N,N,N,66200,1,1,N,N,N,0,N,N,N,0,0,0,40,Y,90,14308,2500,20131206,13802,34506950000,12.0,,0,,N,N,Y,9262,327,312,330,8.24,20260630.0,9137,,N,N,Y
189400,KR7189400005,PLUS 글로벌MSCI(합성 H),EF,,0,0,0,N,N,N,0,N,N,N,2.0,N,N,N,N,N,N,N,N,N,0,N,N,Y,N,N,N,N,N,26195,1,1,N,N,N,0,N,N,N,0,0,0,100,N,90,121,0,20131210,300,0,12.0,,0,,N,N,N,0,0,0,0,0.0,,78,,N,N,N
190620,KR7190620005,ACE 단기통안채,EF,,0,0,0,N,N,N,0,N,N,N,2.0,N,N,N,N,N,N,N,N,N,0,N,N,Y,N,N,N,N,N,102305,1,1,N,N,N,0,N,N,N,0,0,0,100,N,90,61687,0,20131223,2606,0,12.0,,0,,N,N,N,0,0,0,0,0.0,,2666,,N,N,N
192080,KR7192080000,더블유게임즈,ST,2.0,29,0,0,,N,N,8,N,N,N,,N,N,N,N,N,N,N,N,N,0,N,N,N,N,N,N,N,N,57300,1,1,N,N,N,0,N,N,N,0,0,0,40,Y,90,56380,500,20190312,21173,10839825500,12.0,,0,,N,N,Y,4156,1385,1735,1386,14.71,20260630.0,12132,,N,N,N
192090,KR7192090009,TIGER 차이나CSI300,EF,,0,0,0,N,N,N,0,N,N,N,2.0,N,N,N,N,N,N,N,N,N,0,N,N,Y,N,N,N,N,N,11415,1,1,N,N,N,0,N,N,N,0,0,0,100,N,90,20319,0,20140217,10250,0,12.0,,0,,N,N,N,0,0,0,0,0.0,,1170,,N,N,N
192400,KR7192400000,쿠쿠홀딩스,ST,2.0,21,0,0,,N,N,0,N,N,N,,N,N,N,N,N,N,N,N,N,0,N,N,N,N,N,N,N,N,27300,1,1,N,N,N,0,N,N,N,0,0,0,40,Y,90,12669,100,20140806,35562,3556218500,12.0,,0,,N,N,Y,4727,531,1014,827,13.58,20260630.0,9708,,N,N,N
192650,KR7192650000,드림텍,ST,3.0,27,13,0,,N,,0,N,N,N,,N,N,,,,,N,,,0,,,N,,,,,,9120,1,1,N,N,N,0,N,N,N,0,0,0,100,N,90,721547,100,20190314,65886,7186774300,12.0,,0,,N,N,Y,5180,5,-36,-94,-2.62,20260630.0,6008,,N,N,N
192720,KR7192720001,파워 고배당저변동성,EF,,0,0,0,N,N,N,0,N,N,N,2.0,N,N,N,N,N,N,N,N,N,0,N,N,Y,N,N,N,N,N,56960,1,1,N,N,N,0,N,N,N,0,0,0,100,N,90,778,0,20140220,510,0,12.0,,0,,N,N,N,0,0,0,0,0.0,,290,,N,N,N
192820,KR7192820009,코스맥스,ST,2.0,27,8,0,,N,N,7,N,N,Y,,N,N,N,N,N,N,N,N,N,0,N,N,N,N,N,N,N,N,308500,1,1,N,N,N,0,N,N,N,0,0,0,100,N,90,203211,500,20140407,11349,5674754500,12.0,,0,,N,Y,Y,14769,1268,1202,938,34.01,20260630.0,35013,,N,N,N
194370,KR7194370003,제이에스코퍼레이션,ST,3.0,27,6,0,,N,N,0,N,N,N,,N,N,N,N,N,N,N,N,N,0,N,N,N,N,N,N,N,N,12000,1,1,N,N,N,0,N,N,N,0,0,0,50,Y,90,34617,100,20160204,29016,2901675800,12.0,,0,,N,N,Y,7616,873,606,405,15.89,20260630.0,3482,,N,N,N
195870,KR7195870001,해성디에스,ST,2.0,27,13,0,,N,N,0,N,N,Y,,N,N,N,Y,N,N,N,N,N,0,N,N,N,N,N,N,N,N,64700,1,1,N,N,N,0,N,N,N,0,0,0,40,Y,90,262563,5000,20160624,17000,85000000000,12.0,,0,,N,N,Y,3997,358,385,299,9.56,20260630.0,10999,,N,N,N
195920,KR7195920004,TIGER 일본TOPIX(합성 H),EF,,0,0,0,N,N,N,0,N,N,N,2.0,N,N,N,N,N,N,N,N,N,0,N,N,Y,N,N,N,N,N,35975,1,1,N,N,N,0,N,N,N,0,0,0,100,N,90,634,0,20140430,500,0,12.0,,0,,N,N,N,0,0,0,0,0.0,,179,,N,N,N
195930,KR7195930003,TIGER 유로스탁스50(합성 H),EF,,0,0,0,N,N,N,0,N,N,N,2.0,N,N,N,N,N,N,N,N,N,0,N,N,Y,N,N,N,N,N,22910,1,1,N,N,N,0,N,N,N,0,0,0,100,N,90,2718,0,20140430,1600,0,12.0,,0,,N,N,N,0,0,0,0,0.0,,366,,N,N,N
195970,KR7195970009,PLUS 선진국MSCI(합성 H),EF,,0,0,0,N,N,N,0,N,N,N,2.0,N,N,N,N,N,N,N,N,N,0,N,N,Y,N,N,N,N,N,15940,1,1,N,N,N,0,N,N,N,0,0,0,100,N,90,8927,0,20140513,1460,0,12.0,,0,,N,N,N,0,0,0,0,0.0,,232,,N,N,N
195980,KR7195980008,PLUS 신흥국MSCI(합성 H),EF,,0,0,0,N,N,N,0,N,N,N,2.0,N,N,N,N,N,N,N,N,N,0,N,N,Y,N,N,N,N,N,15400,1,1,N,N,N,0,N,N,N,0,0,0,100,N,90,10670,0,20140513,6140,0,12.0,,0,,N,N,N,0,0,0,0,0.0,,945,,N,N,N
196030,KR7196030001,ACE 일본TOPIX레버리지(H),EF,,0,0,0,N,N,N,0,N,N,N,2.0,N,N,N,N,N,N,N,N,N,0,N,N,N,N,N,N,N,N,93370,1,1,N,N,N,0,N,N,N,0,0,0,100,N,90,2320,0,20140616,500,0,12.0,,0,,N,N,N,0,0,0,0,0.0,,466,,N,N,N
196230,KR7196230007,RISE 단기통안채,EF,,0,0,0,N,N,N,0,N,N,N,2.0,N,N,N,N,N,N,N,N,N,0,N,N,Y,N,N,N,N,N,117210,1,1,N,N,N,0,N,N,N,0,0,0,100,N,90,1423,0,20140519,2198,0,12.0,,0,,N,N,N,0,0,0,0,0.0,,2576,,N,N,N
200030,KR7200030005,KODEX 미국S&P500산업재(합성),EF,,0,0,0,N,N,N,0,N,N,N,2.0,N,N,N,N,N,N,N,N,N,0,N,N,Y,N,N,N,N,N,39690,1,1,N,N,N,0,N,N,N,0,0,0,100,N,90,2072,0,20140612,1127,0,12.0,,0,,N,N,N,0,0,0,0,0.0,,447,,N,N,N
200250,KR7200250009,KIWOOM 인도Nifty50(합성),EF,,0,0,0,N,N,N,0,N,N,N,2.0,N,N,N,N,N,N,N,N,N,0,N,N,Y,N,N,N,N,N,19305,1,1,N,N,N,0,N,N,N,0,0,0,100,N,90,5156,0,20140626,7900,0,12.0,,0,,N,N,N,0,0,0,0,0.0,,1525,,N,N,N
200880,KR7200880003,서연이화,ST,3.0,27,15,0,,N,N,0,N,N,Y,,N,N,Y,N,N,N,N,N,N,0,N,N,N,N,N,N,N,N,11050,1,1,N,N,N,0,N,N,N,0,0,0,50,Y,90,19922,500,20140808,27028,13514218500,12.0,,0,,N,N,Y,24431,996,1205,809,10.75,20260630.0,2986,,N,N,Y
203780,KR7203780002,TIGER 미국나스닥바이오,EF,,0,0,0,N,N,N,0,N,N,N,2.0,N,N,N,N,N,N,N,N,N,0,N,N,Y,N,N,N,N,N,33400,1,1,N,N,N,0,N,N,N,0,0,0,100,N,90,17640,0,20140827,3040,0,12.0,,0,,N,N,N,0,0,0,0,0.0,,1015,,N,N,N
204320,KR7204320006,HL만도,ST,2.0,27,15,0,,N,N,8,N,N,Y,,N,N,Y,N,N,N,N,N,N,0,N,N,N,N,N,N,N,N,45600,1,1,N,N,N,0,N,N,N,0,0,0,40,Y,90,334481,1000,20141006,46957,46957120000,12.0,,0,,N,Y,Y,48069,2006,1787,1119,6.46,20260630.0,21412,920,N,N,Y
204450,KR7204450001,KODEX 차이나H레버리지(H),EF,,0,0,0,N,N,N,0,N,N,N,2.0,N,N,N,N,N,N,N,N,N,0,N,N,N,N,N,N,N,N,2100,1,1,N,N,N,0,N,N,N,0,0,0,100,N,90,18165,0,20140912,9500,0,12.0,,0,,N,N,N,0,0,0,0,0.0,,199,,N,N,N
204480,KR7204480008,TIGER 차이나CSI300레버리지(합성),EF,,0,0,0,N,N,N,0,N,N,N,2.0,N,N,N,N,N,N,N,N,N,0,N,N,N,N,N,N,N,N,20390,1,1,N,N,N,0,N,N,N,0,0,0,100,N,90,939,0,20140901,2380,0,12.0,,0,,N,N,N,0,0,0,0,0.0,,485,,N,N,N
205720,KR7205720006,ACE 일본TOPIX인버스(합성 H),EF,,0,0,0,N,N,N,0,N,N,N,2.0,N,N,N,N,N,N,N,N,N,0,N,N,N,N,N,N,N,N,1410,1,1,N,N,N,0,N,N,N,0,0,0,100,N,90,3532,0,20140929,3000,0,12.0,,0,,N,N,N,0,0,0,0,0.0,,42,,N,N,N
207940,KR7207940008,삼성바이오로직스,ST,1.0,27,9,0,,N,,A,Y,Y,Y,,Y,Y,,,,,N,,,0,,,N,,,,,,1277000,1,1,N,N,N,0,N,N,N,0,0,0,40,Y,90,62482,2500,20161110,46290,115727377500,12.0,,0,,N,Y,Y,25780,11672,12252,8999,19.88,20260630.0,591135,511,N,N,N
210540,KR7210540001,디와이파워,ST,3.0,27,12,0,,N,N,0,N,N,N,,N,N,N,N,N,N,N,N,N,0,N,N,N,N,N,N,N,N,11070,1,1,N,N,N,0,N,N,N,0,0,0,60,Y,90,19434,500,20150115,11041,5520854000,12.0,,0,,N,N,Y,2188,223,263,201,10.13,20260630.0,1222,,N,N,N
210780,KR7210780003,TIGER 코스피고배당,EF,,0,0,0,N,N,N,0,N,N,N,2.0,N,N,N,N,N,N,N,N,N,0,N,N,Y,N,N,N,N,N,23150,1,1,N,N,N,0,N,N,N,0,0,0,100,N,90,9221,0,20141205,3300,0,12.0,,0,,N,N,N,0,0,0,0,0.0,,763,,N,N,N
210980,KR7210980009,SK디앤디,ST,3.0,28,0,0,,N,N,0,N,N,N,,N,N,N,N,N,N,N,N,N,0,N,N,N,N,N,N,N,N,3070,1,1,N,N,N,0,N,N,N,0,0,0,100,N,90,170676,1000,20150623,18617,18617382000,12.0,,0,,N,N,Y,1544,-522,-865,-655,-15.47,20260630.0,571,,N,N,N
211560,KR7211560008,TIGER 배당성장,EF,,0,0,0,N,N,N,0,N,N,N,2.0,N,N,N,N,N,N,N,N,N,0,N,N,Y,N,N,N,N,N,34185,1,1,N,N,N,0,N,N,N,0,0,0,100,N,90,5426,0,20141217,2010,0,12.0,,0,,N,N,N,0,0,0,0,0.0,,687,,N,N,N
211900,KR7211900006,KODEX 코리아배당성장,EF,,0,0,0,N,N,N,0,N,N,N,2.0,N,N,N,N,N,N,N,N,N,0,N,N,Y,N,N,N,N,N,27390,1,1,N,N,N,0,N,N,N,0,0,0,100,N,90,27273,0,20141217,3150,0,12.0,,0,,N,N,N,0,0,0,0,0.0,,862,,N,N,N
213500,KR7213500002,한솔제지,ST,3.0,27,7,0,,N,N,0,N,N,N,,N,N,N,N,N,N,N,N,N,0,N,N,N,N,N,N,N,N,7140,1,1,N,N,N,0,N,N,N,0,0,0,60,Y,90,10557,5000,20150126,23800,119002880000,12.0,,0,,N,N,Y,11525,620,414,334,3.07,20260630.0,1699,924,N,N,N
213610,KR7213610009,KODEX 삼성그룹밸류,EF,,0,0,0,N,N,N,0,N,N,N,2.0,N,N,N,N,N,N,N,N,N,0,N,N,Y,N,N,N,N,N,22245,1,1,N,N,N,0,N,N,N,0,0,0,100,N,90,10220,0,20150108,11900,0,12.0,,0,,N,N,N,0,0,0,0,0.0,,2647,,N,N,N
213630,KR7213630007,PLUS 미국다우존스고배당주(합성 H),EF,,0,0,0,N,N,N,0,N,N,N,2.0,N,N,N,N,N,N,N,N,N,0,N,N,Y,N,N,N,N,N,19975,1,1,N,N,N,0,N,N,N,0,0,0,100,N,90,1347,0,20150126,920,0,12.0,,0,,N,N,N,0,0,0,0,0.0,,183,,N,N,N
214320,KR7214320004,이노션,ST,2.0,26,0,0,,N,N,0,N,N,N,,N,N,N,N,N,N,N,N,N,0,N,N,N,N,N,N,N,N,17960,1,1,N,N,N,0,N,N,N,0,0,0,40,Y,90,42027,500,20150717,40000,20000000000,12.0,,0,,N,N,Y,10228,844,954,761,12.05,20260630.0,7184,BH1,N,N,N
214330,KR7214330003,금호에이치티,ST,3.0,27,15,0,,N,N,0,N,N,N,,N,N,N,N,N,N,N,N,N,0,N,N,N,N,N,N,N,N,6850,1,1,N,N,N,0,N,N,N,0,0,0,100,N,90,14621,5000,20151111,10456,54784645000,12.0,,0,,N,N,Y,1793,42,83,64,-5.76,20260630.0,716,,N,N,N
214390,KR7214390007,경보제약,ST,3.0,27,9,0,,N,N,0,N,N,Y,,N,N,N,N,Y,N,N,N,N,0,N,N,N,N,N,N,N,N,5500,1,1,N,N,N,0,N,N,N,0,0,0,100,N,90,24927,500,20150629,23906,11953430000,12.0,,0,,N,N,Y,2386,105,49,46,3.19,20241231.0,1314,,N,N,N
214420,KR7214420002,토니모리,ST,3.0,27,8,0,,N,N,0,N,N,N,,N,N,N,N,N,N,N,N,N,0,N,N,N,N,N,N,N,N,5080,1,1,N,N,N,0,N,N,N,0,0,0,60,Y,90,75432,200,20150710,24054,4810959800,12.0,,0,,N,N,Y,1060,64,66,56,9.67,20260630.0,1221,,N,N,N
214980,KR7214980005,KODEX 단기채권PLUS,EF,,0,0,0,N,N,N,0,N,N,N,2.0,N,N,N,N,N,N,N,N,N,0,N,N,Y,N,N,N,N,N,114610,1,1,N,N,N,0,N,N,N,0,0,0,40,Y,90,12074,0,20150303,16876,0,12.0,,0,,N,N,N,0,0,0,0,0.0,,19341,,N,N,N
215620,KR7215620006,HK S&P코리아로우볼,EF,,0,0,0,N,N,N,0,N,N,N,2.0,N,N,N,N,N,N,N,N,N,0,N,N,Y,N,N,N,N,N,16085,1,1,N,N,N,0,N,N,N,0,0,0,100,N,90,24,0,20150325,540,0,12.0,,0,,N,N,N,0,0,0,0,0.0,,86,,N,N,N
217590,KR7217590009,티엠씨,ST,3.0,27,13,0,,N,,0,N,N,N,,N,N,,,,,N,,,0,,,N,,,,,,18890,1,1,N,N,N,0,N,N,N,0,0,0,50,Y,90,4722224,100,20251215,24094,2409422500,12.0,,0,,N,N,Y,2003,23,57,36,1.97,20260630.0,4551,,N,N,N
217770,KR7217770007,TIGER 원유선물인버스(H),EF,,0,0,0,N,N,N,0,N,N,N,2.0,N,N,N,N,N,N,N,N,N,0,N,N,N,N,N,N,N,N,1118,1,1,N,N,N,0,N,N,N,0,0,0,100,N,90,300765,0,20150429,28950,0,12.0,,0,,N,N,N,0,0,0,0,0.0,,323,,N,N,N
217780,KR7217780006,TIGER 차이나CSI300인버스(합성),EF,,0,0,0,N,N,N,0,N,N,N,2.0,N,N,N,N,N,N,N,N,N,0,N,N,N,N,N,N,N,N,5930,1,1,N,N,N,0,N,N,N,0,0,0,100,N,90,110,0,20150610,1550,0,12.0,,0,,N,N,N,0,0,0,0,0.0,,91,,N,N,N
218420,KR7218420008,KODEX 미국S&P500에너지(합성),EF,,0,0,0,N,N,N,0,N,N,N,2.0,N,N,N,N,N,N,N,N,N,0,N,N,Y,N,N,N,N,N,20040,1,1,N,N,N,0,N,N,N,0,0,0,100,N,90,6189,0,20150428,2455,0,12.0,,0,,N,N,N,0,0,0,0,0.0,,491,,N,N,N
219390,KR7219390002,RISE 미국S&P원유생산기업(합성 H),EF,,0,0,0,N,N,N,0,N,N,N,2.0,N,N,N,N,N,N,N,N,N,0,N,N,Y,N,N,N,N,N,8215,1,1,N,N,N,0,N,N,N,0,0,0,100,N,90,22955,0,20150602,2000,0,12.0,,0,,N,N,N,0,0,0,0,0.0,,164,,N,N,N
219480,KR7219480001,KODEX 미국S&P500선물(H),EF,,0,0,0,N,N,N,0,N,N,N,2.0,N,N,N,N,N,N,N,N,N,0,N,N,N,N,N,N,N,N,33670,1,1,N,N,N,0,N,N,N,0,0,0,100,N,90,4992,0,20150529,4450,0,12.0,,0,,N,N,N,0,0,0,0,0.0,,1498,,N,N,N
219900,KR7219900008,ACE 중국본토CSI300레버리지(합성),EF,,0,0,0,N,N,N,0,N,N,N,2.0,N,N,N,N,N,N,N,N,N,0,N,N,N,N,N,N,N,N,3530,1,1,N,N,N,0,N,N,N,0,0,0,100,N,90,2878,0,20150528,1400,0,12.0,,0,,N,N,N,0,0,0,0,0.0,,49,,N,N,N
220130,KR7220130009,SOL 차이나강소기업CSI500(합성 H),EF,,0,0,0,N,N,N,0,N,N,N,2.0,N,N,N,N,N,N,N,N,N,0,N,N,Y,N,N,N,N,N,6550,1,1,N,N,N,0,N,N,N,0,0,0,100,N,90,446,0,20150608,800,0,12.0,,0,,N,N,N,0,0,0,0,0.0,,52,,N,N,N
223190,KR7223190000,KODEX 200가치저변동,EF,,0,0,0,N,N,N,0,N,N,N,2.0,N,N,N,N,N,N,N,N,N,0,N,N,Y,N,N,N,N,N,27340,1,1,N,N,N,0,N,N,N,0,0,0,100,N,90,480,0,20150626,1000,0,12.0,,0,,N,N,N,0,0,0,0,0.0,,273,,N,N,N
225030,KR7225030006,TIGER 미국S&P500선물인버스(H),EF,,0,0,0,N,N,N,0,N,N,N,2.0,N,N,N,N,N,N,N,N,N,0,N,N,N,N,N,N,N,N,2230,1,1,N,N,N,0,N,N,N,0,0,0,100,N,90,86914,0,20150729,1650,0,12.0,,0,,N,N,N,0,0,0,0,0.0,,36,,N,N,N
225040,KR7225040005,TIGER 미국S&P500레버리지(합성 H),EF,,0,0,0,N,N,N,0,N,N,N,2.0,N,N,N,N,N,N,N,N,N,0,N,N,N,N,N,N,N,N,69750,1,1,N,N,N,0,N,N,N,0,0,0,100,N,90,6032,0,20150729,840,0,12.0,,0,,N,N,N,0,0,0,0,0.0,,585,,N,N,N
225050,KR7225050004,TIGER 유로스탁스레버리지(합성 H),EF,,0,0,0,N,N,N,0,N,N,N,2.0,N,N,N,N,N,N,N,N,N,0,N,N,N,N,N,N,N,N,15620,1,1,N,N,N,0,N,N,N,0,0,0,100,N,90,3044,0,20150729,450,0,12.0,,0,,N,N,N,0,0,0,0,0.0,,70,,N,N,N
225060,KR7225060003,TIGER 이머징마켓MSCI레버리지(합성 H),EF,,0,0,0,N,N,N,0,N,N,N,2.0,N,N,N,N,N,N,N,N,N,0,N,N,N,N,N,N,N,N,16615,1,1,N,N,N,0,N,N,N,0,0,0,100,N,90,110,0,20150729,1060,0,12.0,,0,,N,N,N,0,0,0,0,0.0,,176,,N,N,N
225130,KR7225130004,ACE 골드선물 레버리지(합성 H),EF,,0,0,0,N,N,N,0,N,N,N,2.0,N,N,N,N,N,N,N,N,N,0,N,N,N,N,N,N,N,N,42770,1,1,N,N,N,0,N,N,N,0,0,0,100,N,90,399,0,20150728,500,0,12.0,,0,,N,N,N,0,0,0,0,0.0,,213,,N,N,N
225800,KR7225800002,KIWOOM 미국달러선물레버리지,EF,,0,0,0,N,N,N,0,N,N,N,2.0,N,N,N,N,N,N,N,N,N,0,N,N,N,N,N,N,N,N,14185,1,1,N,N,N,0,N,N,N,0,0,0,100,N,90,878,0,20150810,510,0,12.0,,0,,N,N,N,0,0,0,0,0.0,,72,,N,N,N
226320,KR7226320000,잇츠한불,ST,3.0,27,8,0,,N,N,0,N,N,N,,N,N,N,N,N,N,N,N,N,0,N,N,N,N,N,N,N,N,11760,1,1,N,N,N,0,N,N,N,0,0,0,50,Y,90,99483,500,20151228,21929,10964657500,12.0,,0,,N,N,Y,923,142,336,286,8.55,20260630.0,2578,,N,N,N
226380,KR7226380004,ACE Fn성장소비주도주,EF,,0,0,0,N,N,N,0,N,N,N,2.0,N,N,N,N,N,N,N,N,N,0,N,N,Y,N,N,N,N,N,5735,1,1,N,N,N,0,N,N,N,0,0,0,100,N,90,344,0,20150819,700,0,12.0,,0,,N,N,N,0,0,0,0,0.0,,40,,N,N,N
226490,KR7226490001,KODEX 코스피,EF,,0,0,0,N,N,N,0,N,N,N,2.0,N,N,N,N,N,N,N,N,N,0,N,N,Y,N,N,N,N,N,70215,1,1,N,N,N,0,N,N,N,0,0,0,40,Y,90,392088,0,20150824,19950,0,12.0,,0,,N,N,N,0,0,0,0,0.0,,14007,,N,N,N
226980,KR7226980001,KODEX 200 중소형,EF,,0,0,0,N,N,N,0,N,N,N,2.0,N,N,N,N,N,N,N,N,N,0,N,N,Y,N,N,N,N,N,22800,1,1,N,N,N,0,N,N,N,0,0,0,100,N,90,5101,0,20150901,900,0,12.0,,0,,N,N,N,0,0,0,0,0.0,,205,,N,N,N
227540,KR7227540002,TIGER 200 헬스케어,EF,,0,0,0,N,N,N,0,N,N,N,2.0,N,N,N,N,N,N,N,N,N,0,N,N,Y,N,N,N,N,N,18440,1,1,N,N,N,0,N,N,N,0,0,0,100,N,90,21258,0,20150923,1680,0,12.0,,0,,N,N,N,0,0,0,0,0.0,,309,,N,N,N
227550,KR7227550001,TIGER 200 산업재,EF,,0,0,0,N,N,N,0,N,N,N,2.0,N,N,N,N,N,N,N,N,N,0,N,N,Y,N,N,N,N,N,11995,1,1,N,N,N,0,N,N,N,0,0,0,100,N,90,24800,0,20150923,640,0,12.0,,0,,N,N,N,0,0,0,0,0.0,,76,,N,N,N
227560,KR7227560000,TIGER 200 생활소비재,EF,,0,0,0,N,N,N,0,N,N,N,2.0,N,N,N,N,N,N,N,N,N,0,N,N,Y,N,N,N,N,N,12450,1,1,N,N,N,0,N,N,N,0,0,0,100,N,90,879,0,20150923,400,0,12.0,,0,,N,N,N,0,0,0,0,0.0,,49,,N,N,N
227570,KR7227570009,TIGER 우량가치,EF,,0,0,0,N,N,N,0,N,N,N,2.0,N,N,N,N,N,N,N,N,N,0,N,N,Y,N,N,N,N,N,20950,1,1,N,N,N,0,N,N,N,0,0,0,100,N,90,1291,0,20150923,360,0,12.0,,0,,N,N,N,0,0,0,0,0.0,,75,,N,N,N
227830,KR7227830007,PLUS 코스피,EF,,0,0,0,N,N,N,0,N,N,N,2.0,N,N,N,N,N,N,N,N,N,0,N,N,Y,N,N,N,N,N,71065,1,1,N,N,N,0,N,N,N,0,0,0,100,N,90,239,0,20150923,250,0,12.0,,0,,N,N,N,0,0,0,0,0.0,,177,,N,N,N
227840,KR7227840006,현대코퍼레이션홀딩스,ST,3.0,16,0,0,,N,N,0,N,N,N,,N,N,N,N,N,N,N,N,N,0,N,N,N,N,N,N,N,N,12670,1,1,N,N,N,0,N,N,N,0,0,0,60,Y,90,4313,5000,20151023,9100,45504180000,12.0,,0,,N,N,Y,1553,138,389,335,16.07,20260630.0,1153,,N,N,N
228790,KR7228790002,TIGER 화장품,EF,,0,0,0,N,N,N,0,N,N,N,2.0,N,N,N,N,N,N,N,N,N,0,N,N,Y,N,N,N,N,N,4290,1,1,N,N,N,0,N,N,N,0,0,0,100,N,90,8292970,0,20151007,56610,0,12.0,,0,,N,N,N,0,0,0,0,0.0,,2428,,N,N,N
228800,KR7228800009,TIGER 여행레저,EF,,0,0,0,N,N,N,0,N,N,N,2.0,N,N,N,N,N,N,N,N,N,0,N,N,Y,N,N,N,N,N,2620,1,1,N,N,N,0,N,N,N,0,0,0,100,N,90,61852,0,20151007,25620,0,12.0,,0,,N,N,N,0,0,0,0,0.0,,671,,N,N,N
228810,KR7228810008,TIGER 미디어컨텐츠,EF,,0,0,0,N,N,N,0,N,N,N,2.0,N,N,N,N,N,N,N,N,N,0,N,N,Y,N,N,N,N,N,3095,1,1,N,N,N,0,N,N,N,0,0,0,100,N,90,689358,0,20151007,24510,0,12.0,,0,,N,N,N,0,0,0,0,0.0,,758,,N,N,N
228820,KR7228820007,TIGER KTOP30,EF,,0,0,0,N,N,N,0,N,N,N,2.0,N,N,N,N,N,N,N,N,N,0,N,N,Y,N,N,N,N,N,18880,1,1,N,N,N,0,N,N,N,0,0,0,100,N,90,13730,0,20151014,1000,0,12.0,,0,,N,N,N,0,0,0,0,0.0,,188,,N,N,N
229200,KR7229200001,KODEX 코스닥150,EF,,0,0,0,N,N,N,0,N,N,N,2.0,N,N,N,N,N,N,N,N,N,0,N,N,Y,N,N,N,N,N,15345,1,1,N,N,N,0,N,N,N,0,0,0,40,Y,90,27000360,0,20151001,335550,0,12.0,,0,,N,N,N,0,0,0,0,0.0,,51490,,N,N,Y
229640,KR7229640008,LS에코에너지,ST,2.0,21,0,0,,N,,0,N,N,Y,,N,N,,,,,N,,,0,,,N,,,,,,69000,1,1,N,N,N,0,N,N,N,0,0,0,40,Y,90,243392,500,20160922,30624,15312439500,12.0,,0,,N,Y,Y,6358,454,435,334,20.27,20260630.0,21131,FN2,N,N,N
229720,KR7229720008,KODEX KTOP30,EF,,0,0,0,N,N,N,0,N,N,N,2.0,N,N,N,N,N,N,N,N,N,0,N,N,Y,N,N,N,N,N,37290,1,1,N,N,N,0,N,N,N,0,0,0,100,N,90,1983,0,20151014,500,0,12.0,,0,,N,N,N,0,0,0,0,0.0,,186,,N,N,N
230480,KR7230480006,KIWOOM 미국달러선물인버스2X,EF,,0,0,0,N,N,N,0,N,N,N,2.0,N,N,N,N,N,N,N,N,N,0,N,N,N,N,N,N,N,N,4910,1,1,N,N,N,0,N,N,N,0,0,0,100,N,90,4869,0,20151116,1810,0,12.0,,0,,N,N,N,0,0,0,0,0.0,,88,,N,N,N
232080,KR7232080002,TIGER 코스닥150,EF,,0,0,0,N,N,N,0,N,N,N,2.0,N,N,N,N,N,N,N,N,N,0,N,N,Y,N,N,N,N,N,15620,1,1,N,N,N,0,N,N,N,0,0,0,40,Y,90,9580151,0,20151112,94360,0,12.0,,0,,N,N,N,0,0,0,0,0.0,,14739,,N,N,N
233160,KR7233160001,TIGER 코스닥150 레버리지,EF,,0,0,0,N,N,N,0,N,N,N,2.0,N,N,N,N,N,N,N,N,N,0,N,N,N,N,N,N,N,N,9060,1,1,N,N,N,0,N,N,N,0,0,0,100,N,90,1657343,0,20151217,20950,0,12.0,,0,,N,N,N,0,0,0,0,0.0,,1898,,N,N,N
233740,KR7233740000,KODEX 코스닥150레버리지,EF,,0,0,0,N,N,N,0,N,N,N,2.0,N,N,N,N,N,N,N,N,N,0,N,N,N,N,N,N,N,N,8180,1,1,N,N,N,0,N,N,N,0,0,0,100,N,90,55264872,0,20151217,459800,0,12.0,,0,,N,N,N,0,0,0,0,0.0,,37611,,N,N,N
234080,KR7234080000,JW생명과학,ST,3.0,27,9,0,,N,,0,N,N,N,,N,N,,,,,N,,,0,,,N,,,,,,10940,1,1,N,N,N,0,N,N,N,0,0,0,60,Y,90,18396,2500,20161027,15834,39586385000,12.0,,0,,N,N,Y,1268,187,183,147,11.92,20260630.0,1732,,N,N,N
234310,KR7234310001,RISE V&S셀렉트밸류,EF,,0,0,0,N,N,N,0,N,N,N,2.0,N,N,N,N,N,N,N,N,N,0,N,N,Y,N,N,N,N,N,28440,1,1,N,N,N,0,N,N,N,0,0,0,100,N,90,18,0,20160202,500,0,12.0,,0,,N,N,N,0,0,0,0,0.0,,142,,N,N,N
236350,KR7236350005,TIGER 인도니프티50레버리지(합성),EF,,0,0,0,N,N,N,0,N,N,N,2.0,N,N,N,N,N,N,N,N,N,0,N,N,N,N,N,N,N,N,21880,1,1,N,N,N,0,N,N,N,0,0,0,100,N,90,340,0,20160513,620,0,12.0,,0,,N,N,N,0,0,0,0,0.0,,135,,N,N,N
237350,KR7237350004,KODEX 코스피100,EF,,0,0,0,N,N,N,0,N,N,N,2.0,N,N,N,N,N,N,N,N,N,0,N,N,Y,N,N,N,N,N,86615,1,1,N,N,N,0,N,N,N,0,0,0,40,Y,90,129455,0,20160127,10700,0,12.0,,0,,N,N,N,0,0,0,0,0.0,,9267,,N,N,N
237370,KR7237370002,KODEX 코리아배당성장채권혼합,EF,,0,0,0,N,N,N,0,N,N,N,2.0,N,N,N,N,N,N,N,N,N,0,N,N,Y,N,N,N,N,N,15540,1,1,N,N,N,0,N,N,N,0,0,0,100,N,90,411656,0,20160127,10400,0,12.0,,0,,N,N,N,0,0,0,0,0.0,,1616,,N,N,N
237440,KR7237440003,TIGER 경기방어채권혼합,EF,,0,0,0,N,N,N,0,N,N,N,2.0,N,N,N,N,N,N,N,N,N,0,N,N,Y,N,N,N,N,N,10115,1,1,N,N,N,0,N,N,N,0,0,0,100,N,90,1781,0,20160127,1000,0,12.0,,0,,N,N,N,0,0,0,0,0.0,,101,,N,N,N
238670,KR7238670004,PLUS 스마트베타Quality채권혼합,EF,,0,0,0,N,N,N,0,N,N,N,2.0,N,N,N,N,N,N,N,N,N,0,N,N,Y,N,N,N,N,N,13635,1,1,N,N,N,0,N,N,N,0,0,0,100,N,90,8692,0,20160224,400,0,12.0,,0,,N,N,N,0,0,0,0,0.0,,54,,N,N,N
238720,KR7238720007,ACE 일본Nikkei225(H),EF,,0,0,0,N,N,N,0,N,N,N,2.0,N,N,N,N,N,N,N,N,N,0,N,N,Y,N,N,N,N,N,51135,1,1,N,N,N,0,N,N,N,0,0,0,100,N,90,2216,0,20160303,900,0,12.0,,0,,N,N,N,0,0,0,0,0.0,,460,,N,N,N
239660,KR7239660004,PLUS 우량회사채50,EF,,0,0,0,N,N,N,0,N,N,N,2.0,N,N,N,N,N,N,N,N,N,0,N,N,Y,N,N,N,N,N,122025,1,1,N,N,N,0,N,N,N,0,0,0,100,N,90,3534,0,20160322,180,0,12.0,,0,,N,N,N,0,0,0,0,0.0,,219,,N,N,N
241180,KR7241180009,TIGER 일본니케이225,EF,,0,0,0,N,N,N,0,N,N,N,2.0,N,N,N,N,N,N,N,N,N,0,N,N,Y,N,N,N,N,N,36025,1,1,N,N,N,0,N,N,N,0,0,0,100,N,90,21321,0,20160331,11220,0,12.0,,0,,N,N,N,0,0,0,0,0.0,,4042,,N,N,N
241390,KR7241390004,RISE V&S셀렉트밸류채권혼합,EF,,0,0,0,N,N,N,0,N,N,N,2.0,N,N,N,N,N,N,N,N,N,0,N,N,Y,N,N,N,N,N,15900,1,1,N,N,N,0,N,N,N,0,0,0,100,N,90,2429,0,20160412,2200,0,12.0,,0,,N,N,N,0,0,0,0,0.0,,349,,N,N,N
241560,KR7241560002,두산밥캣,ST,1.0,27,12,0,,N,,2,Y,N,Y,,N,N,,,,,N,,,0,,,N,,,,,,55000,1,1,N,N,N,0,N,N,N,0,0,0,40,Y,90,132710,500,20161118,95856,50124583000,12.0,,0,,N,Y,Y,46953,4987,4670,3310,6.85,20260630.0,52720,391,N,N,N
241590,KR7241590009,화승엔터프라이즈,ST,3.0,27,6,0,,N,,0,N,N,N,,N,N,,,,,N,,,0,,,N,,,,,,2675,1,1,N,N,N,0,N,N,N,0,0,0,60,Y,90,25278,500,20161004,60589,30294638000,12.0,,0,,N,N,Y,7484,24,-92,-108,-6.6,20260630.0,1620,,N,N,N
243880,KR7243880002,TIGER 200IT레버리지,EF,,0,0,0,N,N,N,0,N,N,N,2.0,N,N,N,N,N,N,N,N,N,0,N,N,N,N,N,N,N,N,355000,1,1,N,N,N,0,N,N,N,0,0,0,100,N,90,68720,0,20160513,1275,0,12.0,,0,,N,N,N,0,0,0,0,0.0,,4526,,N,N,N
243890,KR7243890001,TIGER 200에너지화학레버리지,EF,,0,0,0,N,N,N,0,N,N,N,2.0,N,N,N,N,N,N,N,N,N,0,N,N,N,N,N,N,N,N,8900,1,1,N,N,N,0,N,N,N,0,0,0,100,N,90,31923,0,20160513,450,0,12.0,,0,,N,N,N,0,0,0,0,0.0,,40,,N,N,N
244580,KR7244580007,KODEX 바이오,EF,,0,0,0,N,N,N,0,N,N,N,2.0,N,N,N,N,N,N,N,N,N,0,N,N,Y,N,N,N,N,N,8440,1,1,N,N,N,0,N,N,N,0,0,0,100,N,90,556717,0,20160513,26240,0,12.0,,0,,N,N,N,0,0,0,0,0.0,,2214,,N,N,N
244620,KR7244620001,KODEX 모멘텀Plus,EF,,0,0,0,N,N,N,0,N,N,N,2.0,N,N,N,N,N,N,N,N,N,0,N,N,Y,N,N,N,N,N,21575,1,1,N,N,N,0,N,N,N,0,0,0,100,N,90,2496,0,20160513,700,0,12.0,,0,,N,N,N,0,0,0,0,0.0,,151,,N,N,N
244660,KR7244660007,KODEX 퀄리티Plus,EF,,0,0,0,N,N,N,0,N,N,N,2.0,N,N,N,N,N,N,N,N,N,0,N,N,Y,N,N,N,N,N,9370,1,1,N,N,N,0,N,N,N,0,0,0,100,N,90,41,0,20160513,400,0,12.0,,0,,N,N,N,0,0,0,0,0.0,,37,,N,N,N
244670,KR7244670006,KODEX 밸류Plus,EF,,0,0,0,N,N,N,0,N,N,N,2.0,N,N,N,N,N,N,N,N,N,0,N,N,Y,N,N,N,N,N,11600,1,1,N,N,N,0,N,N,N,0,0,0,100,N,90,175,0,20160513,600,0,12.0,,0,,N,N,N,0,0,0,0,0.0,,69,,N,N,N
244920,KR7244920005,에이플러스에셋,ST,3.0,21,0,0,,N,,0,N,N,N,,N,N,,,,,N,,,0,,,N,,,,,,12670,1,1,N,N,N,0,N,N,N,0,0,0,50,Y,90,11543,500,20201120,22607,11303846500,12.0,,0,,N,N,Y,3856,260,285,222,18.03,20260630.0,2864,,N,N,N
245340,KR7245340005,TIGER 미국다우존스30,EF,,0,0,0,N,N,N,0,N,N,N,2.0,N,N,N,N,N,N,N,N,N,0,N,N,Y,N,N,N,N,N,33540,1,1,N,N,N,0,N,N,N,0,0,0,100,N,90,14395,0,20160701,4020,0,12.0,,0,,N,N,N,0,0,0,0,0.0,,1348,,N,N,N
245350,KR7245350004,TIGER 유로스탁스배당30,EF,,0,0,0,N,N,N,0,N,N,N,2.0,N,N,N,N,N,N,N,N,N,0,N,N,Y,N,N,N,N,N,17600,1,1,N,N,N,0,N,N,N,0,0,0,100,N,90,5601,0,20160701,1600,0,12.0,,0,,N,N,N,0,0,0,0,0.0,,281,,N,N,N
245360,KR7245360003,TIGER 차이나HSCEI,EF,,0,0,0,N,N,N,0,N,N,N,2.0,N,N,N,N,N,N,N,N,N,0,N,N,Y,N,N,N,N,N,11480,1,1,N,N,N,0,N,N,N,0,0,0,100,N,90,6422,0,20160616,2100,0,12.0,,0,,N,N,N,0,0,0,0,0.0,,241,,N,N,N
245710,KR7245710009,ACE 베트남VN30(합성),EF,,0,0,0,N,N,N,0,N,N,N,2.0,N,N,N,N,N,N,N,N,N,0,N,N,Y,N,N,N,N,N,27045,1,1,N,N,N,0,N,N,N,0,0,0,100,N,90,19700,0,20160701,12900,0,12.0,,0,,N,N,N,0,0,0,0,0.0,,3488,,N,N,N
248070,KR7248070005,솔루엠,ST,2.0,27,13,0,,N,,0,N,N,N,,N,N,,,,,N,,,0,,,N,,,,,,17580,1,1,N,N,N,0,N,N,N,0,0,0,40,Y,90,918495,500,20210202,47816,25002775500,12.0,,0,,N,N,Y,9701,435,382,101,2.19,20260630.0,8406,,N,N,Y
248170,KR7248170003,샘표식품,ST,3.0,27,5,0,,N,N,0,N,N,N,,N,N,N,N,N,N,N,N,N,0,N,N,N,N,N,N,N,N,21850,1,1,N,N,N,0,N,N,N,0,0,0,100,N,90,10200,500,20160809,4566,2284143000,12.0,,0,,N,N,Y,2043,115,164,111,9.71,20260630.0,997,,N,N,N
248270,KR7248270001,TIGER S&P글로벌헬스케어(합성),EF,,0,0,0,N,N,N,0,N,N,N,2.0,N,N,N,N,N,N,N,N,N,0,N,N,Y,N,N,N,N,N,25100,1,1,N,N,N,0,N,N,N,0,0,0,100,N,90,1024,0,20160701,1160,0,12.0,,0,,N,N,N,0,0,0,0,0.0,,291,,N,N,N
249420,KR7249420001,일동제약,ST,2.0,27,9,0,,N,N,0,N,N,Y,,N,N,N,N,N,N,N,N,N,0,N,N,N,N,N,N,N,N,14810,1,1,N,N,N,0,N,N,N,0,0,0,100,N,90,213675,1000,20160831,31638,31638252000,12.0,,0,,N,Y,Y,2899,112,127,125,20.71,20260630.0,4685,,N,N,N
250730,KR7250730009,RISE 차이나HSCEI(H),EF,,0,0,0,N,N,N,0,N,N,N,2.0,N,N,N,N,N,N,N,N,N,0,N,N,Y,N,N,N,N,N,9510,1,1,N,N,N,0,N,N,N,0,0,0,100,N,90,1012,0,20160810,1700,0,12.0,,0,,N,N,N,0,0,0,0,0.0,,161,,N,N,N
250780,KR7250780004,TIGER 코스닥150선물인버스,EF,,0,0,0,N,N,N,0,N,N,N,2.0,N,N,N,N,N,N,N,N,N,0,N,N,N,N,N,N,N,N,2205,1,1,N,N,N,0,N,N,N,0,0,0,100,N,90,281985,0,20160810,2750,0,12.0,,0,,N,N,N,0,0,0,0,0.0,,60,,N,N,N
251270,KR7251270005,넷마블,ST,2.0,29,0,0,,N,,B,Y,N,Y,,N,N,,,,,N,,,0,,,N,,,,,,34550,1,1,N,N,N,0,N,N,N,0,0,0,40,Y,90,150710,100,20170512,83158,8715155600,12.0,,0,,N,Y,Y,14009,1332,5427,4148,6.97,20260630.0,28731,LB6,N,N,Y
251340,KR7251340006,KODEX 코스닥150선물인버스,EF,,0,0,0,N,N,N,0,N,N,N,2.0,N,N,N,N,N,N,N,N,N,0,N,N,N,N,N,N,N,N,2185,1,1,N,N,N,0,N,N,N,0,0,0,100,N,90,35420428,0,20160810,58100,0,12.0,,0,,N,N,N,0,0,0,0,0.0,,1269,,N,N,N
251350,KR7251350005,KODEX MSCI선진국,EF,,0,0,0,N,N,N,0,N,N,N,2.0,N,N,N,N,N,N,N,N,N,0,N,N,Y,N,N,N,N,N,38085,1,1,N,N,N,0,N,N,N,0,0,0,40,Y,90,21291,0,20160817,12800,0,12.0,,0,,N,N,N,0,0,0,0,0.0,,4874,,N,N,N
251590,KR7251590006,PLUS 고배당저변동50,EF,,0,0,0,N,N,N,0,N,N,N,2.0,N,N,N,N,N,N,N,N,N,0,N,N,Y,N,N,N,N,N,17200,1,1,N,N,N,0,N,N,N,0,0,0,100,N,90,2717,0,20160811,700,0,12.0,,0,,N,N,N,0,0,0,0,0.0,,120,,N,N,N
251600,KR7251600003,PLUS 고배당주채권혼합,EF,,0,0,0,N,N,N,0,N,N,N,2.0,N,N,N,N,N,N,N,N,N,0,N,N,Y,N,N,N,N,N,15150,1,1,N,N,N,0,N,N,N,0,0,0,40,Y,90,127207,0,20160811,39100,0,12.0,,0,,N,N,N,0,0,0,0,0.0,,5923,,N,N,N
252000,KR7252000005,TIGER 200동일가중,EF,,0,0,0,N,N,,0,N,N,N,2.0,N,N,,,,,N,,,0,,,Y,,,,,,19260,1,1,N,N,N,0,N,N,N,0,0,0,100,N,90,124,0,20160920,550,0,12.0,,0,,N,N,N,0,0,0,0,0.0,,105,,N,N,N
252400,KR7252400007,RISE 200선물레버리지,EF,,0,0,0,N,N,,0,N,N,N,2.0,N,N,,,,,N,,,0,,,N,,,,,,99375,1,1,N,N,N,0,N,N,N,0,0,0,100,N,90,1493,0,20160912,600,0,12.0,,0,,N,N,N,0,0,0,0,0.0,,596,,N,N,N
252410,KR7252410006,RISE 200선물인버스,EF,,0,0,0,N,N,,0,N,N,N,2.0,N,N,,,,,N,,,0,,,N,,,,,,1304,1,1,N,N,N,0,N,N,N,0,0,0,100,N,90,45178,0,20160912,2100,0,12.0,,0,,N,N,N,0,0,0,0,0.0,,27,,N,N,N
252420,KR7252420005,RISE 200선물인버스2X,EF,,0,0,0,N,N,,0,N,N,N,2.0,N,N,,,,,N,,,0,,,N,,,,,,78,1,1,N,N,N,0,N,N,N,0,0,0,100,N,90,568178,0,20160922,52600,0,12.0,,0,,N,N,N,0,0,0,0,0.0,,41,,N,N,N
252650,KR7252650007,KODEX 200동일가중,EF,,0,0,0,N,N,,0,N,N,N,2.0,N,N,,,,,N,,,0,,,Y,,,,,,18425,1,1,N,N,N,0,N,N,N,0,0,0,100,N,90,476,0,20160920,600,0,12.0,,0,,N,N,N,0,0,0,0,0.0,,110,,N,N,N
252670,KR7252670005,KODEX 200선물인버스2X,EF,,0,0,0,N,N,,0,N,N,N,2.0,N,N,,,,,N,,,0,,,N,,,,,,73,1,1,N,N,N,0,N,N,N,0,0,0,100,N,90,1877853184,0,20160922,10672500,0,12.0,,0,,N,N,N,0,0,0,0,0.0,,7790,,N,N,N
252710,KR7252710009,TIGER 200선물인버스2X,EF,,0,0,0,N,N,,0,N,N,N,2.0,N,N,,,,,N,,,0,,,N,,,,,,80,1,1,N,N,N,0,N,N,N,0,0,0,100,N,90,92775168,0,20160922,408900,0,12.0,,0,,N,N,N,0,0,0,0,0.0,,327,,N,N,N
253150,KR7253150007,PLUS 200선물레버리지,EF,,0,0,0,N,N,,0,N,N,N,2.0,N,N,,,,,N,,,0,,,N,,,,,,198450,1,1,N,N,N,0,N,N,N,0,0,0,100,N,90,520,0,20160929,250,0,12.0,,0,,N,N,N,0,0,0,0,0.0,,496,,N,N,N
253160,KR7253160006,PLUS 200선물인버스2X,EF,,0,0,0,N,N,,0,N,N,N,2.0,N,N,,,,,N,,,0,,,N,,,,,,148,1,1,N,N,N,0,N,N,N,0,0,0,100,N,90,1064094,0,20160922,9650,0,12.0,,0,,N,N,N,0,0,0,0,0.0,,14,,N,N,N
253230,KR7253230007,KIWOOM 200선물인버스2X,EF,,0,0,0,N,N,,0,N,N,N,2.0,N,N,,,,,N,,,0,,,N,,,,,,74,1,1,N,N,N,0,N,N,N,0,0,0,100,N,90,1925812,0,20160922,33100,0,12.0,,0,,N,N,N,0,0,0,0,0.0,,24,,N,N,N
253240,KR7253240006,KIWOOM 200선물인버스,EF,,0,0,0,N,N,,0,N,N,N,2.0,N,N,,,,,N,,,0,,,N,,,,,,1310,1,1,N,N,N,0,N,N,N,0,0,0,100,N,90,37370,0,20160912,1120,0,12.0,,0,,N,N,N,0,0,0,0,0.0,,14,,N,N,N
253250,KR7253250005,KIWOOM 200선물레버리지,EF,,0,0,0,N,N,,0,N,N,N,2.0,N,N,,,,,N,,,0,,,N,,,,,,97815,1,1,N,N,N,0,N,N,N,0,0,0,100,N,90,1342,0,20160912,290,0,12.0,,0,,N,N,N,0,0,0,0,0.0,,283,,N,N,N
253280,KR7253280002,RISE 헬스케어,EF,,0,0,0,N,N,,0,N,N,N,2.0,N,N,,,,,N,,,0,,,Y,,,,,,12550,1,1,N,N,N,0,N,N,N,0,0,0,100,N,90,702,0,20160923,600,0,12.0,,0,,N,N,N,0,0,0,0,0.0,,75,,N,N,N
253290,KR7253290001,RISE 헬스케어채권혼합,EF,,0,0,0,N,N,,0,N,N,N,2.0,N,N,,,,,N,,,0,,,Y,,,,,,11580,1,1,N,N,N,0,N,N,N,0,0,0,100,N,90,8315,0,20160923,1800,0,12.0,,0,,N,N,N,0,0,0,0,0.0,,208,,N,N,N
256440,KR7256440009,ACE MSCI인도네시아(합성),EF,,0,0,0,N,N,,0,N,N,N,2.0,N,N,,,,,N,,,0,,,Y,,,,,,4665,1,1,N,N,N,0,N,N,N,0,0,0,100,N,90,16179,0,20161101,6100,0,12.0,,0,,N,N,N,0,0,0,0,0.0,,284,,N,N,N
256450,KR7256450008,PLUS 심천차이넥스트(합성),EF,,0,0,0,N,N,,0,N,N,N,2.0,N,N,,,,,N,,,0,,,Y,,,,,,13305,1,1,N,N,N,0,N,N,N,0,0,0,100,N,90,15,0,20161108,500,0,12.0,,0,,N,N,N,0,0,0,0,0.0,,66,,N,N,N
256750,KR7256750001,KODEX 차이나심천ChiNext(합성),EF,,0,0,0,N,N,,0,N,N,N,2.0,N,N,,,,,N,,,0,,,Y,,,,,,13600,1,1,N,N,N,0,N,N,N,0,0,0,100,N,90,1232,0,20161108,3059,0,12.0,,0,,N,N,N,0,0,0,0,0.0,,416,,N,N,N
259960,KR7259960003,크래프톤,ST,1.0,29,0,0,,N,,B,Y,Y,Y,,N,Y,,,,,N,,,0,,,N,,,,,,200500,1,1,N,N,N,0,N,N,N,0,0,0,40,Y,90,76850,100,20210810,45916,4946564100,12.0,,0,,N,Y,Y,26616,9725,8133,4842,11.89,20260630.0,92061,LC2,N,N,Y
261060,KR7261060008,TIGER 코스닥150IT,EF,,0,0,0,N,N,,0,N,N,N,2.0,N,N,,,,,N,,,0,,,Y,,,,,,28980,1,1,N,N,N,0,N,N,N,0,0,0,100,N,90,44109,0,20161215,1100,0,12.0,,0,,N,N,N,0,0,0,0,0.0,,318,,N,N,N
261070,KR7261070007,TIGER 코스닥150바이오테크,EF,,0,0,0,N,N,,0,N,N,N,2.0,N,N,,,,,N,,,0,,,Y,,,,,,11855,1,1,N,N,N,0,N,N,N,0,0,0,100,N,90,201486,0,20161215,4840,0,12.0,,0,,N,N,N,0,0,0,0,0.0,,573,,N,N,N
261110,KR7261110001,TIGER 미국달러선물레버리지,EF,,0,0,0,N,N,,0,N,N,N,2.0,N,N,,,,,N,,,0,,,N,,,,,,15085,1,1,N,N,N,0,N,N,N,0,0,0,100,N,90,1300,0,20161227,600,0,12.0,,0,,N,N,N,0,0,0,0,0.0,,90,,N,N,N
261120,KR7261120000,TIGER 미국달러선물인버스2X,EF,,0,0,0,N,N,,0,N,N,N,2.0,N,N,,,,,N,,,0,,,N,,,,,,5620,1,1,N,N,N,0,N,N,N,0,0,0,100,N,90,4872,0,20161227,4000,0,12.0,,0,,N,N,N,0,0,0,0,0.0,,224,,N,N,N
261140,KR7261140008,TIGER 우선주,EF,,0,0,0,N,N,,0,N,N,N,2.0,N,N,,,,,N,,,0,,,Y,,,,,,24285,1,1,N,N,N,0,N,N,N,0,0,0,100,N,90,7856,0,20170106,1280,0,12.0,,0,,N,N,N,0,0,0,0,0.0,,310,,N,N,N
261220,KR7261220008,KODEX WTI원유선물(H),EF,,0,0,0,N,N,,0,N,N,N,2.0,N,N,,,,,N,,,0,,,N,,,,,,26340,1,1,N,N,N,0,N,N,N,0,0,0,100,N,90,37134,0,20161227,1725,0,12.0,,0,,N,N,N,0,0,0,0,0.0,,454,,N,N,N
261240,KR7261240006,KODEX 미국달러선물,EF,,0,0,0,N,N,,0,N,N,N,2.0,N,N,,,,,N,,,0,,,N,,,,,,13880,1,1,N,N,N,0,N,N,N,0,0,0,100,N,90,44862,0,20161227,4510,0,12.0,,0,,N,N,N,0,0,0,0,0.0,,625,,N,N,N
261250,KR7261250005,KODEX 미국달러선물레버리지,EF,,0,0,0,N,N,,0,N,N,N,2.0,N,N,,,,,N,,,0,,,N,,,,,,15015,1,1,N,N,N,0,N,N,N,0,0,0,100,N,90,72476,0,20161227,2120,0,12.0,,0,,N,N,N,0,0,0,0,0.0,,318,,N,N,N
261260,KR7261260004,KODEX 미국달러선물인버스2X,EF,,0,0,0,N,N,,0,N,N,N,2.0,N,N,,,,,N,,,0,,,N,,,,,,5655,1,1,N,N,N,0,N,N,N,0,0,0,100,N,90,74000,0,20161227,34270,0,12.0,,0,,N,N,N,0,0,0,0,0.0,,1937,,N,N,N
261270,KR7261270003,KODEX 미국달러선물인버스,EF,,0,0,0,N,N,,0,N,N,N,2.0,N,N,,,,,N,,,0,,,N,,,,,,8350,1,1,N,N,N,0,N,N,N,0,0,0,100,N,90,29874,0,20161227,10400,0,12.0,,0,,N,N,N,0,0,0,0,0.0,,868,,N,N,N
261920,KR7261920003,ACE MSCI필리핀(합성),EF,,0,0,0,N,N,,0,N,N,N,2.0,N,N,,,,,N,,,0,,,Y,,,,,,11115,1,1,N,N,N,0,N,N,N,0,0,0,100,N,90,49,0,20161228,100,0,12.0,,0,,N,N,N,0,0,0,0,0.0,,11,,N,N,N
264900,KR7264900002,크라운제과,ST,3.0,27,5,0,,N,,0,N,N,N,,N,N,,,,,N,,,0,,,N,,,,,,7630,1,1,N,N,N,0,N,N,N,0,0,0,100,N,90,1822,200,20170411,12523,2504770000,12.0,,0,,N,N,Y,0,0,0,0,0.0,20250930.0,955,,N,N,N
26490K,KR726490K013,크라운제과우,ST,0.0,27,5,0,,N,,0,N,N,N,,N,N,,,,,N,,,0,,,N,,,,,,7550,1,1,N,N,N,0,N,N,N,0,0,0,100,N,90,101,200,20170411,773,154712000,12.0,,2,,N,N,N,0,0,0,0,0.0,,58,,N,N,N
265690,KR7265690008,ACE 러시아MSCI(합성),EF,,0,0,0,N,N,,0,N,N,N,2.0,N,N,,,,,N,,,0,,,Y,,,,,,8535,1,1,Y,N,N,0,N,N,N,0,0,0,100,N,90,0,0,20170321,1850,0,12.0,,0,,N,N,N,0,0,0,0,0.0,,157,,N,N,N
266160,KR7266160001,RISE 고배당,EF,,0,0,0,N,N,,0,N,N,N,2.0,N,N,,,,,N,,,0,,,Y,,,,,,32695,1,1,N,N,N,0,N,N,N,0,0,0,100,N,90,33581,0,20170414,6350,0,12.0,,0,,N,N,N,0,0,0,0,0.0,,2076,,N,N,N
266360,KR7266360007,KODEX K콘텐츠,EF,,0,0,0,N,N,,0,N,N,N,2.0,N,N,,,,,N,,,0,,,Y,,,,,,9270,1,1,N,N,N,0,N,N,N,0,0,0,100,N,90,17173,0,20170328,3700,0,12.0,,0,,N,N,N,0,0,0,0,0.0,,342,,N,N,N
266370,KR7266370006,KODEX IT,EF,,0,0,0,N,N,,0,N,N,N,2.0,N,N,,,,,N,,,0,,,Y,,,,,,73520,1,1,N,N,N,0,N,N,N,0,0,0,100,N,90,13383,0,20170328,1550,0,12.0,,0,,N,N,N,0,0,0,0,0.0,,1139,,N,N,N
266390,KR7266390004,KODEX 경기소비재,EF,,0,0,0,N,N,,0,N,N,N,2.0,N,N,,,,,N,,,0,,,Y,,,,,,14720,1,1,N,N,N,0,N,N,N,0,0,0,100,N,90,416,0,20170328,600,0,12.0,,0,,N,N,N,0,0,0,0,0.0,,88,,N,N,N
266410,KR7266410000,KODEX 필수소비재,EF,,0,0,0,N,N,,0,N,N,N,2.0,N,N,,,,,N,,,0,,,Y,,,,,,9650,1,1,N,N,N,0,N,N,N,0,0,0,100,N,90,17046,0,20170328,1200,0,12.0,,0,,N,N,N,0,0,0,0,0.0,,115,,N,N,N
266420,KR7266420009,KODEX 헬스케어,EF,,0,0,0,N,N,,0,N,N,N,2.0,N,N,,,,,N,,,0,,,Y,,,,,,16450,1,1,N,N,N,0,N,N,N,0,0,0,100,N,90,24402,0,20170328,4300,0,12.0,,0,,N,N,N,0,0,0,0,0.0,,707,,N,N,N
266550,KR7266550003,PLUS 중형주저변동50,EF,,0,0,0,N,N,,0,N,N,N,2.0,N,N,,,,,N,,,0,,,Y,,,,,,18015,1,1,N,N,N,0,N,N,N,0,0,0,100,N,90,2,0,20170328,250,0,12.0,,0,,N,N,N,0,0,0,0,0.0,,45,,N,N,N
267250,KR7267250009,HD현대,ST,1.0,21,0,0,,N,,4,Y,N,Y,,N,Y,,,,,N,,,0,,,N,,,,,,189500,1,1,N,N,N,0,N,N,N,0,0,0,40,Y,90,212050,1000,20170510,78993,81433085000,12.0,,0,,N,Y,Y,420113,69594,72618,51962,25.2,20260630.0,149691,IC5,N,N,Y
267260,KR7267260008,HD현대일렉트릭,ST,1.0,27,13,0,,N,,2,Y,Y,Y,,Y,Y,,,,,N,,,0,,,N,,,,,,628000,1,1,N,N,N,0,N,N,N,0,0,0,40,Y,90,234251,5000,20170510,36047,180235675000,12.0,,0,,N,Y,Y,21783,5453,5630,4138,43.7,20260630.0,226376,IC5,N,N,Y
267270,KR7267270007,HD건설기계,ST,1.0,27,12,0,,N,,2,N,N,Y,,N,Y,,,,,N,,,0,,,N,,,,,,115300,1,1,N,N,N,0,N,N,N,0,0,0,40,Y,90,473625,5000,20170510,47497,246797915000,12.0,,0,,N,Y,Y,47390,4396,4693,3546,12.72,20260630.0,54764,IC5,N,N,Y
267290,KR7267290005,경동도시가스,ST,3.0,17,0,0,,N,,0,N,N,N,,N,N,,,,,N,,,0,,,N,,,,,,20900,1,1,N,N,N,0,N,N,N,0,0,0,60,Y,90,4257,2500,20170512,5895,14738515000,12.0,,0,,N,N,Y,9892,267,318,245,7.74,20260630.0,1232,,N,N,N
267440,KR7267440006,RISE 미국장기국채선물(H),EF,,0,0,0,N,N,,0,N,N,N,2.0,N,N,,,,,N,,,0,,,N,,,,,,7585,1,1,N,N,N,0,N,N,N,0,0,0,100,N,90,298,0,20170420,600,0,12.0,,0,,N,N,N,0,0,0,0,0.0,,45,,N,N,N
267450,KR7267450005,RISE 미국장기국채선물인버스(H),EF,,0,0,0,N,N,,0,N,N,N,2.0,N,N,,,,,N,,,0,,,N,,,,,,11865,1,1,N,N,N,0,N,N,N,0,0,0,100,N,90,0,0,20170420,500,0,12.0,,0,,N,N,N,0,0,0,0,0.0,,59,,N,N,N
267490,KR7267490001,RISE 미국장기국채선물레버리지(합성 H),EF,,0,0,0,N,N,,0,N,N,N,2.0,N,N,,,,,N,,,0,,,N,,,,,,4410,1,1,N,N,N,0,N,N,N,0,0,0,100,N,90,80,0,20170420,700,0,12.0,,0,,N,N,N,0,0,0,0,0.0,,30,,N,N,N
267770,KR7267770006,TIGER 200선물레버리지,EF,,0,0,0,N,N,,0,N,N,N,2.0,N,N,,,,,N,,,0,,,N,,,,,,82160,1,1,N,N,N,0,N,N,N,0,0,0,100,N,90,54126,0,20170425,2300,0,12.0,,0,,N,N,N,0,0,0,0,0.0,,1889,,N,N,N
267850,KR7267850006,아시아나IDT,ST,3.0,29,0,0,,N,,0,N,N,N,,N,N,,,,,N,,,0,,,N,,,,,,9330,1,1,N,N,N,0,N,N,N,0,0,0,60,Y,90,6887,500,20181123,11100,5550000000,12.0,,0,,N,N,Y,1940,92,134,118,7.06,20241231.0,1035,926,N,N,N
268280,KR7268280005,미원에스씨,ST,2.0,27,8,0,,N,,4,N,N,N,,N,N,,,,,N,,,0,,,N,,,,,,126300,1,1,N,N,N,0,N,N,N,0,0,0,40,Y,90,981,500,20170522,5000,2633945500,12.0,,0,,N,N,Y,3041,564,693,545,19.13,20260630.0,6315,,N,N,N
269370,KR7269370003,TIGER S&P글로벌인프라(합성),EF,,0,0,0,N,N,,0,N,N,N,2.0,N,N,,,,,N,,,0,,,Y,,,,,,16000,1,1,N,N,N,0,N,N,N,0,0,0,100,N,90,103,0,20170516,700,0,12.0,,0,,N,N,N,0,0,0,0,0.0,,112,,N,N,N
269420,KR7269420006,KODEX S&P글로벌인프라(합성),EF,,0,0,0,N,N,,0,N,N,N,2.0,N,N,,,,,N,,,0,,,Y,,,,,,20690,1,1,N,N,N,0,N,N,N,0,0,0,100,N,90,2820,0,20170516,1032,0,12.0,,0,,N,N,N,0,0,0,0,0.0,,213,,N,N,N
269530,KR7269530002,PLUS S&P글로벌인프라,EF,,0,0,0,N,N,,0,N,N,N,2.0,N,N,,,,,N,,,0,,,Y,,,,,,18560,1,1,N,N,N,0,N,N,N,0,0,0,100,N,90,260,0,20170516,600,0,12.0,,0,,N,N,N,0,0,0,0,0.0,,111,,N,N,N
269540,KR7269540001,PLUS 미국S&P500(H),EF,,0,0,0,N,N,,0,N,N,N,2.0,N,N,,,,,N,,,0,,,Y,,,,,,30530,1,1,N,N,N,0,N,N,N,0,0,0,100,N,90,7584,0,20170516,3000,0,12.0,,0,,N,N,N,0,0,0,0,0.0,,915,,N,N,N
270800,KR7270800006,RISE KQ고배당,EF,,0,0,0,N,N,,0,N,N,N,2.0,N,N,,,,,N,,,0,,,Y,,,,,,16485,1,1,N,N,N,0,N,N,N,0,0,0,100,N,90,5241,0,20170707,550,0,12.0,,0,,N,N,N,0,0,0,0,0.0,,90,,N,N,N
270810,KR7270810005,RISE 코스닥150,EF,,0,0,0,N,N,,0,N,N,N,2.0,N,N,,,,,N,,,0,,,Y,,,,,,15275,1,1,N,N,N,0,N,N,N,0,0,0,100,N,90,166552,0,20170616,23160,0,12.0,,0,,N,N,N,0,0,0,0,0.0,,3537,,N,N,N
271050,KR7271050007,KODEX WTI원유선물인버스(H),EF,,0,0,0,N,N,,0,N,N,N,2.0,N,N,,,,,N,,,0,,,N,,,,,,1772,1,1,N,N,N,0,N,N,N,0,0,0,100,N,90,1995205,0,20170613,120750,0,12.0,,0,,N,N,N,0,0,0,0,0.0,,2139,,N,N,N
271060,KR7271060006,KODEX 3대농산물선물(H),EF,,0,0,0,N,N,,0,N,N,N,2.0,N,N,,,,,N,,,0,,,N,,,,,,8820,1,1,N,N,N,0,N,N,N,0,0,0,100,N,90,14960,0,20170613,3000,0,12.0,,0,,N,N,N,0,0,0,0,0.0,,264,,N,N,N
271560,KR7271560005,오리온,ST,2.0,27,5,0,,N,,7,Y,N,Y,,N,N,,,,,N,,,0,,,N,,,,,,106100,1,1,N,N,N,0,N,N,N,0,0,0,40,Y,90,73373,500,20170707,39528,19768066000,12.0,,0,,N,Y,Y,18239,2980,3056,2134,11.09,20260630.0,41940,LE9,N,N,Y
271940,KR7271940009,일진하이솔루스,ST,3.0,27,15,0,,N,,0,N,N,N,,N,N,,,,,N,,,0,,,N,,,,,,11690,1,1,N,N,N,0,N,N,N,0,0,0,100,N,90,22727,500,20210901,36313,18156595000,12.0,,0,,N,N,Y,530,-27,12,9,0.0,20260630.0,4245,,N,N,N
271980,KR7271980005,제일약품,ST,3.0,27,9,0,,N,,0,N,N,N,,N,N,,,,,N,,,0,,,N,,,,,,10330,1,1,N,N,N,0,N,N,N,0,0,0,100,N,90,86064,500,20170717,14704,7352436000,12.0,,0,,N,N,Y,2769,-66,-78,-34,4.66,20260630.0,1519,,N,N,N
272210,KR7272210006,한화시스템,ST,1.0,27,13,0,,N,,9,Y,N,Y,,Y,Y,,,,,N,,,0,,,N,,,,,,77600,1,1,N,N,N,0,N,N,N,0,0,0,50,Y,90,694543,5000,20191113,188919,944596945000,12.0,,0,,N,Y,Y,19247,1379,-613,-430,4.28,20260630.0,146601,913,N,N,Y
272450,KR7272450008,진에어,ST,3.0,19,0,0,,N,,0,N,N,N,,N,N,,,,,N,,,0,,,N,,,,,,5830,1,1,N,N,N,0,N,N,N,0,0,0,100,N,90,37926,1000,20171208,52200,52200000000,12.0,,0,,N,N,Y,14613,1631,1227,957,51.15,20241231.0,3043,926,N,N,N
272550,KR7272550005,삼양패키징,ST,3.0,27,8,0,,N,,0,N,N,N,,N,N,,,,,N,,,0,,,N,,,,,,9850,1,1,N,N,N,0,N,N,N,0,0,0,60,Y,90,8462,5000,20171129,15068,78943355000,12.0,,0,,N,N,Y,2248,175,145,122,5.32,20260630.0,1484,512,N,N,N
272560,KR7272560004,RISE 단기국공채액티브,EF,,0,0,0,N,N,,0,N,N,N,2.0,N,N,,,,,N,,,0,,,Y,,,,,,115145,1,1,N,N,N,0,N,N,N,0,0,0,100,N,90,3695,0,20170629,1456,0,12.0,,0,,N,N,N,0,0,0,0,0.0,,1676,,N,N,N
272570,KR7272570003,RISE 중장기국공채액티브,EF,,0,0,0,N,N,,0,N,N,N,2.0,N,N,,,,,N,,,0,,,Y,,,,,,108155,1,1,N,N,N,0,N,N,N,0,0,0,100,N,90,19,0,20170629,68,0,12.0,,0,,N,N,N,0,0,0,0,0.0,,73,,N,N,N
272580,KR7272580002,TIGER 단기채권액티브,EF,,0,0,0,N,N,,0,N,N,N,2.0,N,N,,,,,N,,,0,,,Y,,,,,,57265,1,1,N,N,N,0,N,N,N,0,0,0,50,Y,90,19042,0,20170629,13850,0,12.0,,0,,N,N,N,0,0,0,0,0.0,,7931,,N,N,N
272910,KR7272910001,ACE 중장기국공채액티브,EF,,0,0,0,N,N,,0,N,N,N,2.0,N,N,,,,,N,,,0,,,Y,,,,,,106390,1,1,N,N,N,0,N,N,N,0,0,0,100,N,90,52,0,20170629,687,0,12.0,,0,,N,N,N,0,0,0,0,0.0,,730,,N,N,N
273130,KR7273130005,KODEX 종합채권(AA-이상)액티브,EF,,0,0,0,N,N,,0,N,N,N,2.0,N,N,,,,,N,,,0,,,Y,,,,,,110445,1,1,N,N,N,0,N,N,N,0,0,0,50,Y,90,11186,0,20170629,32271,0,12.0,,0,,N,N,N,0,0,0,0,0.0,,35641,,N,N,N
273140,KR7273140004,KODEX 단기변동금리부채권액티브,EF,,0,0,0,N,N,,0,N,N,N,2.0,N,N,,,,,N,,,0,,,Y,,,,,,114750,1,1,N,N,N,0,N,N,N,0,0,0,100,N,90,2986,0,20170629,2441,0,12.0,,0,,N,N,N,0,0,0,0,0.0,,2801,,N,N,N
275280,KR7275280006,KODEX 모멘텀주,EF,,0,0,0,N,N,,0,N,N,N,2.0,N,N,,,,,N,,,0,,,Y,,,,,,43355,1,1,N,N,N,0,N,N,N,0,0,0,100,N,90,475,0,20170711,900,0,12.0,,0,,N,N,N,0,0,0,0,0.0,,390,,N,N,N
275290,KR7275290005,KODEX 가치주,EF,,0,0,0,N,N,,0,N,N,N,2.0,N,N,,,,,N,,,0,,,Y,,,,,,34530,1,1,N,N,N,0,N,N,N,0,0,0,100,N,90,6583,0,20170711,900,0,12.0,,0,,N,N,N,0,0,0,0,0.0,,310,,N,N,N
275300,KR7275300002,KODEX 우량주,EF,,0,0,0,N,N,,0,N,N,N,2.0,N,N,,,,,N,,,0,,,Y,,,,,,30300,1,1,N,N,N,0,N,N,N,0,0,0,100,N,90,2749,0,20170711,1700,0,12.0,,0,,N,N,N,0,0,0,0,0.0,,515,,N,N,N
275750,KR7275750008,RISE 코스닥150선물인버스,EF,,0,0,0,N,N,,0,N,N,N,2.0,N,N,,,,,N,,,0,,,N,,,,,,2220,1,1,N,N,N,0,N,N,N,0,0,0,100,N,90,16803,0,20170801,950,0,12.0,,0,,N,N,N,0,0,0,0,0.0,,21,,N,N,N
275980,KR7275980001,TIGER 글로벌4차산업혁신기술(합성 H),EF,,0,0,0,N,N,,0,N,N,N,2.0,N,N,,,,,N,,,0,,,Y,,,,,,24005,1,1,N,N,N,0,N,N,N,0,0,0,100,N,90,5892,0,20170801,2500,0,12.0,,0,,N,N,N,0,0,0,0,0.0,,600,,N,N,N
276000,KR7276000007,TIGER 글로벌자원생산기업(합성 H),EF,,0,0,0,N,N,,0,N,N,N,2.0,N,N,,,,,N,,,0,,,Y,,,,,,20500,1,1,N,N,N,0,N,N,N,0,0,0,100,N,90,507,0,20170801,900,0,12.0,,0,,N,N,N,0,0,0,0,0.0,,184,,N,N,N
276650,KR7276650009,RISE 글로벌테크놀로지(합성 H),EF,,0,0,0,N,N,,0,N,N,N,2.0,N,N,,,,,N,,,0,,,Y,,,,,,49715,1,1,N,N,N,0,N,N,N,0,0,0,100,N,90,424,0,20170817,750,0,12.0,,0,,N,N,N,0,0,0,0,0.0,,372,,N,N,N
276970,KR7276970001,KODEX 미국S&P500배당귀족커버드콜(합성 H),EF,,0,0,0,N,N,,0,N,N,N,2.0,N,N,,,,,N,,,0,,,Y,,,,,,7510,1,1,N,N,N,0,N,N,N,0,0,0,100,N,90,7716,0,20170810,4700,0,12.0,,0,,N,N,N,0,0,0,0,0.0,,352,,N,N,N
276990,KR7276990009,KODEX 글로벌로봇(합성),EF,,0,0,0,N,N,,0,N,N,N,2.0,N,N,,,,,N,,,0,,,Y,,,,,,25595,1,1,N,N,N,0,N,N,N,0,0,0,100,N,90,1810,0,20170817,1770,0,12.0,,0,,N,N,N,0,0,0,0,0.0,,453,,N,N,N
277540,KR7277540001,ACE 아시아TOP50,EF,,0,0,0,N,N,,0,N,N,N,2.0,N,N,,,,,N,,,0,,,Y,,,,,,32230,1,1,N,N,N,0,N,N,N,0,0,0,100,N,90,1844,0,20170823,800,0,12.0,,0,,N,N,N,0,0,0,0,0.0,,257,,N,N,N
277630,KR7277630000,TIGER 코스피,EF,,0,0,0,N,N,,0,N,N,N,2.0,N,N,,,,,N,,,0,,,Y,,,,,,71380,1,1,N,N,N,0,N,N,N,0,0,0,40,Y,90,135616,0,20170831,7800,0,12.0,,0,,N,N,N,0,0,0,0,0.0,,5567,,N,N,N
277640,KR7277640009,TIGER 코스피대형주,EF,,0,0,0,N,N,,0,N,N,N,2.0,N,N,,,,,N,,,0,,,Y,,,,,,37460,1,1,N,N,N,0,N,N,N,0,0,0,100,N,90,5324,0,20170831,1700,0,12.0,,0,,N,N,N,0,0,0,0,0.0,,636,,N,N,N
277650,KR7277650008,TIGER 코스피중형주,EF,,0,0,0,N,N,,0,N,N,N,2.0,N,N,,,,,N,,,0,,,Y,,,,,,21285,1,1,N,N,N,0,N,N,N,0,0,0,100,N,90,137,0,20170831,200,0,12.0,,0,,N,N,N,0,0,0,0,0.0,,42,,N,N,N
278240,KR7278240007,RISE 코스닥150선물레버리지,EF,,0,0,0,N,N,,0,N,N,N,2.0,N,N,,,,,N,,,0,,,N,,,,,,9255,1,1,N,N,N,0,N,N,N,0,0,0,100,N,90,106806,0,20170831,7190,0,12.0,,0,,N,N,N,0,0,0,0,0.0,,665,,N,N,N
278470,KR7278470000,에이피알,ST,1.0,27,8,0,,N,,7,Y,N,Y,,Y,Y,,,,,N,,,0,,,N,,,,,,379000,1,1,N,N,N,0,N,N,N,0,0,0,40,Y,90,375758,100,20240227,37438,3893589000,12.0,,0,,N,Y,Y,13609,3310,3478,2588,81.84,20260630.0,141890,,N,N,N
278530,KR7278530001,KODEX 200TR,EF,,0,0,0,N,N,,0,N,N,N,2.0,N,N,,,,,N,,,0,,,Y,,,,,,39330,1,1,N,N,N,0,N,N,N,0,0,0,40,Y,90,679511,0,20171121,194100,0,12.0,,0,,N,N,N,0,0,0,0,0.0,,76339,,N,N,N
278540,KR7278540000,KODEX MSCI Korea TR,EF,,0,0,0,N,N,,0,N,N,N,2.0,N,N,,,,,N,,,0,,,Y,,,,,,38900,1,1,N,N,N,0,N,N,N,0,0,0,40,Y,90,22927,0,20171109,61500,0,12.0,,0,,N,N,N,0,0,0,0,0.0,,23923,,N,N,N
278620,KR7278620000,PLUS 단기채권액티브,EF,,0,0,0,N,N,,0,N,N,N,2.0,N,N,,,,,N,,,0,,,Y,,,,,,119395,1,1,N,N,N,0,N,N,N,0,0,0,100,N,90,71,0,20170926,560,0,12.0,,0,,N,N,N,0,0,0,0,0.0,,668,,N,N,N
279530,KR7279530000,KODEX 고배당주,EF,,0,0,0,N,N,,0,N,N,N,2.0,N,N,,,,,N,,,0,,,Y,,,,,,17310,1,1,N,N,N,0,N,N,N,0,0,0,100,N,90,195820,0,20171017,20000,0,12.0,,0,,N,N,N,0,0,0,0,0.0,,3462,,N,N,N
279540,KR7279540009,KODEX 최소변동성,EF,,0,0,0,N,N,,0,N,N,N,2.0,N,N,,,,,N,,,0,,,Y,,,,,,21715,1,1,N,N,N,0,N,N,N,0,0,0,100,N,90,161,0,20171017,600,0,12.0,,0,,N,N,N,0,0,0,0,0.0,,130,,N,N,N
279570,KR7279570006,케이뱅크,ST,2.0,21,0,0,,N,,0,N,N,N,,N,N,,,,,N,,,0,,,N,,,,,,5420,1,1,N,N,N,0,N,N,N,0,0,0,40,Y,90,237155,5000,20260305,405695,2028475755000,12.0,,0,,N,N,Y,0,0,0,0,0.0,,21988,905,N,N,Y
280320,KR7280320003,ACE 미국IT인터넷(합성 H),EF,,0,0,0,N,N,,0,N,N,N,2.0,N,N,,,,,N,,,0,,,Y,,,,,,22020,1,1,N,N,N,0,N,N,N,0,0,0,100,N,90,38,0,20171017,100,0,12.0,,0,,N,N,N,0,0,0,0,0.0,,22,,N,N,N
280360,KR7280360009,롯데웰푸드,ST,2.0,27,5,0,,N,,7,N,N,N,,N,N,,,,,N,,,0,,,N,,,,,,122700,1,1,N,N,N,0,N,N,N,0,0,0,40,Y,90,10328,500,20171030,9204,4602287000,12.0,,0,,N,N,Y,21831,1005,771,528,3.91,20260630.0,11294,283,N,N,N
280920,KR7280920000,PLUS 주도업종,EF,,0,0,0,N,N,,0,N,N,N,2.0,N,N,,,,,N,,,0,,,Y,,,,,,23000,1,1,N,N,N,0,N,N,N,0,0,0,100,N,90,36,0,20171017,450,0,12.0,,0,,N,N,N,0,0,0,0,0.0,,103,,N,N,N
280930,KR7280930009,KODEX 미국러셀2000(H),EF,,0,0,0,N,N,,0,N,N,N,2.0,N,N,,,,,N,,,0,,,N,,,,,,15935,1,1,N,N,N,0,N,N,N,0,0,0,100,N,90,13634,0,20171109,1350,0,12.0,,0,,N,N,N,0,0,0,0,0.0,,215,,N,N,N
280940,KR7280940008,KODEX 골드선물인버스(H),EF,,0,0,0,N,N,,0,N,N,N,2.0,N,N,,,,,N,,,0,,,N,,,,,,3645,1,1,N,N,N,0,N,N,N,0,0,0,100,N,90,4522,0,20171109,800,0,12.0,,0,,N,N,N,0,0,0,0,0.0,,29,,N,N,N
281820,KR7281820001,케이씨텍,ST,2.0,27,14,0,,N,,0,N,N,N,,N,N,,,,,N,,,0,,,N,,,,,,123000,1,1,N,N,N,0,N,N,N,0,0,0,40,Y,90,1122531,500,20171205,19798,10430778000,12.0,,0,,N,N,Y,2688,583,679,527,16.32,20260630.0,24352,,N,N,N
281990,KR7281990002,RISE 중소형고배당,EF,,0,0,0,N,N,,0,N,N,N,2.0,N,N,,,,,N,,,0,,,Y,,,,,,17985,1,1,N,N,N,0,N,N,N,0,0,0,100,N,90,54,0,20171102,500,0,12.0,,0,,N,N,N,0,0,0,0,0.0,,89,,N,N,N
282000,KR7282000009,RISE 국고채3년선물인버스,EF,,0,0,0,N,N,,0,N,N,N,2.0,N,N,,,,,N,,,0,,,N,,,,,,115135,1,1,N,N,N,0,N,N,N,0,0,0,100,N,90,6,0,20171109,189,0,12.0,,0,,N,N,N,0,0,0,0,0.0,,217,,N,N,N
282330,KR7282330000,BGF리테일,ST,2.0,16,0,0,,N,,7,N,N,Y,,N,N,,,,,N,,,0,,,N,,,,,,130000,1,1,N,N,N,0,N,N,N,0,0,0,50,Y,90,45161,1000,20171208,17283,17283906000,12.0,,0,,N,Y,Y,45472,1230,1131,861,17.2,20260630.0,22469,LD7,N,N,N
283580,KR7283580009,KODEX 차이나CSI300,EF,,0,0,0,N,N,,0,N,N,N,2.0,N,N,,,,,N,,,0,,,Y,,,,,,13975,1,1,N,N,N,0,N,N,N,0,0,0,100,N,90,61918,0,20171213,16500,0,12.0,,0,,N,N,N,0,0,0,0,0.0,,2305,,N,N,N
284430,KR7284430006,KODEX 200미국채혼합50,EF,,0,0,0,N,N,,0,N,N,N,2.0,N,N,,,,,N,,,0,,,Y,,,,,,20280,1,1,N,N,N,0,N,N,N,0,0,0,40,Y,90,343959,0,20171130,96320,0,12.0,,0,,N,N,N,0,0,0,0,0.0,,19533,,N,N,N
284740,KR7284740008,쿠쿠홈시스,ST,3.0,26,0,0,,N,,0,N,N,N,,N,N,,,,,N,,,0,,,N,,,,,,24900,1,1,N,N,N,0,N,N,N,0,0,0,40,Y,90,35999,100,20180111,22437,2243733000,12.0,,0,,N,N,Y,5913,953,1076,808,13.34,20260630.0,5586,,N,N,N
284980,KR7284980000,RISE 200금융,EF,,0,0,0,N,N,,0,N,N,N,2.0,N,N,,,,,N,,,0,,,Y,,,,,,21795,1,1,N,N,N,0,N,N,N,0,0,0,100,N,90,1308,0,20171208,860,0,12.0,,0,,N,N,N,0,0,0,0,0.0,,187,,N,N,N
285130,KR7285130001,SK케미칼,ST,2.0,27,8,0,,N,,4,N,N,Y,,N,N,,,,,N,,,0,,,N,,,,,,51400,1,1,N,N,N,0,N,N,N,0,0,0,50,Y,90,18247,5000,20180105,17298,88441275000,12.0,,0,,N,Y,Y,14010,135,-107,-193,0.31,20260630.0,8891,535,N,N,Y
28513K,KR728513K010,SK케미칼우,ST,0.0,27,8,0,,N,,0,N,N,N,,N,N,,,,,N,,,0,,,N,,,,,,25500,1,1,N,N,N,0,N,N,N,0,0,0,100,N,90,290,5000,20180105,2115,10577145000,12.0,,9,,N,N,N,0,0,0,0,0.0,,539,,N,N,N
285690,KR7285690004,FOCUS ESG리더스,EF,,0,0,0,N,N,,0,N,N,N,2.0,N,N,,,,,N,,,0,,,Y,,,,,,21410,1,1,N,N,N,0,N,N,N,0,0,0,100,N,90,2,0,20171213,350,0,12.0,,0,,N,N,N,0,0,0,0,0.0,,74,,N,N,N
286940,KR7286940002,롯데이노베이트,ST,3.0,29,0,0,,N,,0,N,N,N,,N,N,,,,,N,,,0,,,N,,,,,,17630,1,1,N,N,N,0,N,N,N,0,0,0,40,Y,90,13748,5000,20180727,15129,75646835000,12.0,,0,,N,N,Y,5557,221,205,128,4.09,20260630.0,2667,283,N,N,N
287180,KR7287180004,PLUS 미국나스닥테크,EF,,0,0,0,N,N,,0,N,N,N,2.0,N,N,,,,,N,,,0,,,Y,,,,,,57595,1,1,N,N,N,0,N,N,N,0,0,0,100,N,90,1267,0,20171213,950,0,12.0,,0,,N,N,N,0,0,0,0,0.0,,547,,N,N,N
289040,KR7289040008,KODEX MSCI KOREA ESG유니버설,EF,,0,0,0,N,N,,0,N,N,N,2.0,N,N,,,,,N,,,0,,,Y,,,,,,33635,1,1,N,N,N,0,N,N,N,0,0,0,100,N,90,128,0,20180207,600,0,12.0,,0,,N,N,N,0,0,0,0,0.0,,201,,N,N,N
289250,KR7289250003,TIGER MSCI KOREA ESG유니버설,EF,,0,0,0,N,N,,0,N,N,N,2.0,N,N,,,,,N,,,0,,,Y,,,,,,34720,1,1,N,N,N,0,N,N,N,0,0,0,100,N,90,15,0,20180207,570,0,12.0,,0,,N,N,N,0,0,0,0,0.0,,197,,N,N,N
289260,KR7289260002,TIGER MSCI KOREA ESG리더스,EF,,0,0,0,N,N,,0,N,N,N,2.0,N,N,,,,,N,,,0,,,Y,,,,,,28885,1,1,N,N,N,0,N,N,N,0,0,0,100,N,90,7,0,20180207,600,0,12.0,,0,,N,N,N,0,0,0,0,0.0,,173,,N,N,N
289480,KR7289480006,TIGER 200커버드콜,EF,,0,0,0,N,N,,0,N,N,N,2.0,N,N,,,,,N,,,0,,,Y,,,,,,13150,1,1,N,N,N,0,N,N,N,0,0,0,100,N,90,30112,0,20180209,2300,0,12.0,,0,,N,N,N,0,0,0,0,0.0,,302,,N,N,N
289670,KR7289670002,PLUS 국채선물10년,EF,,0,0,0,N,N,,0,N,N,N,2.0,N,N,,,,,N,,,0,,,N,,,,,,52220,1,1,N,N,N,0,N,N,N,0,0,0,100,N,90,286,0,20180207,120,0,12.0,,0,,N,N,N,0,0,0,0,0.0,,62,,N,N,N
290080,KR7290080001,RISE 200고배당커버드콜ATM,EF,,0,0,0,N,N,,0,N,N,N,2.0,N,N,,,,,N,,,0,,,N,,,,,,7320,1,1,N,N,N,0,N,N,N,0,0,0,100,N,90,6563,0,20180227,1750,0,12.0,,0,,N,N,N,0,0,0,0,0.0,,128,,N,N,N
290130,KR7290130004,RISE ESG사회책임투자,EF,,0,0,0,N,N,,0,N,N,N,2.0,N,N,,,,,N,,,0,,,Y,,,,,,47620,1,1,N,N,N,0,N,N,N,0,0,0,100,N,90,55235,0,20180227,14100,0,12.0,,0,,N,N,N,0,0,0,0,0.0,,6714,,N,N,N
291130,KR7291130003,ACE MSCI멕시코(합성),EF,,0,0,0,N,N,,0,N,N,N,2.0,N,N,,,,,N,,,0,,,Y,,,,,,16650,1,1,N,N,N,0,N,N,N,0,0,0,100,N,90,202,0,20180309,600,0,12.0,,0,,N,N,N,0,0,0,0,0.0,,99,,N,N,N
291620,KR7291620003,KIWOOM 코스닥150선물인버스,EF,,0,0,0,N,N,,0,N,N,N,2.0,N,N,,,,,N,,,0,,,N,,,,,,3895,1,1,N,N,N,0,N,N,N,0,0,0,100,N,90,12985,0,20180316,420,0,12.0,,0,,N,N,N,0,0,0,0,0.0,,16,,N,N,N
291630,KR7291630002,KIWOOM 코스닥150선물레버리지,EF,,0,0,0,N,N,,0,N,N,N,2.0,N,N,,,,,N,,,0,,,N,,,,,,4145,1,1,N,N,N,0,N,N,N,0,0,0,100,N,90,159572,0,20180316,1450,0,12.0,,0,,N,N,N,0,0,0,0,0.0,,60,,N,N,N
291680,KR7291680007,RISE 차이나H선물인버스(H),EF,,0,0,0,N,N,,0,N,N,N,2.0,N,N,,,,,N,,,0,,,N,,,,,,8115,1,1,N,N,N,0,N,N,N,0,0,0,100,N,90,37,0,20180323,500,0,12.0,,0,,N,N,N,0,0,0,0,0.0,,40,,N,N,N
291890,KR7291890002,KODEX MSCI EM선물(H),EF,,0,0,0,N,N,,0,N,N,N,2.0,N,N,,,,,N,,,0,,,N,,,,,,12500,1,1,N,N,N,0,N,N,N,0,0,0,100,N,90,101,0,20180323,450,0,12.0,,0,,N,N,N,0,0,0,0,0.0,,56,,N,N,N
292050,KR7292050002,RISE KRX300,EF,,0,0,0,N,N,,0,N,N,N,2.0,N,N,,,,,N,,,0,,,Y,,,,,,49540,1,1,N,N,N,0,N,N,N,0,0,0,100,N,90,2739,0,20180326,350,0,12.0,,0,,N,N,N,0,0,0,0,0.0,,173,,N,N,N
292150,KR7292150000,TIGER 코리아TOP10,EF,,0,0,0,N,N,,0,N,N,N,2.0,N,N,,,,,N,,,0,,,Y,,,,,,37820,1,1,N,N,N,0,N,N,N,0,0,0,40,Y,90,303656,0,20180330,50650,0,12.0,,0,,N,N,N,0,0,0,0,0.0,,19155,,N,N,N
292160,KR7292160009,TIGER KRX300,EF,,0,0,0,N,N,,0,N,N,N,2.0,N,N,,,,,N,,,0,,,Y,,,,,,48500,1,1,N,N,N,0,N,N,N,0,0,0,100,N,90,13422,0,20180326,500,0,12.0,,0,,N,N,N,0,0,0,0,0.0,,242,,N,N,N
292190,KR7292190006,KODEX KRX300,EF,,0,0,0,N,N,,0,N,N,N,2.0,N,N,,,,,N,,,0,,,Y,,,,,,48150,1,1,N,N,N,0,N,N,N,0,0,0,100,N,90,1682,0,20180326,1500,0,12.0,,0,,N,N,N,0,0,0,0,0.0,,722,,N,N,N
292500,KR7292500006,SOL KRX300,EF,,0,0,0,N,N,,0,N,N,N,2.0,N,N,,,,,N,,,0,,,Y,,,,,,49555,1,1,N,N,N,0,N,N,N,0,0,0,100,N,90,2,0,20180326,500,0,12.0,,0,,N,N,N,0,0,0,0,0.0,,247,,N,N,N
292560,KR7292560000,TIGER 일본엔선물,EF,,0,0,0,N,N,,0,N,N,N,2.0,N,N,,,,,N,,,0,,,N,,,,,,7820,1,1,N,N,N,0,N,N,N,0,0,0,100,N,90,157155,0,20180417,6500,0,12.0,,0,,N,N,N,0,0,0,0,0.0,,508,,N,N,N
292770,KR7292770005,KODEX 국채선물3년인버스,EF,,0,0,0,N,N,,0,N,N,N,2.0,N,N,,,,,N,,,0,,,N,,,,,,57940,1,1,N,N,N,0,N,N,N,0,0,0,100,N,90,0,0,20180413,1248,0,12.0,,0,,N,N,N,0,0,0,0,0.0,,723,,N,N,N
293180,KR7293180006,HANARO 200,EF,,0,0,0,N,N,,0,N,N,N,2.0,N,N,,,,,N,,,0,,,Y,,,,,,108810,1,1,N,N,N,0,N,N,N,0,0,0,40,Y,90,40606,0,20180330,3900,0,12.0,,0,,N,N,N,0,0,0,0,0.0,,4243,,N,N,N
293480,KR7293480000,하나제약,ST,3.0,27,9,0,,N,,0,N,N,N,,N,N,,,,,N,,,0,,,N,,,,,,8480,1,1,N,N,N,0,N,N,N,0,0,0,100,N,90,10293,500,20181002,17772,8886473000,12.0,,0,,N,N,Y,2253,252,254,213,7.24,20241231.0,1507,,N,N,N
293940,KR7293940003,신한알파리츠,RT,2.0,28,0,0,,N,,0,N,N,N,,N,N,,,,,N,,,0,,,Y,,,,,,5530,1,1,N,N,N,0,N,N,N,0,0,0,100,N,90,56492,1000,20180808,120940,120940123000,,,0,,N,N,Y,449,253,27,27,2.82,20260630.0,6687,,N,N,N
294400,KR7294400007,KIWOOM 200TR,EF,,0,0,0,N,N,,0,N,N,N,2.0,N,N,,,,,N,,,0,,,Y,,,,,,142500,1,1,N,N,N,0,N,N,N,0,0,0,40,Y,90,103541,0,20180423,12300,0,12.0,,0,,N,N,N,0,0,0,0,0.0,,17527,,N,N,N
294870,KR7294870001,IPARK현대산업개발,ST,2.0,18,0,0,,N,,0,N,N,N,,N,N,,,,,N,,,0,,,N,,,,,,22150,1,1,N,N,N,0,N,N,N,0,0,0,40,Y,90,72499,5000,20180612,65907,329536650000,12.0,,0,,N,N,Y,15886,2029,1904,1330,5.71,20260630.0,14598,HDC,N,N,N
295000,KR7295000004,RISE 국채선물10년,EF,,0,0,0,N,N,,0,N,N,N,2.0,N,N,,,,,N,,,0,,,N,,,,,,51415,1,1,N,N,N,0,N,N,N,0,0,0,100,N,90,217,0,20180511,100,0,12.0,,0,,N,N,N,0,0,0,0,0.0,,51,,N,N,N
295020,KR7295020002,RISE 국채선물10년인버스,EF,,0,0,0,N,N,,0,N,N,N,2.0,N,N,,,,,N,,,0,,,N,,,,,,60835,1,1,N,N,N,0,N,N,N,0,0,0,100,N,90,7,0,20180511,1056,0,12.0,,0,,N,N,N,0,0,0,0,0.0,,642,,N,N,N
295040,KR7295040000,SOL 200TR,EF,,0,0,0,N,N,,0,N,N,N,2.0,N,N,,,,,N,,,0,,,Y,,,,,,40705,1,1,N,N,N,0,N,N,N,0,0,0,40,Y,90,52186,0,20180423,24750,0,12.0,,0,,N,N,N,0,0,0,0,0.0,,10074,,N,N,N
298000,KR7298000001,효성화학,ST,3.0,27,8,0,,N,,0,N,N,N,,N,N,,,,,N,,,0,,,N,,,,,,52000,1,1,N,N,N,0,N,N,N,0,0,0,100,N,90,7896,5000,20180713,3791,18959055000,12.0,,0,,N,N,Y,14583,1710,1268,1384,4.79,20260630.0,1971,971,N,N,N
298020,KR7298020009,효성티앤씨,ST,2.0,27,8,0,,N,,4,N,N,Y,,N,N,,,,,N,,,0,,,N,,,,,,283000,1,1,N,N,N,0,N,N,N,0,0,0,40,Y,90,13579,5000,20180713,4327,21638410000,12.0,,0,,N,Y,Y,45104,2750,2319,1748,7.19,20260630.0,12247,971,N,N,N
298040,KR7298040007,효성중공업,ST,1.0,27,13,0,,N,,2,Y,N,Y,,Y,Y,,,,,N,,,0,,,N,,,,,,2588000,1,1,N,N,N,0,N,N,N,0,0,0,40,Y,90,142285,5000,20180713,9324,46622740000,12.0,,0,,N,Y,Y,30452,4166,3660,2631,25.34,20260630.0,241319,971,N,N,Y
298050,KR7298050006,HS효성첨단소재,ST,2.0,27,8,0,,N,,4,N,N,Y,,N,N,,,,,N,,,0,,,N,,,,,,162700,1,1,N,N,N,0,N,N,N,0,0,0,50,Y,90,4974,5000,20180713,4479,22399740000,12.0,,0,,N,Y,Y,17817,1120,659,519,3.98,20260630.0,7288,971,N,N,N
298340,KR7298340001,PLUS 국채선물3년,EF,,0,0,0,N,N,,0,N,N,N,2.0,N,N,,,,,N,,,0,,,N,,,,,,56595,1,1,N,N,N,0,N,N,N,0,0,0,100,N,90,3054,0,20180608,1400,0,12.0,,0,,N,N,N,0,0,0,0,0.0,,792,,N,N,N
298690,KR7298690009,에어부산,ST,3.0,19,0,0,,N,,0,N,N,N,,N,N,,,,,N,,,0,,,N,,,,,,1500,1,1,N,N,N,0,N,N,N,0,0,0,100,N,90,23419,1000,20181227,162914,162914872000,12.0,,0,,N,N,Y,10068,1463,35,24,1.48,20241231.0,2443,926,N,N,N
298770,KR7298770009,KODEX 한국대만IT프리미어,EF,,0,0,0,N,N,,0,N,N,N,2.0,N,N,,,,,N,,,0,,,Y,,,,,,84830,1,1,N,N,N,0,N,N,N,0,0,0,100,N,90,2621,0,20180611,1070,0,12.0,,0,,N,N,N,0,0,0,0,0.0,,907,,N,N,N
300610,KR7300610003,TIGER K게임,EF,,0,0,0,N,N,,0,N,N,N,2.0,N,N,,,,,N,,,0,,,Y,,,,,,5500,1,1,N,N,N,0,N,N,N,0,0,0,100,N,90,32718,0,20180724,2350,0,12.0,,0,,N,N,N,0,0,0,0,0.0,,129,,N,N,N
300640,KR7300640000,RISE 게임테마,EF,,0,0,0,N,N,,0,N,N,N,2.0,N,N,,,,,N,,,0,,,Y,,,,,,6460,1,1,N,N,N,0,N,N,N,0,0,0,100,N,90,12467,0,20180724,3250,0,12.0,,0,,N,N,N,0,0,0,0,0.0,,209,,N,N,N
300720,KR7300720000,한일시멘트,ST,2.0,27,10,0,,N,,1,N,N,N,,N,N,,,,,N,,,0,,,N,,,,,,16180,1,1,N,N,N,0,N,N,N,0,0,0,40,Y,90,35728,500,20180806,73545,36772604500,12.0,,0,,N,N,Y,6640,786,727,578,5.74,20260630.0,11899,,N,N,N
300950,KR7300950003,KODEX 게임산업,EF,,0,0,0,N,N,,0,N,N,N,2.0,N,N,,,,,N,,,0,,,Y,,,,,,5450,1,1,N,N,N,0,N,N,N,0,0,0,100,N,90,55726,0,20180724,4200,0,12.0,,0,,N,N,N,0,0,0,0,0.0,,228,,N,N,N
301400,KR7301400008,PLUS 코스닥150,EF,,0,0,0,N,N,,0,N,N,N,2.0,N,N,,,,,N,,,0,,,Y,,,,,,15490,1,1,N,N,N,0,N,N,N,0,0,0,100,N,90,2491,0,20180705,650,0,12.0,,0,,N,N,N,0,0,0,0,0.0,,100,,N,N,N
302190,KR7302190004,TIGER 중장기국채,EF,,0,0,0,N,N,,0,N,N,N,2.0,N,N,,,,,N,,,0,,,Y,,,,,,50180,1,1,N,N,N,0,N,N,N,0,0,0,100,N,90,749,0,20180720,3860,0,12.0,,0,,N,N,N,0,0,0,0,0.0,,1936,,N,N,N
302440,KR7302440003,SK바이오사이언스,ST,2.0,27,9,0,,N,,A,Y,N,Y,,N,N,,,,,N,,,0,,,N,,,,,,38000,1,1,N,N,N,0,N,N,N,0,0,0,100,N,90,82432,500,20210318,78456,39228276500,12.0,,0,,N,Y,Y,3243,-603,-643,-503,-4.79,20260630.0,29813,535,N,N,N
302450,KR7302450002,RISE 코스피,EF,,0,0,0,N,N,,0,N,N,N,2.0,N,N,,,,,N,,,0,,,Y,,,,,,70905,1,1,N,N,N,0,N,N,N,0,0,0,100,N,90,118256,0,20180724,5450,0,12.0,,0,,N,N,N,0,0,0,0,0.0,,3864,,N,N,N
304660,KR7304660004,KODEX 미국30년국채울트라선물(H),EF,,0,0,0,N,N,,0,N,N,N,2.0,N,N,,,,,N,,,0,,,N,,,,,,6810,1,1,N,N,N,0,N,N,N,0,0,0,100,N,90,21499,0,20180912,17600,0,12.0,,0,,N,N,N,0,0,0,0,0.0,,1198,,N,N,N
304670,KR7304670003,KODEX 미국30년국채울트라선물인버스(H),EF,,0,0,0,N,N,,0,N,N,N,2.0,N,N,,,,,N,,,0,,,N,,,,,,13230,1,1,N,N,N,0,N,N,N,0,0,0,100,N,90,355,0,20180912,600,0,12.0,,0,,N,N,N,0,0,0,0,0.0,,79,,N,N,N
304760,KR7304760002,HANARO KRX300,EF,,0,0,0,N,N,,0,N,N,N,2.0,N,N,,,,,N,,,0,,,Y,,,,,,47595,1,1,N,N,N,0,N,N,N,0,0,0,100,N,90,60,0,20180814,400,0,12.0,,0,,N,N,N,0,0,0,0,0.0,,190,,N,N,N
304770,KR7304770001,HANARO 코스닥150,EF,,0,0,0,N,N,,0,N,N,N,2.0,N,N,,,,,N,,,0,,,Y,,,,,,15335,1,1,N,N,N,0,N,N,N,0,0,0,100,N,90,4944,0,20180814,1420,0,12.0,,0,,N,N,N,0,0,0,0,0.0,,217,,N,N,N
304780,KR7304780000,HANARO 200선물레버리지,EF,,0,0,0,N,N,,0,N,N,N,2.0,N,N,,,,,N,,,0,,,N,,,,,,121260,1,1,N,N,N,0,N,N,N,0,0,0,100,N,90,457,0,20180814,450,0,12.0,,0,,N,N,N,0,0,0,0,0.0,,545,,N,N,N
304940,KR7304940000,KODEX 미국나스닥100선물(H),EF,,0,0,0,N,N,,0,N,N,N,2.0,N,N,,,,,N,,,0,,,N,,,,,,34220,1,1,N,N,N,0,N,N,N,0,0,0,100,N,90,23285,0,20180830,3400,0,12.0,,0,,N,N,N,0,0,0,0,0.0,,1163,,N,N,N
305050,KR7305050007,ACE 코스피,EF,,0,0,0,N,N,,0,N,N,N,2.0,N,N,,,,,N,,,0,,,Y,,,,,,71085,1,1,N,N,N,0,N,N,N,0,0,0,100,N,90,3257,0,20181005,650,0,12.0,,0,,N,N,N,0,0,0,0,0.0,,462,,N,N,N
305080,KR7305080004,TIGER 미국채10년선물,EF,,0,0,0,N,N,,0,N,N,N,2.0,N,N,,,,,N,,,0,,,N,,,,,,11525,1,1,N,N,N,0,N,N,N,0,0,0,100,N,90,78887,0,20180830,18300,0,12.0,,0,,N,N,N,0,0,0,0,0.0,,2109,,N,N,N
305540,KR7305540007,TIGER 2차전지테마,EF,,0,0,0,N,N,,0,N,N,N,2.0,N,N,,,,,N,,,0,,,Y,,,,,,19870,1,1,N,N,N,0,N,N,N,0,0,0,40,Y,90,820417,0,20180912,49700,0,12.0,,0,,N,N,N,0,0,0,0,0.0,,9875,,N,N,N
305720,KR7305720005,KODEX 2차전지산업,EF,,0,0,0,N,N,,0,N,N,N,2.0,N,N,,,,,N,,,0,,,Y,,,,,,15720,1,1,N,N,N,0,N,N,N,0,0,0,40,Y,90,5138015,0,20180912,129400,0,12.0,,0,,N,N,N,0,0,0,0,0.0,,20341,,N,N,Y
306200,KR7306200007,세아제강,ST,3.0,27,11,0,,N,,0,N,N,N,,N,N,,,,,N,,,0,,,N,,,,,,148500,1,1,N,N,N,0,N,N,N,0,0,0,40,Y,90,6474,5000,20181005,2836,14181500000,12.0,,0,,N,N,Y,9437,590,735,535,4.9,20260630.0,4211,474,N,N,N
306520,KR7306520008,HANARO 200선물인버스,EF,,0,0,0,N,N,,0,N,N,N,2.0,N,N,,,,,N,,,0,,,N,,,,,,2375,1,1,N,N,N,0,N,N,N,0,0,0,100,N,90,11917,0,20180918,600,0,12.0,,0,,N,N,N,0,0,0,0,0.0,,14,,N,N,N
306530,KR7306530007,HANARO 코스닥150선물레버리지,EF,,0,0,0,N,N,,0,N,N,N,2.0,N,N,,,,,N,,,0,,,N,,,,,,8225,1,1,N,N,N,0,N,N,N,0,0,0,100,N,90,51158,0,20180918,440,0,12.0,,0,,N,N,N,0,0,0,0,0.0,,36,,N,N,N
306950,KR7306950007,KODEX KRX300레버리지,EF,,0,0,0,N,N,,0,N,N,N,2.0,N,N,,,,,N,,,0,,,N,,,,,,77305,1,1,N,N,N,0,N,N,N,0,0,0,100,N,90,1284,0,20181016,800,0,12.0,,0,,N,N,N,0,0,0,0,0.0,,618,,N,N,N
307510,KR7307510008,TIGER 의료기기,EF,,0,0,0,N,N,,0,N,N,N,2.0,N,N,,,,,N,,,0,,,Y,,,,,,12900,1,1,N,N,N,0,N,N,N,0,0,0,100,N,90,2354,0,20181108,500,0,12.0,,0,,N,N,N,0,0,0,0,0.0,,64,,N,N,N
307520,KR7307520007,TIGER 지주회사,EF,,0,0,0,N,N,,0,N,N,N,2.0,N,N,,,,,N,,,0,,,Y,,,,,,21595,1,1,N,N,N,0,N,N,N,0,0,0,100,N,90,314691,0,20181108,11950,0,12.0,,0,,N,N,N,0,0,0,0,0.0,,2580,,N,N,N
307950,KR7307950006,현대오토에버,ST,1.0,29,0,0,,N,,5,Y,N,Y,,Y,Y,,,,,N,,,0,,,N,,,,,,374000,1,1,N,N,N,0,N,N,N,0,0,0,40,Y,90,43839,500,20190328,27423,13711991000,12.0,,0,,N,Y,Y,21864,1117,1166,882,10.52,20260630.0,102565,BH1,N,N,N
308170,KR7308170000,씨티알모빌리티,ST,3.0,27,15,0,,N,,0,N,N,N,,N,N,,,,,N,,,0,,,N,,,,,,3320,1,1,N,N,N,0,N,N,N,0,0,0,100,N,90,3262,500,20191125,8610,4305000000,12.0,,0,,N,N,Y,2237,16,-24,-28,-5.53,20260630.0,285,,N,N,N
308620,KR7308620004,KODEX 미국10년국채선물,EF,,0,0,0,N,N,,0,N,N,N,2.0,N,N,,,,,N,,,0,,,N,,,,,,10835,1,1,N,N,N,0,N,N,N,0,0,0,100,N,90,47668,0,20181019,8400,0,12.0,,0,,N,N,N,0,0,0,0,0.0,,910,,N,N,N
309230,KR7309230001,ACE 미국WideMoat동일가중,EF,,0,0,0,N,N,,0,N,N,N,2.0,N,N,,,,,N,,,0,,,Y,,,,,,29100,1,1,N,N,N,0,N,N,N,0,0,0,100,N,90,3122,0,20181025,3680,0,12.0,,0,,N,N,N,0,0,0,0,0.0,,1070,,N,N,N
310080,KR7310080007,RISE 중국MSCI China(H),EF,,0,0,0,N,N,,0,N,N,N,2.0,N,N,,,,,N,,,0,,,Y,,,,,,8875,1,1,N,N,N,0,N,N,N,0,0,0,100,N,90,1420,0,20181128,1150,0,12.0,,0,,N,N,N,0,0,0,0,0.0,,102,,N,N,N
310960,KR7310960000,TIGER 200TR,EF,,0,0,0,N,N,,0,N,N,N,2.0,N,N,,,,,N,,,0,,,Y,,,,,,63415,1,1,N,N,N,0,N,N,N,0,0,0,100,N,90,36399,0,20181120,5600,0,12.0,,0,,N,N,N,0,0,0,0,0.0,,3551,,N,N,N
310970,KR7310970009,TIGER MSCI Korea TR,EF,,0,0,0,N,N,,0,N,N,N,2.0,N,N,,,,,N,,,0,,,Y,,,,,,48690,1,1,N,N,N,0,N,N,N,0,0,0,40,Y,90,2771,0,20181120,92800,0,12.0,,0,,N,N,N,0,0,0,0,0.0,,45184,,N,N,N
314250,KR7314250002,KODEX 미국빅테크10(H),EF,,0,0,0,N,N,,0,N,N,N,2.0,N,N,,,,,N,,,0,,,Y,,,,,,65340,1,1,N,N,N,0,N,N,N,0,0,0,40,Y,90,56019,0,20190110,10450,0,12.0,,0,,N,N,N,0,0,0,0,0.0,,6828,,N,N,N
314700,KR7314700006,HANARO 농업융복합산업,EF,,0,0,0,N,N,,0,N,N,N,2.0,N,N,,,,,N,,,0,,,Y,,,,,,10655,1,1,N,N,N,0,N,N,N,0,0,0,100,N,90,5038,0,20181221,550,0,12.0,,0,,N,N,N,0,0,0,0,0.0,,58,,N,N,N
315270,KR7315270009,TIGER 200커뮤니케이션서비스,EF,,0,0,0,N,N,,0,N,N,N,2.0,N,N,,,,,N,,,0,,,Y,,,,,,18625,1,1,N,N,N,0,N,N,N,0,0,0,100,N,90,76,0,20190115,380,0,12.0,,0,,N,N,N,0,0,0,0,0.0,,70,,N,N,N
315930,KR7315930008,KODEX Top5PlusTR,EF,,0,0,0,N,N,,0,N,N,N,2.0,N,N,,,,,N,,,0,,,Y,,,,,,77515,1,1,N,N,N,0,N,N,N,0,0,0,40,Y,90,7670,0,20190122,12000,0,12.0,,0,,N,N,N,0,0,0,0,0.0,,9301,,N,N,N
315960,KR7315960005,RISE 대형고배당10TR,EF,,0,0,0,N,N,,0,N,N,N,2.0,N,N,,,,,N,,,0,,,Y,,,,,,75950,1,1,N,N,N,0,N,N,N,0,0,0,40,Y,90,62510,0,20190122,6550,0,12.0,,0,,N,N,N,0,0,0,0,0.0,,4974,,N,N,N
316140,KR7316140003,우리금융지주,ST,1.0,21,0,0,,N,,6,Y,Y,Y,,Y,Y,,,,,N,,,0,,,N,,,,,,33350,1,1,N,N,N,0,N,N,N,0,0,0,40,Y,90,1448165,5000,20190213,736786,3846160675000,12.0,,0,,N,Y,Y,283679,21238,21664,16659,8.71,20260630.0,245718,,N,N,Y
316300,KR7316300003,ACE 싱가포르리츠,EF,,0,0,0,N,N,,0,N,N,N,2.0,N,N,,,,,N,,,0,,,N,,,,,,11965,1,1,N,N,N,0,N,N,N,0,0,0,100,N,90,357,0,20190129,500,0,12.0,,0,,N,N,N,0,0,0,0,0.0,,59,,N,N,N
316670,KR7316670009,KIWOOM 코스닥150,EF,,0,0,0,N,N,,0,N,N,N,2.0,N,N,,,,,N,,,0,,,Y,,,,,,7655,1,1,N,N,N,0,N,N,N,0,0,0,100,N,90,788101,0,20190122,6840,0,12.0,,0,,N,N,N,0,0,0,0,0.0,,523,,N,N,N
317400,KR7317400000,자이에스앤디,ST,3.0,28,0,0,,N,,0,N,N,N,,N,N,,,,,N,,,0,,,N,,,,,,9910,1,1,N,N,N,0,N,N,N,0,0,0,50,Y,90,380245,1000,20191106,38782,38782520000,12.0,,0,,N,N,Y,5736,204,250,184,8.04,20260630.0,3843,FN4,N,N,Y
317450,KR7317450005,명인제약,ST,2.0,27,9,0,,N,,0,N,N,N,,N,N,,,,,N,,,0,,,N,,,,,,43350,1,1,N,N,N,0,N,N,N,0,0,0,40,Y,90,6127,500,20251001,14600,7300000000,12.0,,0,,N,N,Y,1482,527,619,471,12.91,20260630.0,6329,,N,N,N
319640,KR7319640009,TIGER 골드선물(H),EF,,0,0,0,N,N,,0,N,N,N,2.0,N,N,,,,,N,,,0,,,N,,,,,,24215,1,1,N,N,N,0,N,N,N,0,0,0,100,N,90,7673,0,20190409,4600,0,12.0,,0,,N,N,N,0,0,0,0,0.0,,1113,,N,N,N
321410,KR7321410003,KODEX 멀티에셋하이인컴(H),EF,,0,0,0,N,N,,0,N,N,N,2.0,N,N,,,,,N,,,0,,,Y,,,,,,10340,1,1,N,N,N,0,N,N,N,0,0,0,100,N,90,546,0,20190605,300,0,12.0,,0,,N,N,N,0,0,0,0,0.0,,31,,N,N,N
322000,KR7322000001,HD현대에너지솔루션,ST,2.0,27,13,0,,N,,0,N,N,Y,,N,N,,,,,N,,,0,,,N,,,,,,145500,1,1,N,N,N,0,N,N,N,0,0,0,40,Y,90,236514,5000,20191119,11200,56000000000,12.0,,0,,N,Y,Y,3249,651,679,530,19.67,20260630.0,16296,IC5,N,N,N
322400,KR7322400003,HANARO e커머스,EF,,0,0,0,N,N,,0,N,N,N,2.0,N,N,,,,,N,,,0,,,Y,,,,,,9465,1,1,N,N,N,0,N,N,N,0,0,0,100,N,90,5067,0,20190423,3300,0,12.0,,0,,N,N,N,0,0,0,0,0.0,,312,,N,N,N
322410,KR7322410002,HANARO K고배당,EF,,0,0,0,N,N,,0,N,N,N,2.0,N,N,,,,,N,,,0,,,Y,,,,,,22100,1,1,N,N,N,0,N,N,N,0,0,0,100,N,90,3895,0,20190423,1750,0,12.0,,0,,N,N,N,0,0,0,0,0.0,,386,,N,N,N
323410,KR7323410001,카카오뱅크,ST,1.0,21,0,0,,N,,6,Y,N,Y,,N,Y,,,,,N,,,0,,,N,,,,,,19860,1,1,N,N,N,0,N,N,N,0,0,0,40,Y,90,413575,5000,20210806,477120,2385602185000,12.0,,0,,N,Y,Y,0,0,0,0,0.0,20250930.0,94756,KAO,N,N,Y
325010,KR7325010007,KODEX 성장주,EF,,0,0,0,N,N,,0,N,N,N,2.0,N,N,,,,,N,,,0,,,Y,,,,,,43665,1,1,N,N,N,0,N,N,N,0,0,0,100,N,90,453,0,20190531,2900,0,12.0,,0,,N,N,N,0,0,0,0,0.0,,1266,,N,N,N
325020,KR7325020006,KODEX 배당가치,EF,,0,0,0,N,N,,0,N,N,N,2.0,N,N,,,,,N,,,0,,,Y,,,,,,28650,1,1,N,N,N,0,N,N,N,0,0,0,100,N,90,2778,0,20190531,3100,0,12.0,,0,,N,N,N,0,0,0,0,0.0,,888,,N,N,N
326030,KR7326030004,SK바이오팜,ST,1.0,26,0,0,,N,,A,Y,N,Y,,N,Y,,,,,N,,,0,,,N,,,,,,76000,1,1,N,N,N,0,N,N,N,0,0,0,40,Y,90,68396,500,20200702,78313,39156625000,12.0,,0,,N,Y,Y,4753,1868,1933,1878,49.59,20260630.0,59518,535,N,N,Y
326230,KR7326230000,RISE 내수주플러스,EF,,0,0,0,N,N,,0,N,N,N,2.0,N,N,,,,,N,,,0,,,Y,,,,,,10985,1,1,N,N,N,0,N,N,N,0,0,0,100,N,90,19,0,20190620,580,0,12.0,,0,,N,N,N,0,0,0,0,0.0,,63,,N,N,N
326240,KR7326240009,RISE IT플러스,EF,,0,0,0,N,N,,0,N,N,N,2.0,N,N,,,,,N,,,0,,,Y,,,,,,46300,1,1,N,N,N,0,N,N,N,0,0,0,100,N,90,5462,0,20190620,2460,0,12.0,,0,,N,N,N,0,0,0,0,0.0,,1138,,N,N,N
328370,KR7328370002,PLUS 코스피TR,EF,,0,0,0,N,N,,0,N,N,N,2.0,N,N,,,,,N,,,0,,,Y,,,,,,38590,1,1,N,N,N,0,N,N,N,0,0,0,100,N,90,33,0,20190625,3100,0,12.0,,0,,N,N,N,0,0,0,0,0.0,,1196,,N,N,N
329180,KR7329180004,HD현대중공업,ST,1.0,27,15,0,,N,,2,Y,Y,Y,,Y,Y,,,,,N,,,0,,,N,,,,,,400000,1,1,N,N,N,0,N,N,N,0,0,0,40,Y,90,332852,5000,20210917,104961,524806125000,12.0,,0,,N,Y,Y,122485,19453,22128,15960,30.09,20260630.0,419844,IC5,N,N,Y
329200,KR7329200000,TIGER 리츠부동산인프라,EF,,0,0,0,N,N,,0,N,N,N,2.0,N,N,,,,,N,,,0,,,Y,,,,,,4045,1,1,N,N,N,0,N,N,N,0,0,0,40,Y,90,2276800,0,20190719,390750,0,12.0,,0,,N,N,N,0,0,0,0,0.0,,15805,,N,N,N
329650,KR7329650006,KODEX TRF3070,EF,,0,0,0,N,N,,0,N,N,N,2.0,N,N,,,,,N,,,0,,,Y,,,,,,13990,1,1,N,N,N,0,N,N,N,0,0,0,100,N,90,33986,0,20190704,16500,0,12.0,,0,,N,N,N,0,0,0,0,0.0,,2308,,N,N,N
329660,KR7329660005,KODEX TRF5050,EF,,0,0,0,N,N,,0,N,N,N,2.0,N,N,,,,,N,,,0,,,Y,,,,,,17660,1,1,N,N,N,0,N,N,N,0,0,0,100,N,90,19562,0,20190704,4700,0,12.0,,0,,N,N,N,0,0,0,0,0.0,,830,,N,N,N
329670,KR7329670004,KODEX TRF7030,EF,,0,0,0,N,N,,0,N,N,N,2.0,N,N,,,,,N,,,0,,,Y,,,,,,21665,1,1,N,N,N,0,N,N,N,0,0,0,100,N,90,9519,0,20190704,4000,0,12.0,,0,,N,N,N,0,0,0,0,0.0,,866,,N,N,N
329750,KR7329750004,TIGER 미국달러단기채권액티브,EF,,0,0,0,N,N,,0,N,N,N,2.0,N,N,,,,,N,,,0,,,Y,,,,,,12700,1,1,N,N,N,0,N,N,N,0,0,0,50,Y,90,159061,0,20190724,57670,0,12.0,,0,,N,N,N,0,0,0,0,0.0,,7324,,N,N,N
330590,KR7330590001,롯데리츠,RT,2.0,28,0,0,,N,,0,N,N,N,,N,N,,,,,N,,,0,,,Y,,,,,,4155,1,1,N,N,N,0,N,N,N,0,0,0,100,N,90,115894,500,20191030,288968,144484442000,,,0,,N,N,Y,0,0,0,0,0.0,,12006,283,N,N,N
332500,KR7332500008,ACE 200TR,EF,,0,0,0,N,N,,0,N,N,N,2.0,N,N,,,,,N,,,0,,,Y,,,,,,73125,1,1,N,N,N,0,N,N,N,0,0,0,100,N,90,49831,0,20190828,2400,0,12.0,,0,,N,N,N,0,0,0,0,0.0,,1755,,N,N,N
332610,KR7332610005,PLUS 미국단기회사채(AAA~A),EF,,0,0,0,N,N,,0,N,N,N,2.0,N,N,,,,,N,,,0,,,Y,,,,,,121405,1,1,N,N,N,0,N,N,N,0,0,0,100,N,90,129,0,20190820,96,0,12.0,,0,,N,N,N,0,0,0,0,0.0,,116,,N,N,N
332620,KR7332620004,PLUS 미국장기우량회사채,EF,,0,0,0,N,N,,0,N,N,N,2.0,N,N,,,,,N,,,0,,,Y,,,,,,81275,1,1,N,N,N,0,N,N,N,0,0,0,100,N,90,674,0,20190820,187,0,12.0,,0,,N,N,N,0,0,0,0,0.0,,151,,N,N,N
332930,KR7332930007,HANARO 200TR,EF,,0,0,0,N,N,,0,N,N,N,2.0,N,N,,,,,N,,,0,,,Y,,,,,,142500,1,1,N,N,N,0,N,N,N,0,0,0,100,N,90,532,0,20190828,1450,0,12.0,,0,,N,N,N,0,0,0,0,0.0,,2066,,N,N,N
332940,KR7332940006,HANARO MSCI Korea TR,EF,,0,0,0,N,N,,0,N,N,N,2.0,N,N,,,,,N,,,0,,,Y,,,,,,48690,1,1,N,N,N,0,N,N,N,0,0,0,100,N,90,8114,0,20190828,2400,0,12.0,,0,,N,N,N,0,0,0,0,0.0,,1168,,N,N,N
334690,KR7334690005,RISE 팔라듐선물(H),EF,,0,0,0,N,N,,0,N,N,N,2.0,N,N,,,,,N,,,0,,,N,,,,,,5205,1,1,N,N,N,0,N,N,N,0,0,0,100,N,90,1945,0,20190924,700,0,12.0,,0,,N,N,N,0,0,0,0,0.0,,36,,N,N,N
334700,KR7334700002,RISE 팔라듐선물인버스(H),EF,,0,0,0,N,N,,0,N,N,N,2.0,N,N,,,,,N,,,0,,,N,,,,,,3695,1,1,N,N,N,0,N,N,N,0,0,0,100,N,90,791,0,20190924,650,0,12.0,,0,,N,N,N,0,0,0,0,0.0,,24,,N,N,N
334890,KR7334890001,이지스밸류플러스리츠,RT,3.0,28,0,0,,N,,0,N,N,N,,N,N,,,,,N,,,0,,,Y,,,,,,3630,1,1,N,N,N,0,N,N,N,0,0,0,100,N,90,34021,1000,20200716,69448,69448683000,,,0,,N,N,Y,20,2,-12,-12,5.88,20260530.0,2520,,N,N,N
336160,KR7336160007,RISE 금융채액티브,EF,,0,0,0,N,N,,0,N,N,N,2.0,N,N,,,,,N,,,0,,,Y,,,,,,100060,1,1,N,N,N,0,N,N,N,0,0,0,100,N,90,20,0,20191029,479,0,12.0,,0,,N,N,N,0,0,0,0,0.0,,479,,N,N,N
336260,KR7336260005,두산퓨얼셀,ST,2.0,27,13,0,,N,,0,N,N,Y,,N,N,,,,,N,,,0,,,N,,,,,,45250,1,1,N,N,N,0,N,N,N,0,0,0,100,N,90,472951,100,20191018,65493,6549372600,12.0,,0,,N,Y,Y,1891,-522,-677,-688,-48.11,20260630.0,29635,391,N,N,N
33626K,KR733626K013,두산퓨얼셀1우,ST,0.0,27,13,0,,N,,0,N,N,N,,N,N,,,,,N,,,0,,,N,,,,,,6160,1,1,N,N,N,0,N,N,N,0,0,0,100,N,90,6164,100,20191018,13364,1336420000,12.0,,1,,N,N,N,0,0,0,0,0.0,,823,,N,N,N
33626L,KR733626K021,두산퓨얼셀2우B,ST,0.0,27,13,0,,N,,0,N,N,N,,N,N,,,,,N,,,0,,,N,,,,,,7410,1,1,N,N,N,0,N,N,N,0,0,0,100,N,90,1132,100,20191018,2986,298630000,12.0,,2,,N,N,N,0,0,0,0,0.0,,221,,N,N,N
336370,KR7336370002,솔루스첨단소재,ST,2.0,27,13,0,,N,,0,N,N,N,,N,N,,,,,N,,,0,,,N,,,,,,8880,1,1,N,N,N,0,N,N,N,0,0,0,100,N,90,122398,100,20191018,70212,7021734400,12.0,,0,,N,N,Y,1899,-537,-335,564,5.69,20260630.0,6234,,N,N,N
33637K,KR733637K010,솔루스첨단소재1우,ST,0.0,27,13,0,,N,,0,N,N,N,,N,N,,,,,N,,,0,,,N,,,,,,1543,1,1,N,N,N,0,N,N,N,0,0,0,100,N,90,3478,100,20191018,16907,1690876600,12.0,,1,,N,N,N,0,0,0,0,0.0,,260,,N,N,N
33637L,KR733637K028,솔루스첨단소재2우B,ST,0.0,27,13,0,,N,,0,N,N,N,,N,N,,,,,N,,,0,,,N,,,,,,2270,1,1,N,N,N,0,N,N,N,0,0,0,100,N,90,691,100,20191018,3777,377829600,12.0,,2,,N,N,N,0,0,0,0,0.0,,85,,N,N,N
337120,KR7337120000,KODEX 멀티팩터,EF,,0,0,0,N,N,,0,N,N,N,2.0,N,N,,,,,N,,,0,,,Y,,,,,,34375,1,1,N,N,N,0,N,N,N,0,0,0,100,N,90,5305,0,20191114,600,0,12.0,,0,,N,N,N,0,0,0,0,0.0,,206,,N,N,N
337140,KR7337140008,KODEX 코스피대형주,EF,,0,0,0,N,N,,0,N,N,N,2.0,N,N,,,,,N,,,0,,,Y,,,,,,36230,1,1,N,N,N,0,N,N,N,0,0,0,100,N,90,3439,0,20191114,2200,0,12.0,,0,,N,N,N,0,0,0,0,0.0,,797,,N,N,N
337150,KR7337150007,KODEX 200exTOP,EF,,0,0,0,N,N,,0,N,N,N,2.0,N,N,,,,,N,,,0,,,Y,,,,,,24760,1,1,N,N,N,0,N,N,N,0,0,0,100,N,90,116,0,20191114,600,0,12.0,,0,,N,N,N,0,0,0,0,0.0,,148,,N,N,N
337160,KR7337160006,KODEX 200ESG,EF,,0,0,0,N,N,,0,N,N,N,2.0,N,N,,,,,N,,,0,,,Y,,,,,,47710,1,1,N,N,N,0,N,N,N,0,0,0,100,N,90,4247,0,20191114,3400,0,12.0,,0,,N,N,N,0,0,0,0,0.0,,1622,,N,N,N
338100,KR7338100001,NH프라임리츠,RT,3.0,28,0,0,,N,,0,N,N,N,,N,N,,,,,N,,,0,,,Y,,,,,,3780,1,1,N,N,N,0,N,N,N,0,0,0,100,N,90,152639,500,20191205,18660,9330000000,,,0,,N,N,Y,0,0,0,0,0.0,20251130.0,705,,N,N,N
339770,KR7339770000,교촌에프앤비,ST,3.0,16,0,0,,N,,0,N,N,N,,N,N,,,,,N,,,0,,,N,,,,,,3920,1,1,N,N,N,0,N,N,N,0,0,0,60,Y,90,20036,500,20201112,49965,25070420000,12.0,,0,,N,N,Y,2556,131,116,86,8.18,20260630.0,1958,,N,N,N
341850,KR7341850006,TIGER 리츠부동산인프라채권,EF,,0,0,0,N,N,,0,N,N,N,2.0,N,N,,,,,N,,,0,,,Y,,,,,,4565,1,1,N,N,N,0,N,N,N,0,0,0,100,N,90,2628,0,20200522,2000,0,12.0,,0,,N,N,N,0,0,0,0,0.0,,91,,N,N,N
344820,KR7344820006,KCC글라스,ST,3.0,27,10,0,,N,,0,N,N,N,,N,N,,,,,N,,,0,,,N,,,,,,24000,1,1,N,N,N,0,N,N,N,0,0,0,100,N,90,6911,1000,20200121,15970,15970512000,12.0,,0,,N,N,Y,10438,-53,-101,-189,-4.05,20260630.0,3832,KCC,N,N,N
348950,KR7348950007,제이알글로벌리츠,RT,3.0,28,0,0,,N,,0,N,N,N,,N,N,,,,,N,,,0,,,Y,,,,,,1182,1,1,Y,N,Y,0,N,N,N,0,0,0,100,N,90,0,1000,20200807,197376,197376000000,,,0,,N,N,Y,875,698,-1002,-1007,-7.46,20260630.0,2332,,N,N,N
350520,KR7350520003,이지스레지던스리츠,RT,3.0,28,0,0,,N,,0,N,N,N,,N,N,,,,,N,,,0,,,Y,,,,,,3215,1,1,N,N,N,0,N,N,N,0,0,0,100,N,90,11618,1000,20200805,36866,36866202000,,,0,,N,N,Y,236,225,196,196,9.8,20260630.0,1185,,N,N,N
352540,KR7352540009,KODEX 일본부동산리츠(H),EF,,0,0,0,N,N,,0,N,N,N,2.0,N,N,,,,,N,,,0,,,Y,,,,,,10500,1,1,N,N,N,0,N,N,N,0,0,0,100,N,90,5174,0,20200513,3400,0,12.0,,0,,N,N,N,0,0,0,0,0.0,,357,,N,N,N
352560,KR7352560007,KODEX 미국부동산리츠(H),EF,,0,0,0,N,N,,0,N,N,N,2.0,N,N,,,,,N,,,0,,,Y,,,,,,11310,1,1,N,N,N,0,N,N,N,0,0,0,100,N,90,127237,0,20200513,2450,0,12.0,,0,,N,N,N,0,0,0,0,0.0,,277,,N,N,N
352820,KR7352820005,하이브,ST,1.0,30,0,0,,N,,B,Y,Y,Y,,Y,Y,,,,,N,,,0,,,N,,,,,,167000,1,1,N,N,N,0,N,N,N,0,0,0,50,Y,90,449257,500,20201015,43106,21553418000,12.0,,0,,N,Y,Y,21483,-257,321,-469,-11.26,20260630.0,71988,138,N,N,Y
353200,KR7353200009,대덕전자,ST,1.0,27,13,0,,N,,0,N,N,Y,,N,N,,,,,N,,,0,,,N,,,,,,151300,1,1,N,N,N,0,N,N,N,0,0,0,40,Y,90,865457,500,20200521,49416,24708462500,12.0,,0,,N,Y,Y,7473,1216,1344,1032,16.64,20260630.0,74767,,N,N,N
35320K,KR735320K011,대덕전자1우,ST,0.0,27,13,0,,N,,0,N,N,N,,N,N,,,,,N,,,0,,,N,,,,,,27800,1,1,N,N,N,0,N,N,N,0,0,0,100,N,90,8265,500,20200521,2095,1047759500,12.0,,9,,N,N,N,0,0,0,0,0.0,,582,,N,N,N
354240,KR7354240004,RISE 미국고정배당우선증권,EF,,0,0,0,N,N,,0,N,N,N,2.0,N,N,,,,,N,,,0,,,Y,,,,,,9730,1,1,N,N,N,0,N,N,N,0,0,0,100,N,90,4995,0,20200519,1100,0,12.0,,0,,N,N,N,0,0,0,0,0.0,,107,,N,N,N
354350,KR7354350001,HANARO 글로벌럭셔리S&P(합성),EF,,0,0,0,N,N,,0,N,N,N,2.0,N,N,,,,,N,,,0,,,Y,,,,,,17475,1,1,N,N,N,0,N,N,N,0,0,0,100,N,90,2415,0,20200512,520,0,12.0,,0,,N,N,N,0,0,0,0,0.0,,90,,N,N,N
354500,KR7354500001,ACE 코스닥150,EF,,0,0,0,N,N,,0,N,N,N,2.0,N,N,,,,,N,,,0,,,Y,,,,,,15520,1,1,N,N,N,0,N,N,N,0,0,0,100,N,90,179429,0,20200507,10700,0,12.0,,0,,N,N,N,0,0,0,0,0.0,,1660,,N,N,N
356540,KR7356540005,ACE 종합채권(AA-이상)액티브,EF,,0,0,0,N,N,,0,N,N,N,2.0,N,N,,,,,N,,,0,,,Y,,,,,,101770,1,1,N,N,N,0,N,N,N,0,0,0,50,Y,90,268,0,20200721,11638,0,12.0,,0,,N,N,N,0,0,0,0,0.0,,11843,,N,N,N
357120,KR7357120005,코람코라이프인프라리츠,RT,3.0,28,0,0,,N,,0,N,N,N,,N,N,,,,,N,,,0,,,Y,,,,,,4060,1,1,N,N,N,0,N,N,N,0,0,0,100,N,90,65657,500,20200831,97335,48667677000,,,0,,N,N,Y,381,267,75,75,0.0,20260530.0,3951,,N,N,N
357250,KR7357250000,미래에셋맵스리츠,RT,3.0,28,0,0,,N,,0,N,N,N,,N,N,,,,,N,,,0,,,Y,,,,,,1852,1,1,N,N,N,0,N,N,N,0,0,0,100,N,90,14930,1000,20200805,24995,24995105000,,,0,,N,N,Y,0,0,0,0,0.0,20251130.0,462,,N,N,N
357430,KR7357430008,마스턴프리미어리츠,RT,3.0,28,0,0,,N,,0,N,N,N,,N,N,,,,,N,,,0,,,Y,,,,,,781,1,1,N,N,N,0,N,N,N,0,0,0,100,N,90,12769,1000,20220531,30505,30505307000,,,0,,N,N,Y,22,14,5,5,0.0,20260630.0,238,,N,N,N
357870,KR7357870005,TIGER CD금리투자KIS(합성),EF,,0,0,0,N,N,,0,N,N,N,2.0,N,N,,,,,N,,,0,,,Y,,,,,,58190,1,1,N,N,N,0,N,N,N,0,0,0,50,Y,90,120534,0,20200707,66990,0,12.0,,0,,N,N,N,0,0,0,0,0.0,,38981,,N,N,N
359210,KR7359210002,KODEX 코스피TR,EF,,0,0,0,N,N,,0,N,N,N,2.0,N,N,,,,,N,,,0,,,Y,,,,,,35510,1,1,N,N,N,0,N,N,N,0,0,0,100,N,90,2264,0,20200721,2300,0,12.0,,0,,N,N,N,0,0,0,0,0.0,,816,,N,N,N
360140,KR7360140008,KODEX 200롱코스닥150숏선물,EF,,0,0,0,N,N,,0,N,N,N,2.0,N,N,,,,,N,,,0,,,N,,,,,,20445,1,1,N,N,N,0,N,N,N,0,0,0,100,N,90,29082,0,20200821,2200,0,12.0,,0,,N,N,N,0,0,0,0,0.0,,449,,N,N,N
360150,KR7360150007,KODEX 코스닥150롱코스피200숏선물,EF,,0,0,0,N,N,,0,N,N,N,2.0,N,N,,,,,N,,,0,,,N,,,,,,3385,1,1,N,N,N,0,N,N,N,0,0,0,100,N,90,39281,0,20200821,4100,0,12.0,,0,,N,N,N,0,0,0,0,0.0,,138,,N,N,N
360200,KR7360200000,ACE 미국S&P500,EF,,0,0,0,N,N,,0,N,N,N,2.0,N,N,,,,,N,,,0,,,Y,,,,,,26295,1,1,N,N,N,0,N,N,N,0,0,0,40,Y,90,1536364,0,20200807,152200,0,12.0,,0,,N,N,N,0,0,0,0,0.0,,40020,,N,N,N
360750,KR7360750004,TIGER 미국S&P500,EF,,0,0,0,N,N,,0,N,N,N,2.0,N,N,,,,,N,,,0,,,Y,,,,,,26025,1,1,N,N,N,0,N,N,N,0,0,0,40,Y,90,25833518,0,20200807,812200,0,12.0,,0,,N,N,N,0,0,0,0,0.0,,211375,,N,N,N
361580,KR7361580004,RISE 200TR,EF,,0,0,0,N,N,,0,N,N,N,2.0,N,N,,,,,N,,,0,,,Y,,,,,,61705,1,1,N,N,N,0,N,N,N,0,0,0,40,Y,90,1209378,0,20200821,8100,0,12.0,,0,,N,N,N,0,0,0,0,0.0,,4998,,N,N,N
361610,KR7361610009,SK아이이테크놀로지,ST,2.0,27,13,0,,N,,9,N,N,N,,N,N,,,,,N,,,0,,,N,,,,,,18280,1,1,N,N,N,0,N,N,N,0,0,0,100,N,90,467303,1000,20210511,81787,81787100000,12.0,,0,,N,N,Y,754,-1367,-16360,-1409,-87.2,20260630.0,14950,535,N,N,N
363280,KR7363280009,티와이홀딩스,ST,3.0,21,0,0,,N,,0,N,N,N,,N,N,,,,,N,,,0,,,N,,,,,,2005,1,1,N,N,N,0,N,N,N,0,0,0,100,N,90,15133,500,20200922,45497,22748666500,12.0,,0,,N,N,Y,396,27,-137,-129,-9.48,20260630.0,912,844,N,N,N
36328K,KR736328K013,티와이홀딩스우,ST,0.0,21,0,0,,N,,0,N,N,N,,N,N,,,,,N,,,0,,,N,,,,,,2890,1,1,N,N,N,0,N,N,N,0,0,0,100,N,90,1456,500,20200922,1174,587474500,12.0,,9,,N,N,N,0,0,0,0,0.0,,33,,N,N,N
363510,KR7363510009,SOL KIS단기통안채,EF,,0,0,0,N,N,,0,N,N,N,2.0,N,N,,,,,N,,,0,,,Y,,,,,,112440,1,1,N,N,N,0,N,N,N,0,0,0,100,N,90,4,0,20200909,114,0,12.0,,0,,N,N,N,0,0,0,0,0.0,,128,,N,N,N
363570,KR7363570003,KODEX 장기종합채권(AA-이상)액티브,EF,,0,0,0,N,N,,0,N,N,N,2.0,N,N,,,,,N,,,0,,,Y,,,,,,87365,1,1,N,N,N,0,N,N,N,0,0,0,100,N,90,53,0,20200925,2572,0,12.0,,0,,N,N,N,0,0,0,0,0.0,,2247,,N,N,N
363580,KR7363580002,KODEX 200IT TR,EF,,0,0,0,N,N,,0,N,N,N,2.0,N,N,,,,,N,,,0,,,Y,,,,,,58305,1,1,N,N,N,0,N,N,N,0,0,0,100,N,90,47859,0,20200925,4150,0,12.0,,0,,N,N,N,0,0,0,0,0.0,,2419,,N,N,N
364690,KR7364690008,KODEX 혁신기술테마액티브,EF,,0,0,0,N,N,,0,N,N,N,2.0,N,N,,,,,N,,,0,,,Y,,,,,,38995,1,1,N,N,N,0,N,N,N,0,0,0,100,N,90,1223,0,20200929,600,0,12.0,,0,,N,N,N,0,0,0,0,0.0,,233,,N,N,N
364960,KR7364960005,TIGER BBIG,EF,,0,0,0,N,N,,0,N,N,N,2.0,N,N,,,,,N,,,0,,,Y,,,,,,6370,1,1,N,N,N,0,N,N,N,0,0,0,100,N,90,13777,0,20201007,11850,0,12.0,,0,,N,N,N,0,0,0,0,0.0,,754,,N,N,N
364970,KR7364970004,TIGER 바이오TOP10,EF,,0,0,0,N,N,,0,N,N,N,2.0,N,N,,,,,N,,,0,,,Y,,,,,,6830,1,1,N,N,N,0,N,N,N,0,0,0,100,N,90,623079,0,20201007,37800,0,12.0,,0,,N,N,N,0,0,0,0,0.0,,2581,,N,N,N
364980,KR7364980003,TIGER 2차전지TOP10,EF,,0,0,0,N,N,,0,N,N,N,2.0,N,N,,,,,N,,,0,,,Y,,,,,,10695,1,1,N,N,N,0,N,N,N,0,0,0,40,Y,90,4017885,0,20201007,68600,0,12.0,,0,,N,N,N,0,0,0,0,0.0,,7336,,N,N,Y
364990,KR7364990002,TIGER 게임TOP10,EF,,0,0,0,N,N,,0,N,N,N,2.0,N,N,,,,,N,,,0,,,Y,,,,,,4600,1,1,N,N,N,0,N,N,N,0,0,0,100,N,90,245163,0,20201007,4550,0,12.0,,0,,N,N,N,0,0,0,0,0.0,,209,,N,N,N
365000,KR7365000009,TIGER 인터넷TOP10,EF,,0,0,0,N,N,,0,N,N,N,2.0,N,N,,,,,N,,,0,,,Y,,,,,,3725,1,1,N,N,N,0,N,N,N,0,0,0,100,N,90,78092,0,20201007,10150,0,12.0,,0,,N,N,N,0,0,0,0,0.0,,378,,N,N,N
365040,KR7365040005,TIGER AI코리아그로스액티브,EF,,0,0,0,N,N,,0,N,N,N,2.0,N,N,,,,,N,,,0,,,Y,,,,,,36255,1,1,N,N,N,0,N,N,N,0,0,0,100,N,90,9321,0,20200929,2100,0,12.0,,0,,N,N,N,0,0,0,0,0.0,,761,,N,N,N
365550,KR7365550003,ESR켄달스퀘어리츠,RT,2.0,28,0,0,,N,,0,N,N,N,,N,N,,,,,N,,,0,,,Y,,,,,,3130,1,1,N,N,N,0,N,N,N,0,0,0,100,N,90,124811,1000,20201223,246089,246089000000,,,0,,N,N,Y,656,341,64,64,0.0,20260530.0,7702,,N,N,N
365780,KR7365780006,ACE 국고채10년,EF,,0,0,0,N,N,,0,N,N,N,2.0,N,N,,,,,N,,,0,,,Y,,,,,,82605,1,1,N,N,N,0,N,N,N,0,0,0,40,Y,90,4616,0,20201015,6712,0,12.0,,0,,N,N,N,0,0,0,0,0.0,,5544,,N,N,N
367380,KR7367380003,ACE 미국나스닥100,EF,,0,0,0,N,N,,0,N,N,N,2.0,N,N,,,,,N,,,0,,,Y,,,,,,31845,1,1,N,N,N,0,N,N,N,0,0,0,40,Y,90,907843,0,20201029,114200,0,12.0,,0,,N,N,N,0,0,0,0,0.0,,36366,,N,N,N
367740,KR7367740008,HANARO Fn5G산업,EF,,0,0,0,N,N,,0,N,N,N,2.0,N,N,,,,,N,,,0,,,Y,,,,,,44840,1,1,N,N,N,0,N,N,N,0,0,0,100,N,90,400,0,20201029,550,0,12.0,,0,,N,N,N,0,0,0,0,0.0,,246,,N,N,N
367760,KR7367760006,RISE 네트워크인프라,EF,,0,0,0,N,N,,0,N,N,N,2.0,N,N,,,,,N,,,0,,,Y,,,,,,63155,1,1,N,N,N,0,N,N,N,0,0,0,40,Y,90,147578,0,20201029,11250,0,12.0,,0,,N,N,N,0,0,0,0,0.0,,7104,,N,N,N
367770,KR7367770005,RISE 수소경제테마,EF,,0,0,0,N,N,,0,N,N,N,2.0,N,N,,,,,N,,,0,,,Y,,,,,,21300,1,1,N,N,N,0,N,N,N,0,0,0,100,N,90,58914,0,20201029,5100,0,12.0,,0,,N,N,N,0,0,0,0,0.0,,1086,,N,N,N
368190,KR7368190005,HANARO Fn K-뉴딜디지털플러스,EF,,0,0,0,N,N,,0,N,N,N,2.0,N,N,,,,,N,,,0,,,Y,,,,,,7725,1,1,N,N,N,0,N,N,N,0,0,0,100,N,90,2712,0,20201110,3200,0,12.0,,0,,N,N,N,0,0,0,0,0.0,,247,,N,N,N
368590,KR7368590006,RISE 미국나스닥100,EF,,0,0,0,N,N,,0,N,N,N,2.0,N,N,,,,,N,,,0,,,Y,,,,,,30860,1,1,N,N,N,0,N,N,N,0,0,0,40,Y,90,143377,0,20201106,53500,0,12.0,,0,,N,N,N,0,0,0,0,0.0,,16510,,N,N,N
368680,KR7368680005,KODEX K-뉴딜디지털플러스,EF,,0,0,0,N,N,,0,N,N,N,2.0,N,N,,,,,N,,,0,,,Y,,,,,,7755,1,1,N,N,N,0,N,N,N,0,0,0,100,N,90,95,0,20201110,800,0,12.0,,0,,N,N,N,0,0,0,0,0.0,,62,,N,N,N
371150,KR7371150004,RISE 차이나항셍테크,EF,,0,0,0,N,N,,0,N,N,N,2.0,N,N,,,,,N,,,0,,,Y,,,,,,5950,1,1,N,N,N,0,N,N,N,0,0,0,100,N,90,472,0,20201216,1300,0,12.0,,0,,N,N,N,0,0,0,0,0.0,,77,,N,N,N
371160,KR7371160003,TIGER 차이나항셍테크,EF,,0,0,0,N,N,,0,N,N,N,2.0,N,N,,,,,N,,,0,,,Y,,,,,,6140,1,1,N,N,N,0,N,N,N,0,0,0,40,Y,90,183108,0,20201216,80900,0,12.0,,0,,N,N,N,0,0,0,0,0.0,,4967,,N,N,N
371450,KR7371450008,TIGER 글로벌클라우드컴퓨팅INDXX,EF,,0,0,0,N,N,,0,N,N,N,2.0,N,N,,,,,N,,,0,,,Y,,,,,,13705,1,1,N,N,N,0,N,N,N,0,0,0,100,N,90,3495,0,20201208,1520,0,12.0,,0,,N,N,N,0,0,0,0,0.0,,208,,N,N,N
371460,KR7371460007,TIGER 차이나전기차SOLACTIVE,EF,,0,0,0,N,N,,0,N,N,N,2.0,N,N,,,,,N,,,0,,,Y,,,,,,8880,1,1,N,N,N,0,N,N,N,0,0,0,50,Y,90,99747,0,20201208,71720,0,12.0,,0,,N,N,N,0,0,0,0,0.0,,6368,,N,N,N
371470,KR7371470006,TIGER 차이나바이오테크SOLACTIVE,EF,,0,0,0,N,N,,0,N,N,N,2.0,N,N,,,,,N,,,0,,,Y,,,,,,8585,1,1,N,N,N,0,N,N,N,0,0,0,100,N,90,12019,0,20201208,5280,0,12.0,,0,,N,N,N,0,0,0,0,0.0,,453,,N,N,N
371870,KR7371870007,ACE 차이나항셍테크,EF,,0,0,0,N,N,,0,N,N,N,2.0,N,N,,,,,N,,,0,,,Y,,,,,,6000,1,1,N,N,N,0,N,N,N,0,0,0,100,N,90,272,0,20201216,1600,0,12.0,,0,,N,N,N,0,0,0,0,0.0,,96,,N,N,N
372330,KR7372330001,KODEX 차이나항셍테크,EF,,0,0,0,N,N,,0,N,N,N,2.0,N,N,,,,,N,,,0,,,Y,,,,,,6100,1,1,N,N,N,0,N,N,N,0,0,0,100,N,90,52556,0,20201216,16450,0,12.0,,0,,N,N,N,0,0,0,0,0.0,,1003,,N,N,N
372910,KR7372910000,한컴라이프케어,ST,3.0,27,14,0,,N,,0,N,N,N,,N,N,,,,,N,,,0,,,N,,,,,,2115,1,1,N,N,N,0,N,N,N,0,0,0,100,N,90,101998,200,20210817,27674,5534881200,12.0,,0,,N,N,Y,611,38,58,46,-0.31,20260630.0,585,,N,N,N
373220,KR7373220003,LG에너지솔루션,ST,1.0,27,13,0,,N,,9,Y,Y,Y,,Y,Y,,,,,N,,,0,,,N,,,,,,391000,1,1,N,N,N,0,N,N,N,0,0,0,40,Y,90,354152,500,20220127,234000,117000000000,12.0,,0,,N,Y,Y,133767,-8330,-9865,-1272,-8.02,20260630.0,914940,282,N,N,Y
373490,KR7373490002,KODEX 코리아혁신성장액티브,EF,,0,0,0,N,N,,0,N,N,N,2.0,N,N,,,,,N,,,0,,,Y,,,,,,25850,1,1,N,N,N,0,N,N,N,0,0,0,100,N,90,161,0,20201224,550,0,12.0,,0,,N,N,N,0,0,0,0,0.0,,142,,N,N,N
373790,KR7373790005,KIWOOM 미국방어배당성장나스닥,EF,,0,0,0,N,N,,0,N,N,N,2.0,N,N,,,,,N,,,0,,,Y,,,,,,14575,1,1,N,N,Y,0,N,N,N,0,0,0,100,N,90,115,0,20201224,280,0,12.0,,0,,N,N,N,0,0,0,0,0.0,,40,,N,N,N
375270,KR7375270006,RISE 글로벌데이터센터리츠(합성),EF,,0,0,0,N,N,,0,N,N,N,2.0,N,N,,,,,N,,,0,,,Y,,,,,,12820,1,1,N,N,N,0,N,N,N,0,0,0,100,N,90,145,0,20210114,650,0,12.0,,0,,N,N,N,0,0,0,0,0.0,,83,,N,N,N
375500,KR7375500006,DL이앤씨,ST,2.0,18,0,0,,N,,1,N,N,Y,,N,N,,,,,N,,,0,,,N,,,,,,72100,1,1,N,N,N,0,N,N,N,0,0,0,40,Y,90,191337,5000,20210125,38693,208163500000,12.0,,0,,N,Y,Y,35282,3168,3846,2899,11.86,20260630.0,27898,321,N,N,Y
37550K,KR737550K011,DL이앤씨우,ST,0.0,18,0,0,,N,,0,N,N,N,,N,N,,,,,N,,,0,,,N,,,,,,26350,1,1,N,N,N,0,N,N,N,0,0,0,100,N,90,1856,5000,20210125,2113,10569425000,12.0,,9,,N,N,N,0,0,0,0,0.0,,557,,N,N,N
37550L,KR737550K029,DL이앤씨2우(전환),ST,0.0,18,0,0,,N,,0,N,N,N,,N,N,,,,,N,,,0,,,N,,,,,,45950,1,1,N,N,N,0,N,N,N,0,0,0,100,N,90,1189,5000,20220428,2111,10559755000,12.0,,2,,N,N,N,0,0,0,0,0.0,,970,,N,N,N
375760,KR7375760006,HANARO 탄소효율그린뉴딜,EF,,0,0,0,N,N,,0,N,N,N,2.0,N,N,,,,,N,,,0,,,Y,,,,,,24450,1,1,N,N,N,0,N,N,N,0,0,0,100,N,90,75,0,20210205,900,0,12.0,,0,,N,N,N,0,0,0,0,0.0,,220,,N,N,N
375770,KR7375770005,KODEX 탄소효율그린뉴딜,EF,,0,0,0,N,N,,0,N,N,N,2.0,N,N,,,,,N,,,0,,,Y,,,,,,24775,1,1,N,N,N,0,N,N,N,0,0,0,100,N,90,65,0,20210205,1800,0,12.0,,0,,N,N,N,0,0,0,0,0.0,,445,,N,N,N
376410,KR7376410007,TIGER 탄소효율그린뉴딜,EF,,0,0,0,N,N,,0,N,N,N,2.0,N,N,,,,,N,,,0,,,Y,,,,,,24525,1,1,N,N,N,0,N,N,N,0,0,0,100,N,90,312,0,20210205,900,0,12.0,,0,,N,N,N,0,0,0,0,0.0,,220,,N,N,N
377190,KR7377190004,디앤디플랫폼리츠,RT,3.0,28,0,0,,N,,0,N,N,N,,N,N,,,,,N,,,0,,,Y,,,,,,1989,1,1,N,N,N,0,N,N,N,0,0,0,100,N,90,80651,1000,20210827,88400,88400000000,,,0,,N,N,Y,148,104,26,26,2.53,20260630.0,1758,,N,N,N
377300,KR7377300009,카카오페이,ST,1.0,21,0,0,,N,,6,Y,N,Y,,N,N,,,,,N,,,0,,,N,,,,,,39600,1,1,N,N,N,0,N,N,N,0,0,0,100,N,90,123426,500,20211103,135300,67650311000,12.0,,0,,N,Y,Y,6354,908,1006,843,4.56,20260630.0,53579,KAO,N,N,N
377740,KR7377740006,바이오노트,ST,3.0,27,9,0,,N,,0,N,N,N,,N,N,,,,,N,,,0,,,N,,,,,,4700,1,1,N,N,N,0,N,N,N,0,0,0,40,Y,90,62116,500,20221222,101886,51268024000,12.0,,0,,N,N,Y,689,148,677,504,-7.79,20260630.0,4788,,N,N,N
377990,KR7377990007,TIGER Fn신재생에너지,EF,,0,0,0,N,N,,0,N,N,N,2.0,N,N,,,,,N,,,0,,,Y,,,,,,25225,1,1,N,N,N,0,N,N,N,0,0,0,100,N,90,112004,0,20210305,4900,0,12.0,,0,,N,N,N,0,0,0,0,0.0,,1236,,N,N,N
378850,KR7378850002,화승알앤에이,ST,3.0,27,15,0,,N,,0,N,N,N,,N,N,,,,,N,,,0,,,N,,,,,,2815,1,1,N,N,N,0,N,N,N,0,0,0,100,N,90,7676,500,20210315,18993,9496811500,12.0,,0,,N,N,Y,3859,196,261,191,20.95,20260630.0,534,,N,N,N
379780,KR7379780000,RISE 미국S&P500,EF,,0,0,0,N,N,,0,N,N,N,2.0,N,N,,,,,N,,,0,,,Y,,,,,,22695,1,1,N,N,N,0,N,N,N,0,0,0,40,Y,90,310473,0,20210409,65900,0,12.0,,0,,N,N,N,0,0,0,0,0.0,,14956,,N,N,N
379790,KR7379790009,RISE 유로스탁스50(H),EF,,0,0,0,N,N,,0,N,N,N,2.0,N,N,,,,,N,,,0,,,Y,,,,,,16880,1,1,N,N,N,0,N,N,N,0,0,0,100,N,90,6679,0,20210409,1150,0,12.0,,0,,N,N,N,0,0,0,0,0.0,,194,,N,N,N
379800,KR7379800006,KODEX 미국S&P500,EF,,0,0,0,N,N,,0,N,N,N,2.0,N,N,,,,,N,,,0,,,Y,,,,,,23655,1,1,N,N,N,0,N,N,N,0,0,0,40,Y,90,23217444,0,20210409,443800,0,12.0,,0,,N,N,N,0,0,0,0,0.0,,104980,,N,N,N
379810,KR7379810005,KODEX 미국나스닥100,EF,,0,0,0,N,N,,0,N,N,N,2.0,N,N,,,,,N,,,0,,,Y,,,,,,27710,1,1,N,N,N,0,N,N,N,0,0,0,40,Y,90,18605188,0,20210409,370950,0,12.0,,0,,N,N,N,0,0,0,0,0.0,,102790,,N,N,N
380340,KR7380340000,ACE 코리아AI테크핵심산업,EF,,0,0,0,N,N,,0,N,N,N,2.0,N,N,,,,,N,,,0,,,Y,,,,,,28600,1,1,N,N,N,0,N,N,N,0,0,0,100,N,90,6224,0,20210402,1200,0,12.0,,0,,N,N,N,0,0,0,0,0.0,,343,,N,N,N
381170,KR7381170000,TIGER 미국테크TOP10 INDXX,EF,,0,0,0,N,N,,0,N,N,N,2.0,N,N,,,,,N,,,0,,,Y,,,,,,31925,1,1,N,N,N,0,N,N,N,0,0,0,40,Y,90,486162,0,20210409,123800,0,12.0,,0,,N,N,N,0,0,0,0,0.0,,39523,,N,N,N
381180,KR7381180009,TIGER 미국필라델피아반도체나스닥,EF,,0,0,0,N,N,,0,N,N,N,2.0,N,N,,,,,N,,,0,,,Y,,,,,,46015,1,1,N,N,N,0,N,N,N,0,0,0,40,Y,90,1209871,0,20210409,136550,0,12.0,,0,,N,N,N,0,0,0,0,0.0,,62833,,N,N,N
381560,KR7381560002,HANARO Fn전기&수소차,EF,,0,0,0,N,N,,0,N,N,N,2.0,N,N,,,,,N,,,0,,,Y,,,,,,17770,1,1,N,N,N,0,N,N,N,0,0,0,100,N,90,5635,0,20210402,1050,0,12.0,,0,,N,N,N,0,0,0,0,0.0,,186,,N,N,N
381570,KR7381570001,HANARO Fn친환경에너지,EF,,0,0,0,N,N,,0,N,N,N,2.0,N,N,,,,,N,,,0,,,Y,,,,,,10755,1,1,N,N,N,0,N,N,N,0,0,0,100,N,90,14667,0,20210402,850,0,12.0,,0,,N,N,N,0,0,0,0,0.0,,91,,N,N,N
381970,KR7381970003,KG모빌리티플랫폼,ST,3.0,16,0,0,,N,,0,N,N,N,,N,N,,,,,N,,,0,,,N,,,,,,6280,1,1,N,N,N,0,N,N,N,0,0,0,50,Y,90,56398,500,20211013,48820,24410424000,12.0,,0,,N,N,Y,0,0,0,0,0.0,20250930.0,3065,,N,N,N
383220,KR7383220001,F&F,ST,2.0,27,6,0,,N,,8,N,N,Y,,N,N,,,,,N,,,0,,,N,,,,,,74100,1,1,N,N,N,0,N,N,N,0,0,0,40,Y,90,56120,100,20210521,38307,3830707500,12.0,,0,,N,Y,Y,9605,2400,3614,2705,28.34,20260630.0,28385,,N,N,N
383800,KR7383800000,LX홀딩스,ST,2.0,21,0,0,,N,,0,N,N,N,,N,N,,,,,N,,,0,,,N,,,,,,8010,1,1,N,N,N,0,N,N,N,0,0,0,40,Y,90,63167,1000,20210527,76280,76280690000,12.0,,0,,N,N,Y,1271,1019,982,941,5.7,20260630.0,6110,LD1,N,N,N
38380K,KR738380K012,LX홀딩스1우,ST,0.0,21,0,0,,N,,0,N,N,N,,N,N,,,,,N,,,0,,,N,,,,,,7670,1,1,N,N,N,0,N,N,N,0,0,0,100,N,90,219,1000,20210527,1465,1465285000,12.0,,9,,N,N,N,0,0,0,0,0.0,,112,,N,N,N
385510,KR7385510003,KODEX 신재생에너지액티브,EF,,0,0,0,N,N,,0,N,N,N,2.0,N,N,,,,,N,,,0,,,Y,,,,,,41215,1,1,N,N,N,0,N,N,N,0,0,0,100,N,90,113587,0,20210525,8650,0,12.0,,0,,N,N,N,0,0,0,0,0.0,,3565,,N,N,N
385520,KR7385520002,KODEX 자율주행액티브,EF,,0,0,0,N,N,,0,N,N,N,2.0,N,N,,,,,N,,,0,,,Y,,,,,,16315,1,1,N,N,N,0,N,N,N,0,0,0,100,N,90,4906,0,20210525,2150,0,12.0,,0,,N,N,N,0,0,0,0,0.0,,350,,N,N,N
385540,KR7385540000,RISE 종합채권(A-이상)액티브,EF,,0,0,0,N,N,,0,N,N,N,2.0,N,N,,,,,N,,,0,,,Y,,,,,,103555,1,1,N,N,N,0,N,N,N,0,0,0,50,Y,90,3375,0,20210526,20980,0,12.0,,0,,N,N,N,0,0,0,0,0.0,,21725,,N,N,N
385550,KR7385550009,RISE 단기채권알파액티브,EF,,0,0,0,N,N,,0,N,N,N,2.0,N,N,,,,,N,,,0,,,Y,,,,,,114390,1,1,N,N,N,0,N,N,N,0,0,0,100,N,90,22668,0,20210526,3757,0,12.0,,0,,N,N,N,0,0,0,0,0.0,,4297,,N,N,N
385560,KR7385560008,RISE KIS국고채30년Enhanced,EF,,0,0,0,N,N,,0,N,N,N,2.0,N,N,,,,,N,,,0,,,Y,,,,,,51720,1,1,N,N,N,0,N,N,N,0,0,0,40,Y,90,20128,0,20210526,8231,0,12.0,,0,,N,N,N,0,0,0,0,0.0,,4257,,N,N,N
385590,KR7385590005,ACE ESG액티브,EF,,0,0,0,N,N,,0,N,N,N,2.0,N,N,,,,,N,,,0,,,Y,,,,,,23970,1,1,N,N,N,0,N,N,N,0,0,0,100,N,90,3233,0,20210525,2300,0,12.0,,0,,N,N,N,0,0,0,0,0.0,,551,,N,N,N
385600,KR7385600002,ACE 2차전지&친환경차액티브,EF,,0,0,0,N,N,,0,N,N,N,2.0,N,N,,,,,N,,,0,,,Y,,,,,,12025,1,1,N,N,N,0,N,N,N,0,0,0,100,N,90,8713,0,20210525,1500,0,12.0,,0,,N,N,N,0,0,0,0,0.0,,180,,N,N,N
385710,KR7385710009,TIME K이노베이션액티브,EF,,0,0,0,N,N,,0,N,N,N,2.0,N,N,,,,,N,,,0,,,Y,,,,,,10630,1,1,N,N,N,0,N,N,N,0,0,0,100,N,90,1935,0,20210525,1000,0,12.0,,0,,N,N,N,0,0,0,0,0.0,,106,,N,N,N
385720,KR7385720008,TIME 코스피액티브,EF,,0,0,0,N,N,,0,N,N,N,2.0,N,N,,,,,N,,,0,,,Y,,,,,,25520,1,1,N,N,N,0,N,N,N,0,0,0,50,Y,90,21135,0,20210525,15200,0,12.0,,0,,N,N,N,0,0,0,0,0.0,,3879,,N,N,N
387270,KR7387270002,TIGER 글로벌이노베이션액티브,EF,,0,0,0,N,N,,0,N,N,N,2.0,N,N,,,,,N,,,0,,,Y,,,,,,26480,1,1,N,N,N,0,N,N,N,0,0,0,100,N,90,168,0,20210525,1160,0,12.0,,0,,N,N,N,0,0,0,0,0.0,,307,,N,N,N
387280,KR7387280001,TIGER 퓨처모빌리티액티브,EF,,0,0,0,N,N,,0,N,N,N,2.0,N,N,,,,,N,,,0,,,Y,,,,,,11990,1,1,N,N,N,0,N,N,N,0,0,0,100,N,90,12221,0,20210525,1270,0,12.0,,0,,N,N,N,0,0,0,0,0.0,,152,,N,N,N
388280,KR7388280000,RISE K엔터&여행레저,EF,,0,0,0,N,N,,0,N,N,N,2.0,N,N,,,,,N,,,0,,,Y,,,,,,6960,1,1,N,N,N,0,N,N,N,0,0,0,100,N,90,8949,0,20210610,3240,0,12.0,,0,,N,N,N,0,0,0,0,0.0,,225,,N,N,N
388420,KR7388420002,RISE 비메모리반도체액티브,EF,,0,0,0,N,N,,0,N,N,N,2.0,N,N,,,,,N,,,0,,,Y,,,,,,30725,1,1,N,N,N,0,N,N,N,0,0,0,100,N,90,63335,0,20210610,8660,0,12.0,,0,,N,N,N,0,0,0,0,0.0,,2660,,N,N,N
390390,KR7390390003,KODEX 미국반도체,EF,,0,0,0,N,N,,0,N,N,N,2.0,N,N,,,,,N,,,0,,,Y,,,,,,57615,1,1,N,N,N,0,N,N,N,0,0,0,40,Y,90,507929,0,20210630,24200,0,12.0,,0,,N,N,N,0,0,0,0,0.0,,13942,,N,N,N
390400,KR7390400000,KODEX 미국스마트모빌리티S&P,EF,,0,0,0,N,N,,0,N,N,N,2.0,N,N,,,,,N,,,0,,,Y,,,,,,6545,1,1,N,N,N,0,N,N,N,0,0,0,100,N,90,109,0,20210630,800,0,12.0,,0,,N,N,N,0,0,0,0,0.0,,52,,N,N,N
391600,KR7391600004,ACE 미국친환경그린테마,EF,,0,0,0,N,N,,0,N,N,N,2.0,N,N,,,,,N,,,0,,,Y,,,,,,9995,1,1,N,N,N,0,N,N,N,0,0,0,100,N,90,178,0,20210805,450,0,12.0,,0,,N,N,N,0,0,0,0,0.0,,44,,N,N,N
391670,KR7391670007,HK 베스트일레븐액티브,EF,,0,0,0,N,N,,0,N,N,N,2.0,N,N,,,,,N,,,0,,,Y,,,,,,29075,1,1,N,N,N,0,N,N,N,0,0,0,100,N,90,1030,0,20210706,600,0,12.0,,0,,N,N,N,0,0,0,0,0.0,,174,,N,N,N
394660,KR7394660005,TIGER 글로벌자율주행&전기차SOLACTIVE,EF,,0,0,0,N,N,,0,N,N,N,2.0,N,N,,,,,N,,,0,,,Y,,,,,,15000,1,1,N,N,N,0,N,N,N,0,0,0,100,N,90,2806,0,20210720,6560,0,12.0,,0,,N,N,N,0,0,0,0,0.0,,984,,N,N,N
394670,KR7394670004,TIGER 글로벌리튬&2차전지SOLACTIVE(합성),EF,,0,0,0,N,N,,0,N,N,N,2.0,N,N,,,,,N,,,0,,,Y,,,,,,10440,1,1,N,N,N,0,N,N,N,0,0,0,100,N,90,11046,0,20210720,14600,0,12.0,,0,,N,N,N,0,0,0,0,0.0,,1524,,N,N,N
395150,KR7395150006,KODEX 웹툰&드라마,EF,,0,0,0,N,N,,0,N,N,N,2.0,N,N,,,,,N,,,0,,,Y,,,,,,1820,1,1,N,N,N,0,N,N,N,0,0,0,100,N,90,24828,0,20210730,4900,0,12.0,,0,,N,N,N,0,0,0,0,0.0,,89,,N,N,N
395160,KR7395160005,KODEX AI반도체TOP2플러스,EF,,0,0,0,N,N,,0,N,N,N,2.0,N,N,,,,,N,,,0,,,Y,,,,,,42250,1,1,N,N,N,0,N,N,N,0,0,0,40,Y,90,2940844,0,20210730,98800,0,12.0,,0,,N,N,N,0,0,0,0,0.0,,41743,,N,N,Y
395170,KR7395170004,KODEX Top10동일가중,EF,,0,0,0,N,N,,0,N,N,N,2.0,N,N,,,,,N,,,0,,,Y,,,,,,15355,1,1,N,N,N,0,N,N,N,0,0,0,100,N,90,10138,0,20210730,2000,0,12.0,,0,,N,N,N,0,0,0,0,0.0,,307,,N,N,N
395270,KR7395270002,HANARO Fn K-반도체,EF,,0,0,0,N,N,,0,N,N,N,2.0,N,N,,,,,N,,,0,,,Y,,,,,,60230,1,1,N,N,N,0,N,N,N,0,0,0,40,Y,90,1238587,0,20210730,61750,0,12.0,,0,,N,N,N,0,0,0,0,0.0,,37192,,N,N,N
395280,KR7395280001,HANARO Fn K-게임,EF,,0,0,0,N,N,,0,N,N,N,2.0,N,N,,,,,N,,,0,,,Y,,,,,,3460,1,1,N,N,N,0,N,N,N,0,0,0,100,N,90,13768,0,20210730,2350,0,12.0,,0,,N,N,N,0,0,0,0,0.0,,81,,N,N,N
395290,KR7395290000,HANARO Fn K-POP&미디어,EF,,0,0,0,N,N,,0,N,N,N,2.0,N,N,,,,,N,,,0,,,Y,,,,,,4900,1,1,N,N,N,0,N,N,N,0,0,0,100,N,90,88207,0,20210730,6400,0,12.0,,0,,N,N,N,0,0,0,0,0.0,,313,,N,N,N
395400,KR7395400005,SK리츠,RT,2.0,28,0,0,,N,,0,N,N,N,,N,N,,,,,N,,,0,,,Y,,,,,,5320,1,1,N,N,N,0,N,N,N,0,0,0,100,N,90,145402,500,20210914,301017,150508810000,,,0,,N,N,Y,802,717,384,384,5.63,20260630.0,16014,535,N,N,N
395750,KR7395750003,PLUS ESG가치주액티브,EF,,0,0,0,N,N,,0,N,N,N,2.0,N,N,,,,,N,,,0,,,Y,,,,,,20545,1,1,N,N,N,0,N,N,N,0,0,0,100,N,90,15,0,20210730,400,0,12.0,,0,,N,N,N,0,0,0,0,0.0,,82,,N,N,N
395760,KR7395760002,PLUS ESG성장주액티브,EF,,0,0,0,N,N,,0,N,N,N,2.0,N,N,,,,,N,,,0,,,Y,,,,,,21650,1,1,N,N,N,0,N,N,N,0,0,0,100,N,90,36,0,20210730,550,0,12.0,,0,,N,N,N,0,0,0,0,0.0,,119,,N,N,N
396500,KR7396500001,TIGER 반도체TOP10,EF,,0,0,0,N,N,,0,N,N,N,2.0,N,N,,,,,N,,,0,,,Y,,,,,,38875,1,1,N,N,N,0,N,N,N,0,0,0,40,Y,90,7000872,0,20210810,263550,0,12.0,,0,,N,N,N,0,0,0,0,0.0,,102455,,N,N,Y
396510,KR7396510000,TIGER 차이나클린에너지SOLACTIVE,EF,,0,0,0,N,N,,0,N,N,N,2.0,N,N,,,,,N,,,0,,,Y,,,,,,6540,1,1,N,N,N,0,N,N,N,0,0,0,100,N,90,437,0,20210810,1800,0,12.0,,0,,N,N,N,0,0,0,0,0.0,,117,,N,N,N
396520,KR7396520009,TIGER 차이나반도체FACTSET,EF,,0,0,0,N,N,,0,N,N,N,2.0,N,N,,,,,N,,,0,,,Y,,,,,,12000,1,1,N,N,N,0,N,N,N,0,0,0,100,N,90,94782,0,20210810,41280,0,12.0,,0,,N,N,N,0,0,0,0,0.0,,4953,,N,N,N
396690,KR7396690000,미래에셋글로벌리츠,RT,3.0,28,0,0,,N,,0,N,N,N,,N,N,,,,,N,,,0,,,Y,,,,,,1325,1,1,N,N,N,0,N,N,N,0,0,0,100,N,90,38633,1000,20211203,39605,39605940000,,,0,,N,N,Y,59,28,-78,-78,-11.41,20260630.0,524,,N,N,N
399110,KR7399110006,SOL 미국S&P500ESG,EF,,0,0,0,N,N,,0,N,N,N,2.0,N,N,,,,,N,,,0,,,Y,,,,,,20530,1,1,N,N,N,0,N,N,N,0,0,0,100,N,90,9803,0,20210914,5700,0,12.0,,0,,N,N,N,0,0,0,0,0.0,,1170,,N,N,N
399580,KR7399580000,RISE 글로벌클린에너지,EF,,0,0,0,N,N,,0,N,N,N,2.0,N,N,,,,,N,,,0,,,Y,,,,,,9210,1,1,N,N,N,0,N,N,N,0,0,0,100,N,90,5321,0,20211021,1000,0,12.0,,0,,N,N,N,0,0,0,0,0.0,,92,,N,N,N
400570,KR7400570008,KODEX 유럽탄소배출권선물ICE(H),EF,,0,0,0,N,N,,0,N,N,N,2.0,N,N,,,,,N,,,0,,,N,,,,,,11560,1,1,N,N,N,0,N,N,N,0,0,0,100,N,90,1190,0,20210930,1010,0,12.0,,0,,N,N,N,0,0,0,0,0.0,,116,,N,N,N
400580,KR7400580007,SOL 유럽탄소배출권선물S&P(H),EF,,0,0,0,N,N,,0,N,N,N,2.0,N,N,,,,,N,,,0,,,N,,,,,,11855,1,1,N,N,N,0,N,N,N,0,0,0,100,N,90,77,0,20210930,500,0,12.0,,0,,N,N,N,0,0,0,0,0.0,,59,,N,N,N
400590,KR7400590006,SOL 글로벌탄소배출권선물ICE(합성),EF,,0,0,0,N,N,,0,N,N,N,2.0,N,N,,,,,N,,,0,,,Y,,,,,,13535,1,1,N,N,N,0,N,N,N,0,0,0,100,N,90,167,0,20210930,500,0,12.0,,0,,N,N,N,0,0,0,0,0.0,,67,,N,N,N
400760,KR7400760005,NH올원리츠,RT,3.0,28,0,0,,N,,0,N,N,N,,N,N,,,,,N,,,0,,,Y,,,,,,2815,1,1,N,N,N,0,N,N,N,0,0,0,100,N,90,31467,500,20211118,54929,27464637500,,,0,,N,N,Y,266,150,-18,-18,-0.24,20260630.0,1546,,N,N,N
400970,KR7400970000,TIGER Fn메타버스,EF,,0,0,0,N,N,,0,N,N,N,2.0,N,N,,,,,N,,,0,,,Y,,,,,,7225,1,1,N,N,N,0,N,N,N,0,0,0,100,N,90,3038,0,20211013,5000,0,12.0,,0,,N,N,N,0,0,0,0,0.0,,361,,N,N,N
401170,KR7401170006,RISE 메타버스,EF,,0,0,0,N,N,,0,N,N,N,2.0,N,N,,,,,N,,,0,,,Y,,,,,,10655,1,1,N,N,N,0,N,N,N,0,0,0,100,N,90,5183,0,20211013,3840,0,12.0,,0,,N,N,N,0,0,0,0,0.0,,409,,N,N,N
401470,KR7401470000,KODEX 메타버스액티브,EF,,0,0,0,N,N,,0,N,N,N,2.0,N,N,,,,,N,,,0,,,Y,,,,,,9320,1,1,N,N,N,0,N,N,N,0,0,0,100,N,90,7785,0,20211013,5750,0,12.0,,0,,N,N,N,0,0,0,0,0.0,,535,,N,N,N
401590,KR7401590005,HANARO 글로벌탄소배출권선물ICE(합성),EF,,0,0,0,N,N,,0,N,N,N,2.0,N,N,,,,,N,,,0,,,Y,,,,,,10775,1,1,N,N,N,0,N,N,N,0,0,0,100,N,90,2,0,20210930,510,0,12.0,,0,,N,N,N,0,0,0,0,0.0,,54,,N,N,N
402340,KR7402340004,SK스퀘어,ST,1.0,21,0,0,,N,,5,Y,Y,Y,,Y,Y,,,,,N,,,0,,,N,,,,,,1142000,1,1,N,N,N,0,N,N,N,0,0,0,40,Y,90,545346,100,20211129,131923,14146757100,12.0,,0,,N,Y,Y,282412,275137,285974,27049,85.62,20260630.0,1506572,535,N,N,Y
402460,KR7402460000,HANARO Fn K-메타버스MZ,EF,,0,0,0,N,N,,0,N,N,N,2.0,N,N,,,,,N,,,0,,,Y,,,,,,14600,1,1,N,N,N,0,N,N,N,0,0,0,100,N,90,2039,0,20211013,500,0,12.0,,0,,N,N,N,0,0,0,0,0.0,,73,,N,N,N
402970,KR7402970008,ACE 미국배당다우존스,EF,,0,0,0,N,N,,0,N,N,N,2.0,N,N,,,,,N,,,0,,,Y,,,,,,14230,1,1,N,N,N,0,N,N,N,0,0,0,40,Y,90,202322,0,20211021,64700,0,12.0,,0,,N,N,N,0,0,0,0,0.0,,9206,,N,N,N
403550,KR7403550007,쏘카,ST,3.0,26,0,0,,N,,0,N,N,N,,N,N,,,,,N,,,0,,,N,,,,,,11500,1,1,N,N,N,0,N,N,N,0,0,0,100,N,90,19146,100,20220822,37939,3793994200,12.0,,0,,N,N,Y,2181,82,-23,-23,-7.74,20260630.0,4363,,N,N,N
403790,KR7403790009,MIDAS 코스피액티브,EF,,0,0,0,N,N,,0,N,N,N,2.0,N,N,,,,,N,,,0,,,Y,,,,,,57590,1,1,N,N,N,0,N,N,N,0,0,0,100,N,90,125,0,20211013,2925,0,12.0,,0,,N,N,N,0,0,0,0,0.0,,1684,,N,N,N
404120,KR7404120008,TIME K신재생에너지액티브,EF,,0,0,0,N,N,,0,N,N,N,2.0,N,N,,,,,N,,,0,,,Y,,,,,,25585,1,1,N,N,N,0,N,N,N,0,0,0,100,N,90,3890,0,20211029,800,0,12.0,,0,,N,N,N,0,0,0,0,0.0,,204,,N,N,N
404260,KR7404260002,KODEX 기후변화솔루션,EF,,0,0,0,N,N,,0,N,N,N,2.0,N,N,,,,,N,,,0,,,Y,,,,,,24365,1,1,N,N,N,0,N,N,N,0,0,0,100,N,90,438,0,20211029,800,0,12.0,,0,,N,N,N,0,0,0,0,0.0,,194,,N,N,N
404540,KR7404540007,TIGER KRX기후변화솔루션,EF,,0,0,0,N,N,,0,N,N,N,2.0,N,N,,,,,N,,,0,,,Y,,,,,,24395,1,1,N,N,N,0,N,N,N,0,0,0,100,N,90,773,0,20211029,500,0,12.0,,0,,N,N,N,0,0,0,0,0.0,,121,,N,N,N
404650,KR7404650004,SOL KRX기후변화솔루션,EF,,0,0,0,N,N,,0,N,N,N,2.0,N,N,,,,,N,,,0,,,Y,,,,,,24120,1,1,N,N,N,0,N,N,N,0,0,0,100,N,90,1157,0,20211029,600,0,12.0,,0,,N,N,N,0,0,0,0,0.0,,144,,N,N,N
404990,KR7404990004,신한서부티엔디리츠,RT,3.0,28,0,0,,N,,0,N,N,N,,N,N,,,,,N,,,0,,,Y,,,,,,3860,1,1,N,N,N,0,N,N,N,0,0,0,100,N,90,38176,1000,20211210,61627,61627860000,,,0,,N,N,Y,572,429,278,278,9.81,20260630.0,2378,,N,N,N
407300,KR7407300003,HANARO Fn골프테마,EF,,0,0,0,N,N,,0,N,N,N,2.0,N,N,,,,,N,,,0,,,Y,,,,,,10180,1,1,N,N,N,0,N,N,N,0,0,0,100,N,90,0,0,20211124,550,0,12.0,,0,,N,N,N,0,0,0,0,0.0,,55,,N,N,N
407310,KR7407310002,HANARO 200 TOP10,EF,,0,0,0,N,N,,0,N,N,N,2.0,N,N,,,,,N,,,0,,,Y,,,,,,16035,1,1,N,N,N,0,N,N,N,0,0,0,100,N,90,2053,0,20211124,1100,0,12.0,,0,,N,N,N,0,0,0,0,0.0,,176,,N,N,N
407820,KR7407820000,에셋플러스 코리아플랫폼액티브,EF,,0,0,0,N,N,,0,N,N,N,2.0,N,N,,,,,N,,,0,,,Y,,,,,,6090,1,1,N,N,N,0,N,N,N,0,0,0,100,N,90,364,0,20211116,1800,0,12.0,,0,,N,N,N,0,0,0,0,0.0,,109,,N,N,N
407830,KR7407830009,에셋플러스 글로벌플랫폼액티브,EF,,0,0,0,N,N,,0,N,N,N,2.0,N,N,,,,,N,,,0,,,Y,,,,,,14685,1,1,N,N,N,0,N,N,N,0,0,0,100,N,90,230,0,20211116,2400,0,12.0,,0,,N,N,N,0,0,0,0,0.0,,352,,N,N,N
409810,KR7409810009,KODEX 미국나스닥100선물인버스(H),EF,,0,0,0,N,N,,0,N,N,N,2.0,N,N,,,,,N,,,0,,,N,,,,,,5255,1,1,N,N,N,0,N,N,N,0,0,0,100,N,90,43162,0,20211209,2250,0,12.0,,0,,N,N,N,0,0,0,0,0.0,,118,,N,N,N
409820,KR7409820008,KODEX 미국나스닥100레버리지(합성 H),EF,,0,0,0,N,N,,0,N,N,N,2.0,N,N,,,,,N,,,0,,,N,,,,,,22225,1,1,N,N,N,0,N,N,N,0,0,0,100,N,90,82671,0,20211209,12350,0,12.0,,0,,N,N,N,0,0,0,0,0.0,,2744,,N,N,N
410870,KR7410870000,TIME K컬처액티브,EF,,0,0,0,N,N,,0,N,N,N,2.0,N,N,,,,,N,,,0,,,Y,,,,,,9160,1,1,N,N,N,0,N,N,N,0,0,0,100,N,90,13195,0,20211215,1200,0,12.0,,0,,N,N,N,0,0,0,0,0.0,,109,,N,N,N
411060,KR7411060007,ACE KRX금현물,EF,,0,0,0,N,N,,0,N,N,N,2.0,N,N,,,,,N,,,0,,,Y,,,,,,24880,1,1,N,N,N,0,N,N,N,0,0,0,100,N,90,980174,0,20211215,149800,0,12.0,,0,,N,N,N,0,0,0,0,0.0,,37270,,N,N,N
411420,KR7411420003,KODEX 미국나스닥AI테크액티브,EF,,0,0,0,N,N,,0,N,N,N,2.0,N,N,,,,,N,,,0,,,Y,,,,,,27740,1,1,N,N,N,0,N,N,N,0,0,0,100,N,90,9475,0,20211222,4700,0,12.0,,0,,N,N,N,0,0,0,0,0.0,,1303,,N,N,N
411540,KR7411540008,SOL 200 Top10,EF,,0,0,0,N,N,,0,N,N,N,2.0,N,N,,,,,N,,,0,,,Y,,,,,,16365,1,1,N,N,N,0,N,N,N,0,0,0,100,N,90,9894,0,20211209,1300,0,12.0,,0,,N,N,N,0,0,0,0,0.0,,212,,N,N,N
411860,KR7411860000,KIWOOM 독일DAX,EF,,0,0,0,N,N,,0,N,N,N,2.0,N,N,,,,,N,,,0,,,Y,,,,,,15620,1,1,N,N,N,0,N,N,N,0,0,0,100,N,90,1901,0,20211222,300,0,12.0,,0,,N,N,N,0,0,0,0,0.0,,46,,N,N,N
412560,KR7412560005,TIGER BBIG레버리지,EF,,0,0,0,N,N,,0,N,N,N,2.0,N,N,,,,,N,,,0,,,N,,,,,,1645,1,1,N,N,N,0,N,N,N,0,0,0,100,N,90,7648,0,20211215,650,0,12.0,,0,,N,N,N,0,0,0,0,0.0,,10,,N,N,N
412570,KR7412570004,TIGER 2차전지TOP10레버리지,EF,,0,0,0,N,N,,0,N,N,N,2.0,N,N,,,,,N,,,0,,,N,,,,,,1304,1,1,N,N,N,0,N,N,N,0,0,0,100,N,90,7695966,0,20211215,151050,0,12.0,,0,,N,N,N,0,0,0,0,0.0,,1969,,N,N,N
412770,KR7412770000,TIGER 글로벌AI플랫폼액티브,EF,,0,0,0,N,N,,0,N,N,N,2.0,N,N,,,,,N,,,0,,,Y,,,,,,13060,1,1,N,N,N,0,N,N,N,0,0,0,100,N,90,2281,0,20211222,5690,0,12.0,,0,,N,N,N,0,0,0,0,0.0,,743,,N,N,N
413220,KR7413220005,SOL 차이나태양광CSI(합성),EF,,0,0,0,N,N,,0,N,N,N,2.0,N,N,,,,,N,,,0,,,Y,,,,,,4125,1,1,N,N,N,0,N,N,N,0,0,0,100,N,90,123,0,20211222,1200,0,12.0,,0,,N,N,N,0,0,0,0,0.0,,49,,N,N,N
413930,KR7413930009,WON AI ESG액티브,EF,,0,0,0,N,N,,0,N,N,N,2.0,N,N,,,,,N,,,0,,,Y,,,,,,27390,1,1,N,N,N,0,N,N,N,0,0,0,100,N,90,5224,0,20220105,550,0,12.0,,0,,N,N,N,0,0,0,0,0.0,,150,,N,N,N
414270,KR7414270009,ACE 글로벌자율주행액티브,EF,,0,0,0,N,N,,0,N,N,N,2.0,N,N,,,,,N,,,0,,,Y,,,,,,11175,1,1,N,N,N,0,N,N,N,0,0,0,100,N,90,26687,0,20220215,2150,0,12.0,,0,,N,N,N,0,0,0,0,0.0,,240,,N,N,N
414780,KR7414780007,TIGER 차이나과창판STAR50(합성),EF,,0,0,0,N,N,,0,N,N,N,2.0,N,N,,,,,N,,,0,,,Y,,,,,,12425,1,1,N,N,N,0,N,N,N,0,0,0,100,N,90,16436,0,20220113,14300,0,12.0,,0,,N,N,N,0,0,0,0,0.0,,1776,,N,N,N
415340,KR7415340009,KODEX 차이나과창판STAR50(합성),EF,,0,0,0,N,N,,0,N,N,N,2.0,N,N,,,,,N,,,0,,,Y,,,,,,12750,1,1,N,N,N,0,N,N,N,0,0,0,100,N,90,2060,0,20220113,2070,0,12.0,,0,,N,N,N,0,0,0,0,0.0,,263,,N,N,N
415640,KR7415640002,KB발해인프라,IF,2.0,21,0,0,,N,,0,N,N,N,,N,N,,,,,N,,,0,,,Y,,,,,,10040,1,1,N,N,N,0,N,N,N,0,0,0,50,Y,90,76155,0,20241129,122545,825615834098,,,0,,N,N,Y,0,0,0,0,0.0,,12303,,N,N,N
415760,KR7415760008,SOL 차이나육성산업액티브(합성),EF,,0,0,0,N,N,,0,N,N,N,2.0,N,N,,,,,N,,,0,,,Y,,,,,,11795,1,1,N,N,N,0,N,N,N,0,0,0,100,N,90,3490,0,20220113,1360,0,12.0,,0,,N,N,N,0,0,0,0,0.0,,160,,N,N,N
415920,KR7415920008,PLUS 글로벌희토류&전략자원생산기업,EF,,0,0,0,N,N,,0,N,N,N,2.0,N,N,,,,,N,,,0,,,Y,,,,,,5810,1,1,N,N,N,0,N,N,N,0,0,0,100,N,90,32879,0,20220118,4750,0,12.0,,0,,N,N,N,0,0,0,0,0.0,,275,,N,N,N
416090,KR7416090009,ACE 중국과창판STAR50,EF,,0,0,0,N,N,,0,N,N,N,2.0,N,N,,,,,N,,,0,,,Y,,,,,,11455,1,1,N,N,N,0,N,N,N,0,0,0,100,N,90,9320,0,20220113,1600,0,12.0,,0,,N,N,N,0,0,0,0,0.0,,183,,N,N,N
417310,KR7417310000,코람코더원리츠,RT,3.0,28,0,0,,N,,0,N,N,N,,N,N,,,,,N,,,0,,,Y,,,,,,2380,1,1,N,N,N,0,N,N,N,0,0,0,100,N,90,90419,500,20220328,40400,20200000000,,,0,,N,N,Y,0,0,0,0,0.0,20251130.0,961,,N,N,N
417450,KR7417450004,RISE 글로벌수소경제,EF,,0,0,0,N,N,,0,N,N,N,2.0,N,N,,,,,N,,,0,,,Y,,,,,,15850,1,1,N,N,N,0,N,N,N,0,0,0,100,N,90,2785,0,20220215,800,0,12.0,,0,,N,N,N,0,0,0,0,0.0,,126,,N,N,N
417630,KR7417630001,TIGER KEDI혁신기업ESG30,EF,,0,0,0,N,N,,0,N,N,N,2.0,N,N,,,,,N,,,0,,,Y,,,,,,18835,1,1,N,N,N,0,N,N,N,0,0,0,100,N,90,281,0,20220208,1050,0,12.0,,0,,N,N,N,0,0,0,0,0.0,,197,,N,N,N
418660,KR7418660007,TIGER 미국나스닥100레버리지(합성),EF,,0,0,0,N,N,,0,N,N,N,2.0,N,N,,,,,N,,,0,,,N,,,,,,42080,1,1,N,N,N,0,N,N,N,0,0,0,100,N,90,166462,0,20220222,18500,0,12.0,,0,,N,N,N,0,0,0,0,0.0,,7784,,N,N,N
418670,KR7418670006,TIGER 글로벌AI사이버보안,EF,,0,0,0,N,N,,0,N,N,N,2.0,N,N,,,,,N,,,0,,,Y,,,,,,19800,1,1,N,N,N,0,N,N,N,0,0,0,100,N,90,212774,0,20220222,3560,0,12.0,,0,,N,N,N,0,0,0,0,0.0,,704,,N,N,N
419420,KR7419420005,KODEX 미국클린에너지나스닥,EF,,0,0,0,N,N,,0,N,N,N,2.0,N,N,,,,,N,,,0,,,Y,,,,,,8945,1,1,N,N,N,0,N,N,N,0,0,0,100,N,90,6626,0,20220322,1200,0,12.0,,0,,N,N,N,0,0,0,0,0.0,,107,,N,N,N
419430,KR7419430004,KODEX 차이나2차전지MSCI(합성),EF,,0,0,0,N,N,,0,N,N,N,2.0,N,N,,,,,N,,,0,,,Y,,,,,,7860,1,1,N,N,N,0,N,N,N,0,0,0,100,N,90,1712,0,20220322,2800,0,12.0,,0,,N,N,N,0,0,0,0,0.0,,220,,N,N,N
419650,KR7419650007,PLUS 글로벌수소&차세대연료전지,EF,,0,0,0,N,N,,0,N,N,N,2.0,N,N,,,,,N,,,0,,,Y,,,,,,4880,1,1,N,N,N,0,N,N,N,0,0,0,100,N,90,6674,0,20220215,3300,0,12.0,,0,,N,N,N,0,0,0,0,0.0,,161,,N,N,N
419890,KR7419890009,KIWOOM 단기채권ESG액티브,EF,,0,0,0,N,N,,0,N,N,N,2.0,N,N,,,,,N,,,0,,,Y,,,,,,107765,1,1,N,N,N,0,N,N,N,0,0,0,100,N,90,2207,0,20220303,580,0,12.0,,0,,N,N,N,0,0,0,0,0.0,,625,,N,N,N
421320,KR7421320003,PLUS 우주항공,EF,,0,0,0,N,N,,0,N,N,N,2.0,N,N,,,,,N,,,0,,,Y,,,,,,28665,1,1,N,N,N,0,N,N,N,0,0,0,100,N,90,136045,0,20220329,9550,0,12.0,,0,,N,N,N,0,0,0,0,0.0,,2737,,N,N,N
422420,KR7422420000,RISE 2차전지액티브,EF,,0,0,0,N,N,,0,N,N,N,2.0,N,N,,,,,N,,,0,,,Y,,,,,,7210,1,1,N,N,N,0,N,N,N,0,0,0,100,N,90,139497,0,20220408,32740,0,12.0,,0,,N,N,N,0,0,0,0,0.0,,2360,,N,N,N
423160,KR7423160001,KODEX KOFR금리액티브(합성),EF,,0,0,0,N,N,,0,N,N,N,2.0,N,N,,,,,N,,,0,,,Y,,,,,,110730,1,1,N,N,N,0,N,N,N,0,0,0,50,Y,90,145795,0,20220426,33392,0,12.0,,0,,N,N,N,0,0,0,0,0.0,,36974,,N,N,N
423170,KR7423170000,SOL 글로벌AI반도체탑픽액티브,EF,,0,0,0,N,N,,0,N,N,N,2.0,N,N,,,,,N,,,0,,,Y,,,,,,60195,1,1,N,N,N,0,N,N,N,0,0,0,100,N,90,18762,0,20220412,4540,0,12.0,,0,,N,N,N,0,0,0,0,0.0,,2732,,N,N,N
423920,KR7423920008,TIGER 미국필라델피아반도체레버리지(합성),EF,,0,0,0,N,N,,0,N,N,N,2.0,N,N,,,,,N,,,0,,,N,,,,,,95580,1,1,N,N,N,0,N,N,N,0,0,0,100,N,90,111629,0,20220419,6910,0,12.0,,0,,N,N,N,0,0,0,0,0.0,,6604,,N,N,N
426020,KR7426020004,TIME 미국S&P500액티브,EF,,0,0,0,N,N,,0,N,N,N,2.0,N,N,,,,,N,,,0,,,Y,,,,,,31915,1,1,N,N,N,0,N,N,N,0,0,0,100,N,90,39035,0,20220511,12740,0,12.0,,0,,N,N,N,0,0,0,0,0.0,,4065,,N,N,N
426030,KR7426030003,TIME 미국나스닥100액티브,EF,,0,0,0,N,N,,0,N,N,N,2.0,N,N,,,,,N,,,0,,,Y,,,,,,48605,1,1,N,N,N,0,N,N,N,0,0,0,50,Y,90,487380,0,20220511,55600,0,12.0,,0,,N,N,N,0,0,0,0,0.0,,27024,,N,N,N
426150,KR7426150009,WON 대한민국국고채액티브,EF,,0,0,0,N,N,,0,N,N,N,2.0,N,N,,,,,N,,,0,,,Y,,,,,,51605,1,1,N,N,N,0,N,N,N,0,0,0,100,N,90,51,0,20220511,582,0,12.0,,0,,N,N,N,0,0,0,0,0.0,,300,,N,N,N
427120,KR7427120001,RISE AI플랫폼,EF,,0,0,0,N,N,,0,N,N,N,2.0,N,N,,,,,N,,,0,,,Y,,,,,,5375,1,1,N,N,N,0,N,N,N,0,0,0,100,N,90,2644,0,20220517,620,0,12.0,,0,,N,N,N,0,0,0,0,0.0,,33,,N,N,N
428510,KR7428510002,KODEX 차이나AI테크액티브,EF,,0,0,0,N,N,,0,N,N,N,2.0,N,N,,,,,N,,,0,,,Y,,,,,,22490,1,1,N,N,N,0,N,N,N,0,0,0,100,N,90,3393,0,20220517,1700,0,12.0,,0,,N,N,N,0,0,0,0,0.0,,382,,N,N,N
428560,KR7428560007,KODEX 미국ETF산업Top10 Indxx,EF,,0,0,0,N,N,,0,N,N,N,2.0,N,N,,,,,N,,,0,,,Y,,,,,,15040,1,1,N,N,N,0,N,N,N,0,0,0,100,N,90,1716,0,20220517,750,0,12.0,,0,,N,N,N,0,0,0,0,0.0,,112,,N,N,N
429000,KR7429000003,TIGER 미국S&P500배당귀족,EF,,0,0,0,N,N,,0,N,N,N,2.0,N,N,,,,,N,,,0,,,Y,,,,,,12400,1,1,N,N,N,0,N,N,N,0,0,0,100,N,90,60605,0,20220517,14400,0,12.0,,0,,N,N,N,0,0,0,0,0.0,,1785,,N,N,N
429010,KR7429010002,TIGER 미국나스닥넥스트100,EF,,0,0,0,N,N,,0,N,N,N,2.0,N,N,,,,,N,,,0,,,Y,,,,,,19140,1,1,N,N,N,0,N,N,N,0,0,0,100,N,90,329,0,20220517,500,0,12.0,,0,,N,N,N,0,0,0,0,0.0,,95,,N,N,N
429740,KR7429740004,PLUS K리츠,EF,,0,0,0,N,N,,0,N,N,N,2.0,N,N,,,,,N,,,0,,,Y,,,,,,6045,1,1,N,N,N,0,N,N,N,0,0,0,100,N,90,2493,0,20220524,1000,0,12.0,,0,,N,N,N,0,0,0,0,0.0,,60,,N,N,N
429760,KR7429760002,PLUS 미국S&P500,EF,,0,0,0,N,N,,0,N,N,N,2.0,N,N,,,,,N,,,0,,,Y,,,,,,19360,1,1,N,N,N,0,N,N,N,0,0,0,100,N,90,7735,0,20220531,4000,0,12.0,,0,,N,N,N,0,0,0,0,0.0,,774,,N,N,N
429980,KR7429980006,SOL 한국형글로벌전기차&2차전지액티브,EF,,0,0,0,N,N,,0,N,N,N,2.0,N,N,,,,,N,,,0,,,Y,,,,,,17390,1,1,N,N,N,0,N,N,N,0,0,0,100,N,90,16923,0,20220614,500,0,12.0,,0,,N,N,N,0,0,0,0,0.0,,86,,N,N,N
430500,KR7430500009,KIWOOM 물가채KIS,EF,,0,0,0,N,N,,0,N,N,N,2.0,N,N,,,,,N,,,0,,,Y,,,,,,112855,1,1,N,N,N,0,N,N,N,0,0,0,100,N,90,83,0,20220531,100,0,12.0,,0,,N,N,N,0,0,0,0,0.0,,112,,N,N,N
432320,KR7432320000,KB스타리츠,RT,3.0,28,0,0,,N,,0,N,N,N,,N,N,,,,,N,,,0,,,Y,,,,,,1614,1,1,N,N,N,0,N,N,N,0,0,0,100,N,90,193773,500,20221006,150764,75382142500,,,0,,N,N,Y,163,100,26,26,-38.74,20260430.0,2433,,N,N,N
432600,KR7432600005,RISE 국채선물3년,EF,,0,0,0,N,N,,0,N,N,N,2.0,N,N,,,,,N,,,0,,,N,,,,,,55405,1,1,N,N,N,0,N,N,N,0,0,0,100,N,90,4,0,20220614,100,0,12.0,,0,,N,N,N,0,0,0,0,0.0,,55,,N,N,N
432840,KR7432840007,HANARO 미국S&P500,EF,,0,0,0,N,N,,0,N,N,N,2.0,N,N,,,,,N,,,0,,,Y,,,,,,19525,1,1,N,N,N,0,N,N,N,0,0,0,100,N,90,586,0,20220608,800,0,12.0,,0,,N,N,N,0,0,0,0,0.0,,156,,N,N,N
433220,KR7433220001,에셋플러스 글로벌대장장이액티브,EF,,0,0,0,N,N,,0,N,N,N,2.0,N,N,,,,,N,,,0,,,Y,,,,,,30060,1,1,N,N,N,0,N,N,N,0,0,0,100,N,90,191,0,20220628,740,0,12.0,,0,,N,N,N,0,0,0,0,0.0,,222,,N,N,N
433250,KR7433250008,UNICORN R&D 액티브,EF,,0,0,0,N,N,,0,N,N,N,2.0,N,N,,,,,N,,,0,,,Y,,,,,,23160,1,1,N,N,N,0,N,N,N,0,0,0,100,N,90,15,0,20220706,250,0,12.0,,0,,N,N,N,0,0,0,0,0.0,,57,,N,N,N
433330,KR7433330008,SOL 미국S&P500,EF,,0,0,0,N,N,,0,N,N,N,2.0,N,N,,,,,N,,,0,,,Y,,,,,,21700,1,1,N,N,N,0,N,N,N,0,0,0,100,N,90,57564,0,20220621,13900,0,12.0,,0,,N,N,N,0,0,0,0,0.0,,3016,,N,N,N
433500,KR7433500006,ACE 원자력TOP10,EF,,0,0,0,N,N,,0,N,N,N,2.0,N,N,,,,,N,,,0,,,Y,,,,,,55300,1,1,N,N,N,0,N,N,N,0,0,0,100,N,90,108107,0,20220628,3900,0,12.0,,0,,N,N,N,0,0,0,0,0.0,,2156,,N,N,N
433880,KR7433880002,PLUS TDF2060액티브 적격,EF,,0,0,0,N,N,,0,N,N,N,2.0,N,N,,,,,N,,,0,,,Y,,,,,,18295,1,1,N,N,N,0,N,N,N,0,0,0,100,N,90,8984,0,20220630,3650,0,12.0,,0,,N,N,N,0,0,0,0,0.0,,667,,N,N,N
433970,KR7433970001,KODEX TDF2030액티브 적격,EF,,0,0,0,N,N,,0,N,N,N,2.0,N,N,,,,,N,,,0,,,Y,,,,,,13915,1,1,N,N,N,0,N,N,N,0,0,0,100,N,90,23120,0,20220630,6850,0,12.0,,0,,N,N,N,0,0,0,0,0.0,,953,,N,N,N
433980,KR7433980000,KODEX TDF2040액티브 적격,EF,,0,0,0,N,N,,0,N,N,N,2.0,N,N,,,,,N,,,0,,,Y,,,,,,15755,1,1,N,N,N,0,N,N,N,0,0,0,100,N,90,38464,0,20220630,12350,0,12.0,,0,,N,N,N,0,0,0,0,0.0,,1945,,N,N,N
434060,KR7434060000,KODEX TDF2050액티브 적격,EF,,0,0,0,N,N,,0,N,N,N,2.0,N,N,,,,,N,,,0,,,Y,,,,,,16800,1,1,N,N,N,0,N,N,N,0,0,0,50,Y,90,74368,0,20220630,38000,0,12.0,,0,,N,N,N,0,0,0,0,0.0,,6384,,N,N,N
434730,KR7434730008,HANARO 원자력iSelect,EF,,0,0,0,N,N,,0,N,N,N,2.0,N,N,,,,,N,,,0,,,Y,,,,,,55850,1,1,N,N,N,0,N,N,N,0,0,0,40,Y,90,261909,0,20220628,11550,0,12.0,,0,,N,N,N,0,0,0,0,0.0,,6450,,N,N,N
434960,KR7434960001,DAISHIN K200,EF,,0,0,0,N,N,,0,N,N,N,2.0,N,N,,,,,N,,,0,,,Y,,,,,,109315,1,1,N,N,N,0,N,N,N,0,0,0,100,N,90,378,0,20220628,500,0,12.0,,0,,N,N,N,0,0,0,0,0.0,,546,,N,N,N
435040,KR7435040001,ACE 글로벌브랜드TOP10,EF,,0,0,0,N,N,,0,N,N,N,2.0,N,N,,,,,N,,,0,,,Y,,,,,,18715,1,1,N,N,N,0,N,N,N,0,0,0,100,N,90,484,0,20220628,550,0,12.0,,0,,N,N,N,0,0,0,0,0.0,,102,,N,N,N
435420,KR7435420005,TIGER 미국나스닥100채권혼합50,EF,,0,0,0,N,N,,0,N,N,N,2.0,N,N,,,,,N,,,0,,,Y,,,,,,14240,1,1,N,N,N,0,N,N,N,0,0,0,100,N,90,234579,0,20220706,36750,0,12.0,,0,,N,N,N,0,0,0,0,0.0,,5233,,N,N,N
435530,KR7435530001,KIWOOM TDF2030액티브 적격,EF,,0,0,0,N,N,,0,N,N,N,2.0,N,N,,,,,N,,,0,,,Y,,,,,,14850,1,1,N,N,N,0,N,N,N,0,0,0,100,N,90,116,0,20220630,500,0,12.0,,0,,N,N,N,0,0,0,0,0.0,,74,,N,N,N
435540,KR7435540000,KIWOOM TDF2040액티브 적격,EF,,0,0,0,N,N,,0,N,N,N,2.0,N,N,,,,,N,,,0,,,Y,,,,,,16740,1,1,N,N,N,0,N,N,N,0,0,0,100,N,90,1599,0,20220630,500,0,12.0,,0,,N,N,N,0,0,0,0,0.0,,83,,N,N,N
435550,KR7435550009,KIWOOM TDF2050액티브 적격,EF,,0,0,0,N,N,,0,N,N,N,2.0,N,N,,,,,N,,,0,,,Y,,,,,,17290,1,1,N,N,N,0,N,N,N,0,0,0,100,N,90,661,0,20220630,700,0,12.0,,0,,N,N,N,0,0,0,0,0.0,,121,,N,N,N
436140,KR7436140008,SOL 종합채권(AA-이상)액티브,EF,,0,0,0,N,N,,0,N,N,N,2.0,N,N,,,,,N,,,0,,,Y,,,,,,106825,1,1,N,N,N,0,N,N,N,0,0,0,50,Y,90,312,0,20220809,11936,0,12.0,,0,,N,N,N,0,0,0,0,0.0,,12750,,N,N,N
437070,KR7437070006,KODEX 아시아달러채권ESG플러스액티브,EF,,0,0,0,N,N,,0,N,N,N,2.0,N,N,,,,,N,,,0,,,Y,,,,,,55820,1,1,N,N,N,0,N,N,N,0,0,0,100,N,90,252,0,20220809,346,0,12.0,,0,,N,N,N,0,0,0,0,0.0,,193,,N,N,N
437080,KR7437080005,KODEX 미국종합채권ESG액티브(H),EF,,0,0,0,N,N,,0,N,N,N,2.0,N,N,,,,,N,,,0,,,Y,,,,,,93925,1,1,N,N,N,0,N,N,N,0,0,0,100,N,90,8424,0,20220809,2239,0,12.0,,0,,N,N,N,0,0,0,0,0.0,,2102,,N,N,N
437350,KR7437350002,RISE 미국단기투자등급회사채액티브,EF,,0,0,0,N,N,,0,N,N,N,2.0,N,N,,,,,N,,,0,,,Y,,,,,,11705,1,1,N,N,N,0,N,N,N,0,0,0,100,N,90,5951,0,20220729,2200,0,12.0,,0,,N,N,N,0,0,0,0,0.0,,257,,N,N,N
437370,KR7437370000,RISE 글로벌농업경제,EF,,0,0,0,N,N,,0,N,N,N,2.0,N,N,,,,,N,,,0,,,Y,,,,,,10155,1,1,N,N,N,0,N,N,N,0,0,0,100,N,90,5853,0,20220729,700,0,12.0,,0,,N,N,N,0,0,0,0,0.0,,71,,N,N,N
438080,KR7438080004,ACE 미국S&P500미국채혼합50액티브,EF,,0,0,0,N,N,,0,N,N,N,2.0,N,N,,,,,N,,,0,,,Y,,,,,,13770,1,1,N,N,N,0,N,N,N,0,0,0,50,Y,90,344435,0,20220826,90300,0,12.0,,0,,N,N,N,0,0,0,0,0.0,,12434,,N,N,N
438100,KR7438100000,ACE 미국나스닥100미국채혼합50액티브,EF,,0,0,0,N,N,,0,N,N,N,2.0,N,N,,,,,N,,,0,,,Y,,,,,,15200,1,1,N,N,N,0,N,N,N,0,0,0,50,Y,90,253147,0,20220826,62900,0,12.0,,0,,N,N,N,0,0,0,0,0.0,,9560,,N,N,N
438320,KR7438320004,TIGER 차이나항셍테크레버리지(합성 H),EF,,0,0,0,N,N,,0,N,N,N,2.0,N,N,,,,,N,,,0,,,N,,,,,,4290,1,1,N,N,N,0,N,N,N,0,0,0,100,N,90,21046,0,20220823,4320,0,12.0,,0,,N,N,N,0,0,0,0,0.0,,185,,N,N,N
438330,KR7438330003,TIGER 우량회사채액티브,EF,,0,0,0,N,N,,0,N,N,N,2.0,N,N,,,,,N,,,0,,,Y,,,,,,115875,1,1,N,N,N,0,N,N,N,0,0,0,50,Y,90,12713,0,20220823,4267,0,12.0,,0,,N,N,N,0,0,0,0,0.0,,4944,,N,N,N
438560,KR7438560005,SOL 국고채3년,EF,,0,0,0,N,N,,0,N,N,N,2.0,N,N,,,,,N,,,0,,,Y,,,,,,100655,1,1,N,N,N,0,N,N,N,0,0,0,100,N,90,1440,0,20220906,1632,0,12.0,,0,,N,N,N,0,0,0,0,0.0,,1642,,N,N,N
438570,KR7438570004,SOL 국고채10년,EF,,0,0,0,N,N,,0,N,N,N,2.0,N,N,,,,,N,,,0,,,Y,,,,,,98380,1,1,N,N,N,0,N,N,N,0,0,0,100,N,90,132,0,20220906,1208,0,12.0,,0,,N,N,N,0,0,0,0,0.0,,1188,,N,N,N
438740,KR7438740003,MIDAS 중소형액티브,EF,,0,0,0,N,N,,0,N,N,N,2.0,N,N,,,,,N,,,0,,,Y,,,,,,34680,1,1,N,N,N,0,N,N,N,0,0,0,100,N,90,325,0,20220817,300,0,12.0,,0,,N,N,N,0,0,0,0,0.0,,104,,N,N,N
438900,KR7438900003,HANARO Fn K-푸드,EF,,0,0,0,N,N,,0,N,N,N,2.0,N,N,,,,,N,,,0,,,Y,,,,,,10785,1,1,N,N,N,0,N,N,N,0,0,0,100,N,90,14927,0,20220817,1300,0,12.0,,0,,N,N,N,0,0,0,0,0.0,,140,,N,N,N
439260,KR7439260001,대한조선,ST,2.0,27,15,0,,N,,0,N,N,Y,,N,N,,,,,N,,,0,,,N,,,,,,46600,1,1,N,N,N,0,N,N,N,0,0,0,40,Y,90,34891,5000,20250801,38088,192631560000,12.0,,0,,N,Y,Y,6627,1779,2059,1561,34.23,20260630.0,17749,,N,N,N
439860,KR7439860008,KODEX ESG종합채권(A-이상)액티브,EF,,0,0,0,N,N,,0,N,N,N,2.0,N,N,,,,,N,,,0,,,Y,,,,,,113950,1,1,N,N,N,0,N,N,N,0,0,0,100,N,90,17,0,20220823,3401,0,12.0,,0,,N,N,N,0,0,0,0,0.0,,3875,,N,N,N
439870,KR7439870007,KODEX 국고채30년액티브,EF,,0,0,0,N,N,,0,N,N,N,2.0,N,N,,,,,N,,,0,,,Y,,,,,,89095,1,1,N,N,N,0,N,N,N,0,0,0,100,N,90,3769,0,20220823,3037,0,12.0,,0,,N,N,N,0,0,0,0,0.0,,2705,,N,N,N
440340,KR7440340008,TIGER 글로벌멀티에셋TIF액티브,EF,,0,0,0,N,N,,0,N,N,N,2.0,N,N,,,,,N,,,0,,,Y,,,,,,11300,1,1,N,N,N,0,N,N,N,0,0,0,100,N,90,9840,0,20220830,2250,0,12.0,,0,,N,N,N,0,0,0,0,0.0,,254,,N,N,N
440640,KR7440640001,ACE 단기채권알파액티브,EF,,0,0,0,N,N,,0,N,N,N,2.0,N,N,,,,,N,,,0,,,Y,,,,,,113030,1,1,N,N,N,0,N,N,N,0,0,0,100,N,90,8389,0,20220823,529,0,12.0,,0,,N,N,N,0,0,0,0,0.0,,597,,N,N,N
440650,KR7440650000,ACE 미국달러단기채권액티브,EF,,0,0,0,N,N,,0,N,N,N,2.0,N,N,,,,,N,,,0,,,Y,,,,,,11265,1,1,N,N,N,0,N,N,N,0,0,0,100,N,90,20463,0,20220823,4000,0,12.0,,0,,N,N,N,0,0,0,0,0.0,,450,,N,N,N
440910,KR7440910008,WON 미국우주항공방산,EF,,0,0,0,N,N,,0,N,N,N,2.0,N,N,,,,,N,,,0,,,Y,,,,,,21490,1,1,N,N,N,0,N,N,N,0,0,0,100,N,90,3151,0,20220826,2200,0,12.0,,0,,N,N,N,0,0,0,0,0.0,,472,,N,N,N
441540,KR7441540002,HANARO Fn조선해운,EF,,0,0,0,N,N,,0,N,N,N,2.0,N,N,,,,,N,,,0,,,Y,,,,,,25080,1,1,N,N,N,0,N,N,N,0,0,0,100,N,90,9760,0,20220915,2700,0,12.0,,0,,N,N,N,0,0,0,0,0.0,,677,,N,N,N
441640,KR7441640000,KODEX 미국배당커버드콜액티브,EF,,0,0,0,N,N,,0,N,N,N,2.0,N,N,,,,,N,,,0,,,Y,,,,,,12180,1,1,N,N,N,0,N,N,N,0,0,0,50,Y,90,546521,0,20220927,140400,0,12.0,,0,,N,N,N,0,0,0,0,0.0,,17100,,N,N,N
441680,KR7441680006,TIGER 미국나스닥100커버드콜(합성),EF,,0,0,0,N,N,,0,N,N,N,2.0,N,N,,,,,N,,,0,,,Y,,,,,,10640,1,1,N,N,N,0,N,N,N,0,0,0,100,N,90,50241,0,20220922,26350,0,12.0,,0,,N,N,N,0,0,0,0,0.0,,2803,,N,N,N
441800,KR7441800000,TIME Korea플러스배당액티브,EF,,0,0,0,N,N,,0,N,N,N,2.0,N,N,,,,,N,,,0,,,Y,,,,,,28120,1,1,N,N,N,0,N,N,N,0,0,0,50,Y,90,115646,0,20220927,27480,0,12.0,,0,,N,N,N,0,0,0,0,0.0,,7727,,N,N,N
442090,KR7442090007,에셋플러스 코리아대장장이액티브,EF,,0,0,0,N,N,,0,N,N,N,2.0,N,N,,,,,N,,,0,,,Y,,,,,,31980,1,1,N,N,N,0,N,N,N,0,0,0,100,N,90,1618,0,20220920,1500,0,12.0,,0,,N,N,N,0,0,0,0,0.0,,479,,N,N,N
442260,KR7442260006,마이티 다이나믹퀀트액티브,EF,,0,0,0,N,N,,0,N,N,N,2.0,N,N,,,,,N,,,0,,,Y,,,,,,38200,1,1,N,N,N,0,N,N,N,0,0,0,100,N,90,695,0,20221025,1240,0,12.0,,0,,N,N,N,0,0,0,0,0.0,,473,,N,N,N
442320,KR7442320008,RISE 글로벌원자력,EF,,0,0,0,N,N,,0,N,N,N,2.0,N,N,,,,,N,,,0,,,Y,,,,,,35120,1,1,N,N,N,0,N,N,N,0,0,0,100,N,90,16425,0,20221013,6260,0,12.0,,0,,N,N,N,0,0,0,0,0.0,,2198,,N,N,N
442550,KR7442550000,RISE TDF2030액티브 적격,EF,,0,0,0,N,N,,0,N,N,N,2.0,N,N,,,,,N,,,0,,,Y,,,,,,14740,1,1,N,N,N,0,N,N,N,0,0,0,100,N,90,5479,0,20220922,1550,0,12.0,,0,,N,N,N,0,0,0,0,0.0,,228,,N,N,N
442560,KR7442560009,RISE TDF2040액티브 적격,EF,,0,0,0,N,N,,0,N,N,N,2.0,N,N,,,,,N,,,0,,,Y,,,,,,16430,1,1,N,N,N,0,N,N,N,0,0,0,100,N,90,16367,0,20220922,3450,0,12.0,,0,,N,N,N,0,0,0,0,0.0,,566,,N,N,N
442570,KR7442570008,RISE TDF2050액티브 적격,EF,,0,0,0,N,N,,0,N,N,N,2.0,N,N,,,,,N,,,0,,,Y,,,,,,17440,1,1,N,N,N,0,N,N,N,0,0,0,100,N,90,92024,0,20220922,20300,0,12.0,,0,,N,N,N,0,0,0,0,0.0,,3540,,N,N,N
442580,KR7442580007,PLUS 글로벌HBM반도체,EF,,0,0,0,N,N,,0,N,N,N,2.0,N,N,,,,,N,,,0,,,Y,,,,,,104540,1,1,N,N,N,0,N,N,N,0,0,0,40,Y,90,602486,0,20220922,16770,0,12.0,,0,,N,N,N,0,0,0,0,0.0,,17531,,N,N,N
443060,KR7443060009,HD현대마린솔루션,ST,1.0,26,0,0,,N,,9,Y,N,Y,,N,Y,,,,,N,,,0,,,N,,,,,,220000,1,1,N,N,N,0,N,N,N,0,0,0,40,Y,90,83814,500,20240508,44833,22416730000,12.0,,0,,N,Y,Y,11550,1910,2284,1811,41.27,20260630.0,98633,IC5,N,N,N
444200,KR7444200000,SOL 코리아메가테크액티브,EF,,0,0,0,N,N,,0,N,N,N,2.0,N,N,,,,,N,,,0,,,Y,,,,,,43880,1,1,N,N,N,0,N,N,N,0,0,0,50,Y,90,14108,0,20221018,11000,0,12.0,,0,,N,N,N,0,0,0,0,0.0,,4826,,N,N,N
444490,KR7444490007,WON 미국S&P500,EF,,0,0,0,N,N,,0,N,N,N,2.0,N,N,,,,,N,,,0,,,Y,,,,,,19975,1,1,N,N,N,0,N,N,N,0,0,0,100,N,90,12395,0,20221006,4450,0,12.0,,0,,N,N,N,0,0,0,0,0.0,,888,,N,N,N
445150,KR7445150006,KODEX 친환경조선해운액티브,EF,,0,0,0,N,N,,0,N,N,N,2.0,N,N,,,,,N,,,0,,,Y,,,,,,26985,1,1,N,N,N,0,N,N,N,0,0,0,100,N,90,7584,0,20221115,1850,0,12.0,,0,,N,N,N,0,0,0,0,0.0,,499,,N,N,N
445290,KR7445290000,KODEX 로봇액티브,EF,,0,0,0,N,N,,0,N,N,N,2.0,N,N,,,,,N,,,0,,,Y,,,,,,30920,1,1,N,N,N,0,N,N,N,0,0,0,50,Y,90,184554,0,20221115,35000,0,12.0,,0,,N,N,N,0,0,0,0,0.0,,10822,,N,N,N
445690,KR7445690001,BNK 주주가치액티브,EF,,0,0,0,N,N,,0,N,N,N,2.0,N,N,,,,,N,,,0,,,Y,,,,,,30025,1,1,N,N,N,0,N,N,N,0,0,0,100,N,90,11,0,20221027,600,0,12.0,,0,,N,N,N,0,0,0,0,0.0,,180,,N,N,N
445910,KR7445910003,TIGER MKF배당귀족,EF,,0,0,0,N,N,,0,N,N,N,2.0,N,N,,,,,N,,,0,,,Y,,,,,,20505,1,1,N,N,N,0,N,N,N,0,0,0,100,N,90,1551,0,20221018,900,0,12.0,,0,,N,N,N,0,0,0,0,0.0,,184,,N,N,N
446070,KR7446070005,유니드비티플러스,ST,3.0,27,7,0,,N,,0,N,N,N,,N,N,,,,,N,,,0,,,N,,,,,,3935,1,1,N,N,N,0,N,N,N,0,0,0,100,N,90,37932,1000,20221128,10611,10611215000,12.0,,0,,N,N,Y,1949,31,82,64,3.31,20241231.0,417,378,N,N,N
446690,KR7446690000,KODEX 아시아AI반도체exChina액티브,EF,,0,0,0,N,N,,0,N,N,N,2.0,N,N,,,,,N,,,0,,,Y,,,,,,65375,1,1,N,N,N,0,N,N,N,0,0,0,100,N,90,4682,0,20230201,500,0,12.0,,0,,N,N,N,0,0,0,0,0.0,,326,,N,N,N
446700,KR7446700007,RISE 배터리 리사이클링,EF,,0,0,0,N,N,,0,N,N,N,2.0,N,N,,,,,N,,,0,,,Y,,,,,,10910,1,1,N,N,N,0,N,N,N,0,0,0,100,N,90,10022,0,20221101,1040,0,12.0,,0,,N,N,N,0,0,0,0,0.0,,113,,N,N,N
446720,KR7446720005,SOL 미국배당다우존스,EF,,0,0,0,N,N,,0,N,N,N,2.0,N,N,,,,,N,,,0,,,Y,,,,,,12810,1,1,N,N,N,0,N,N,N,0,0,0,40,Y,90,319851,0,20221115,77300,0,12.0,,0,,N,N,N,0,0,0,0,0.0,,9902,,N,N,N
446770,KR7446770000,ACE 글로벌반도체TOP4 Plus,EF,,0,0,0,N,N,,0,N,N,N,2.0,N,N,,,,,N,,,0,,,Y,,,,,,81835,1,1,N,N,N,0,N,N,N,0,0,0,40,Y,90,105838,0,20221115,20000,0,12.0,,0,,N,N,N,0,0,0,0,0.0,,16367,,N,N,N
447430,KR7447430000,ACE 주주환원가치주액티브,EF,,0,0,0,N,N,,0,N,N,N,2.0,N,N,,,,,N,,,0,,,Y,,,,,,16545,1,1,N,N,N,0,N,N,N,0,0,0,100,N,90,6168,0,20221115,2850,0,12.0,,0,,N,N,N,0,0,0,0,0.0,,471,,N,N,N
447620,KR7447620006,SOL 미국TOP5채권혼합50,EF,,0,0,0,N,N,,0,N,N,N,2.0,N,N,,,,,N,,,0,,,Y,,,,,,15965,1,1,N,N,N,0,N,N,N,0,0,0,100,N,90,71363,0,20221129,7900,0,12.0,,0,,N,N,N,0,0,0,0,0.0,,1261,,N,N,N
447660,KR7447660002,PLUS 애플채권혼합,EF,,0,0,0,N,N,,0,N,N,N,2.0,N,N,,,,,N,,,0,,,Y,,,,,,13785,1,1,N,N,N,0,N,N,N,0,0,0,100,N,90,11784,0,20221129,1600,0,12.0,,0,,N,N,N,0,0,0,0,0.0,,220,,N,N,N
447770,KR7447770009,TIGER 테슬라채권혼합Fn,EF,,0,0,0,N,N,,0,N,N,N,2.0,N,N,,,,,N,,,0,,,Y,,,,,,13950,1,1,N,N,N,0,N,N,N,0,0,0,40,Y,90,139261,0,20221129,31600,0,12.0,,0,,N,N,N,0,0,0,0,0.0,,4408,,N,N,N
448100,KR7448100008,WON 200,EF,,0,0,0,N,N,,0,N,N,N,2.0,N,N,,,,,N,,,0,,,Y,,,,,,111110,1,1,N,N,N,0,N,N,N,0,0,0,100,N,90,62377,0,20221216,1100,0,12.0,,0,,N,N,N,0,0,0,0,0.0,,1222,,N,N,N
448290,KR7448290007,TIGER 미국S&P500(H),EF,,0,0,0,N,N,,0,N,N,N,2.0,N,N,,,,,N,,,0,,,Y,,,,,,18090,1,1,N,N,N,0,N,N,N,0,0,0,100,N,90,110335,0,20221125,27300,0,12.0,,0,,N,N,N,0,0,0,0,0.0,,4938,,N,N,N
448300,KR7448300004,TIGER 미국나스닥100(H),EF,,0,0,0,N,N,,0,N,N,N,2.0,N,N,,,,,N,,,0,,,Y,,,,,,24215,1,1,N,N,N,0,N,N,N,0,0,0,100,N,90,631139,0,20221125,17850,0,12.0,,0,,N,N,N,0,0,0,0,0.0,,4322,,N,N,N
448330,KR7448330001,KODEX 삼성전자채권혼합,EF,,0,0,0,N,N,,0,N,N,N,2.0,N,N,,,,,N,,,0,,,Y,,,,,,17665,1,1,N,N,N,0,N,N,N,0,0,0,40,Y,90,725429,0,20221129,73900,0,12.0,,0,,N,N,N,0,0,0,0,0.0,,13054,,N,N,N
448490,KR7448490003,HANARO 32-10 국고채액티브,EF,,0,0,0,N,N,,0,N,N,N,2.0,N,N,,,,,N,,,0,,,Y,,,,,,53085,1,1,N,N,N,0,N,N,N,0,0,0,100,N,90,1068,0,20221122,210,0,12.0,,0,,N,N,N,0,0,0,0,0.0,,111,,N,N,N
448540,KR7448540005,ACE 엔비디아채권혼합,EF,,0,0,0,N,N,,0,N,N,N,2.0,N,N,,,,,N,,,0,,,Y,,,,,,26985,1,1,N,N,N,0,N,N,N,0,0,0,100,N,90,105158,0,20221129,7900,0,12.0,,0,,N,N,N,0,0,0,0,0.0,,2131,,N,N,N
448570,KR7448570002,FOCUS AI코리아액티브,EF,,0,0,0,N,N,,0,N,N,N,2.0,N,N,,,,,N,,,0,,,Y,,,,,,29720,1,1,N,N,N,0,N,N,N,0,0,0,100,N,90,21,0,20221115,1350,0,12.0,,0,,N,N,N,0,0,0,0,0.0,,401,,N,N,N
448630,KR7448630004,RISE 삼성그룹Top3채권혼합,EF,,0,0,0,N,N,,0,N,N,N,2.0,N,N,,,,,N,,,0,,,Y,,,,,,15310,1,1,N,N,N,0,N,N,N,0,0,0,100,N,90,110320,0,20221129,21500,0,12.0,,0,,N,N,N,0,0,0,0,0.0,,3291,,N,N,N
448730,KR7448730002,삼성FN리츠,RT,3.0,28,0,0,,N,,0,N,N,N,,N,N,,,,,N,,,0,,,Y,,,,,,5080,1,1,N,N,N,0,N,N,N,0,0,0,100,N,90,32421,500,20230410,91050,45525000000,,,0,,N,N,Y,0,0,0,0,0.0,20251030.0,4625,511,N,N,N
449170,KR7449170000,TIGER KOFR금리액티브(합성),EF,,0,0,0,N,N,,0,N,N,N,2.0,N,N,,,,,N,,,0,,,Y,,,,,,112090,1,1,N,N,N,0,N,N,N,0,0,0,50,Y,90,46289,0,20221130,21125,0,12.0,,0,,N,N,N,0,0,0,0,0.0,,23679,,N,N,N
449180,KR7449180009,KODEX 미국S&P500(H),EF,,0,0,0,N,N,,0,N,N,N,2.0,N,N,,,,,N,,,0,,,Y,,,,,,17470,1,1,N,N,N,0,N,N,N,0,0,0,40,Y,90,707223,0,20221202,60400,0,12.0,,0,,N,N,N,0,0,0,0,0.0,,10551,,N,N,N
449190,KR7449190008,KODEX 미국나스닥100(H),EF,,0,0,0,N,N,,0,N,N,N,2.0,N,N,,,,,N,,,0,,,Y,,,,,,23465,1,1,N,N,N,0,N,N,N,0,0,0,40,Y,90,905370,0,20221202,24600,0,12.0,,0,,N,N,N,0,0,0,0,0.0,,5772,,N,N,N
449450,KR7449450006,PLUS K방산,EF,,0,0,0,N,N,,0,N,N,N,2.0,N,N,,,,,N,,,0,,,Y,,,,,,47910,1,1,N,N,N,0,N,N,N,0,0,0,40,Y,90,366680,0,20230105,19130,0,12.0,,0,,N,N,N,0,0,0,0,0.0,,9165,,N,N,N
449580,KR7449580000,RISE 테슬라애플아마존채권혼합,EF,,0,0,0,N,N,,0,N,N,N,2.0,N,N,,,,,N,,,0,,,Y,,,,,,16210,1,1,N,N,N,0,N,N,N,0,0,0,100,N,90,3687,0,20221220,1100,0,12.0,,0,,N,N,N,0,0,0,0,0.0,,178,,N,N,N
449680,KR7449680008,TIGER 한중전기차(합성),EF,,0,0,0,N,N,,0,N,N,N,2.0,N,N,,,,,N,,,0,,,Y,,,,,,9840,1,1,N,N,N,0,N,N,N,0,0,0,100,N,90,5,0,20221222,850,0,12.0,,0,,N,N,N,0,0,0,0,0.0,,83,,N,N,N
449690,KR7449690007,TIGER 한중반도체(합성),EF,,0,0,0,N,N,,0,N,N,N,2.0,N,N,,,,,N,,,0,,,Y,,,,,,48125,1,1,N,N,N,0,N,N,N,0,0,0,100,N,90,127,0,20221222,750,0,12.0,,0,,N,N,N,0,0,0,0,0.0,,360,,N,N,N
449770,KR7449770007,KIWOOM 미국S&P500,EF,,0,0,0,N,N,,0,N,N,N,2.0,N,N,,,,,N,,,0,,,Y,,,,,,20820,1,1,N,N,N,0,N,N,N,0,0,0,100,N,90,2720,0,20221220,3900,0,12.0,,0,,N,N,N,0,0,0,0,0.0,,811,,N,N,N
449780,KR7449780006,KIWOOM 미국S&P500(H),EF,,0,0,0,N,N,,0,N,N,N,2.0,N,N,,,,,N,,,0,,,Y,,,,,,18985,1,1,N,N,N,0,N,N,N,0,0,0,100,N,90,17961,0,20221220,1800,0,12.0,,0,,N,N,N,0,0,0,0,0.0,,341,,N,N,N
450080,KR7450080007,에코프로머티,ST,2.0,27,13,0,,N,,9,Y,N,Y,,N,N,,,,,N,,,0,,,N,,,,,,38250,1,1,N,N,N,0,N,N,N,0,0,0,100,N,90,345809,500,20231117,70813,36034935000,12.0,,0,,N,Y,Y,3453,51,164,122,0.0,20260630.0,27086,LD2,N,N,N
450180,KR7450180005,KODEX 한중전기차(합성),EF,,0,0,0,N,N,,0,N,N,N,2.0,N,N,,,,,N,,,0,,,Y,,,,,,10170,1,1,N,N,N,0,N,N,N,0,0,0,100,N,90,2,0,20221222,650,0,12.0,,0,,N,N,N,0,0,0,0,0.0,,66,,N,N,N
450190,KR7450190004,KODEX 한중반도체(합성),EF,,0,0,0,N,N,,0,N,N,N,2.0,N,N,,,,,N,,,0,,,Y,,,,,,48670,1,1,N,N,N,0,N,N,N,0,0,0,100,N,90,553,0,20221222,600,0,12.0,,0,,N,N,N,0,0,0,0,0.0,,292,,N,N,N
450910,KR7450910005,SOL 코스닥150,EF,,0,0,0,N,N,,0,N,N,N,2.0,N,N,,,,,N,,,0,,,Y,,,,,,15015,1,1,N,N,N,0,N,N,N,0,0,0,100,N,90,57115,0,20230131,2640,0,12.0,,0,,N,N,N,0,0,0,0,0.0,,396,,N,N,N
451000,KR7451000004,PLUS 종합채권(AA-이상)액티브,EF,,0,0,0,N,N,,0,N,N,N,2.0,N,N,,,,,N,,,0,,,Y,,,,,,107830,1,1,N,N,N,0,N,N,N,0,0,0,50,Y,90,74,0,20230110,5243,0,12.0,,0,,N,N,N,0,0,0,0,0.0,,5653,,N,N,N
451060,KR7451060008,1Q 200액티브,EF,,0,0,0,N,N,,0,N,N,N,2.0,N,N,,,,,N,,,0,,,Y,,,,,,34835,1,1,N,N,N,0,N,N,N,0,0,0,50,Y,90,88065,0,20230131,12600,0,12.0,,0,,N,N,N,0,0,0,0,0.0,,4389,,N,N,N
451150,KR7451150007,에셋플러스 글로벌영에이지액티브,EF,,0,0,0,N,N,,0,N,N,N,2.0,N,N,,,,,N,,,0,,,Y,,,,,,16745,1,1,N,N,N,0,N,N,N,0,0,0,100,N,90,2,0,20230131,620,0,12.0,,0,,N,N,N,0,0,0,0,0.0,,103,,N,N,N
451530,KR7451530000,TIGER 국고채30년스트립액티브,EF,,0,0,0,N,N,,0,N,N,N,2.0,N,N,,,,,N,,,0,,,Y,,,,,,36075,1,1,N,N,N,0,N,N,N,0,0,0,100,N,90,32334,0,20230201,2768,0,12.0,,0,,N,N,N,0,0,0,0,0.0,,998,,N,N,N
451540,KR7451540009,TIGER 종합채권(AA-이상)액티브,EF,,0,0,0,N,N,,0,N,N,N,2.0,N,N,,,,,N,,,0,,,Y,,,,,,53135,1,1,N,N,N,0,N,N,N,0,0,0,50,Y,90,2457,0,20230201,19732,0,12.0,,0,,N,N,N,0,0,0,0,0.0,,10484,,N,N,N
451600,KR7451600001,PLUS 국고채30년액티브,EF,,0,0,0,N,N,,0,N,N,N,2.0,N,N,,,,,N,,,0,,,Y,,,,,,85720,1,1,N,N,N,0,N,N,N,0,0,0,100,N,90,5036,0,20230207,204,0,12.0,,0,,N,N,N,0,0,0,0,0.0,,174,,N,N,N
451670,KR7451670004,RISE 국채30년레버리지(합성),EF,,0,0,0,N,N,,0,N,N,N,2.0,N,N,,,,,N,,,0,,,N,,,,,,12570,1,1,N,N,N,0,N,N,N,0,0,0,100,N,90,946,0,20230214,500,0,12.0,,0,,N,N,N,0,0,0,0,0.0,,62,,N,N,N
451800,KR7451800007,한화리츠,RT,2.0,28,0,0,,N,,0,N,N,N,,N,N,,,,,N,,,0,,,Y,,,,,,5340,1,1,N,N,N,0,N,N,N,0,0,0,100,N,90,42850,500,20230327,179600,89800000000,,,0,,N,N,Y,0,0,0,0,0.0,,9590,913,N,N,N
452250,KR7452250004,ACE 미국30년국채선물레버리지(합성 H),EF,,0,0,0,N,N,,0,N,N,N,2.0,N,N,,,,,N,,,0,,,N,,,,,,4120,1,1,N,N,N,0,N,N,N,0,0,0,100,N,90,219317,0,20230207,7750,0,12.0,,0,,N,N,N,0,0,0,0,0.0,,319,,N,N,N
452260,KR7452260003,한화갤러리아,ST,3.0,16,0,0,,N,,0,N,N,N,,N,N,,,,,N,,,0,,,N,,,,,,2625,1,1,N,N,N,0,N,N,N,0,0,0,100,N,90,1027336,500,20230331,193859,96929805000,12.0,,0,,N,N,Y,2770,275,80,43,3.2,20260630.0,5088,913,N,N,N
45226K,KR745226K018,한화갤러리아우,ST,0.0,16,0,0,,N,,0,N,N,N,,N,N,,,,,N,,,3,,,N,,,,,,4415,1,1,N,N,N,0,N,N,N,0,0,0,100,N,90,6050,500,20230331,2904,1452235000,12.0,,9,,N,N,N,0,0,0,0,0.0,,128,,N,N,N
452360,KR7452360001,SOL 미국배당다우존스(H),EF,,0,0,0,N,N,,0,N,N,N,2.0,N,N,,,,,N,,,0,,,Y,,,,,,12880,1,1,N,N,N,0,N,N,N,0,0,0,100,N,90,104256,0,20230321,16800,0,12.0,,0,,N,N,N,0,0,0,0,0.0,,2163,,N,N,N
453010,KR7453010001,PLUS KOFR금리,EF,,0,0,0,N,N,,0,N,N,N,2.0,N,N,,,,,N,,,0,,,Y,,,,,,110165,1,1,N,N,N,0,N,N,N,0,0,0,100,N,90,140,0,20230314,134,0,12.0,,0,,N,N,N,0,0,0,0,0.0,,147,,N,N,N
453060,KR7453060006,HANARO KOFR금리액티브(합성),EF,,0,0,0,N,N,,0,N,N,N,2.0,N,N,,,,,N,,,0,,,Y,,,,,,111765,1,1,N,N,N,0,N,N,N,0,0,0,100,N,90,732,0,20230314,110,0,12.0,,0,,N,N,N,0,0,0,0,0.0,,122,,N,N,N
453080,KR7453080004,KIWOOM 미국나스닥100(H),EF,,0,0,0,N,N,,0,N,N,N,2.0,N,N,,,,,N,,,0,,,Y,,,,,,24195,1,1,N,N,N,0,N,N,N,0,0,0,100,N,90,139678,0,20230314,4000,0,12.0,,0,,N,N,N,0,0,0,0,0.0,,967,,N,N,N
453330,KR7453330003,RISE 미국S&P500(H),EF,,0,0,0,N,N,,0,N,N,N,2.0,N,N,,,,,N,,,0,,,Y,,,,,,18470,1,1,N,N,N,0,N,N,N,0,0,0,100,N,90,22979,0,20230321,4700,0,12.0,,0,,N,N,N,0,0,0,0,0.0,,868,,N,N,N
453340,KR7453340002,현대그린푸드,ST,2.0,16,0,0,,N,,0,N,N,N,,N,N,,,,,N,,,0,,,N,,,,,,18990,1,1,N,N,N,0,N,N,N,0,0,0,40,Y,90,35995,500,20230410,32471,16925292500,12.0,,0,,N,N,Y,12165,845,876,668,14.13,20260630.0,6166,Z35,N,N,N
453630,KR7453630006,KODEX 미국S&P500필수소비재,EF,,0,0,0,N,N,,0,N,N,N,2.0,N,N,,,,,N,,,0,,,Y,,,,,,11640,1,1,N,N,N,0,N,N,N,0,0,0,100,N,90,4717,0,20230321,1200,0,12.0,,0,,N,N,N,0,0,0,0,0.0,,139,,N,N,N
453640,KR7453640005,KODEX 미국S&P500헬스케어,EF,,0,0,0,N,N,,0,N,N,N,2.0,N,N,,,,,N,,,0,,,Y,,,,,,13565,1,1,N,N,N,0,N,N,N,0,0,0,100,N,90,30142,0,20230321,4300,0,12.0,,0,,N,N,N,0,0,0,0,0.0,,583,,N,N,N
453650,KR7453650004,KODEX 미국S&P500금융,EF,,0,0,0,N,N,,0,N,N,N,2.0,N,N,,,,,N,,,0,,,Y,,,,,,17735,1,1,N,N,N,0,N,N,N,0,0,0,100,N,90,8729,0,20230321,2500,0,12.0,,0,,N,N,N,0,0,0,0,0.0,,443,,N,N,N
453660,KR7453660003,KODEX 미국S&P500경기소비재,EF,,0,0,0,N,N,,0,N,N,N,2.0,N,N,,,,,N,,,0,,,Y,,,,,,16105,1,1,N,N,N,0,N,N,N,0,0,0,100,N,90,1081,0,20230321,700,0,12.0,,0,,N,N,N,0,0,0,0,0.0,,112,,N,N,N
453810,KR7453810004,KODEX 인도Nifty50,EF,,0,0,0,N,N,,0,N,N,N,2.0,N,N,,,,,N,,,0,,,Y,,,,,,10530,1,1,N,N,N,0,N,N,N,0,0,0,100,N,90,78257,0,20230421,28950,0,12.0,,0,,N,N,N,0,0,0,0,0.0,,3048,,N,N,N
453820,KR7453820003,KODEX 인도Nifty50레버리지(합성),EF,,0,0,0,N,N,,0,N,N,N,2.0,N,N,,,,,N,,,0,,,N,,,,,,9445,1,1,N,N,N,0,N,N,N,0,0,0,100,N,90,3766,0,20230421,1300,0,12.0,,0,,N,N,N,0,0,0,0,0.0,,122,,N,N,N
453850,KR7453850000,ACE 미국30년국채액티브(H),EF,,0,0,0,N,N,,0,N,N,N,2.0,N,N,,,,,N,,,0,,,Y,,,,,,6705,1,1,N,N,N,0,N,N,N,0,0,0,50,Y,90,870896,0,20230314,208200,0,12.0,,0,,N,N,N,0,0,0,0,0.0,,13959,,N,N,N
453870,KR7453870008,TIGER 인도니프티50,EF,,0,0,0,N,N,,0,N,N,N,2.0,N,N,,,,,N,,,0,,,Y,,,,,,10305,1,1,N,N,N,0,N,N,N,0,0,0,100,N,90,46609,0,20230414,25050,0,12.0,,0,,N,N,N,0,0,0,0,0.0,,2581,,N,N,N
453950,KR7453950008,TIGER TSMC파운드리밸류체인,EF,,0,0,0,N,N,,0,N,N,N,2.0,N,N,,,,,N,,,0,,,Y,,,,,,35540,1,1,N,N,N,0,N,N,N,0,0,0,100,N,90,8240,0,20230404,1950,0,12.0,,0,,N,N,N,0,0,0,0,0.0,,693,,N,N,N
454320,KR7454320003,HANARO CAPEX설비투자iSelect,EF,,0,0,0,N,N,,0,N,N,N,2.0,N,N,,,,,N,,,0,,,Y,,,,,,40945,1,1,N,N,N,0,N,N,N,0,0,0,100,N,90,5792,0,20230418,2150,0,12.0,,0,,N,N,N,0,0,0,0,0.0,,880,,N,N,N
454780,KR7454780008,KIWOOM 종합채권(AA-이상)액티브,EF,,0,0,0,N,N,,0,N,N,N,2.0,N,N,,,,,N,,,0,,,Y,,,,,,100180,1,1,N,N,N,0,N,N,N,0,0,0,100,N,90,18,0,20230411,3052,0,12.0,,0,,N,N,N,0,0,0,0,0.0,,3057,,N,N,N
454910,KR7454910001,두산로보틱스,ST,1.0,27,12,0,,N,,2,Y,N,Y,,Y,N,,,,,N,,,0,,,N,,,,,,71200,1,1,N,N,N,0,N,N,N,0,0,0,100,N,90,333575,500,20231005,64819,32409990000,12.0,,0,,N,Y,Y,330,-265,-220,-220,-14.58,20260630.0,46151,391,N,N,N
455030,KR7455030007,KODEX 미국달러SOFR금리액티브(합성),EF,,0,0,0,N,N,,0,N,N,N,2.0,N,N,,,,,N,,,0,,,Y,,,,,,11470,1,1,N,N,N,0,N,N,N,0,0,0,50,Y,90,54214,0,20230404,46100,0,12.0,,0,,N,N,N,0,0,0,0,0.0,,5287,,N,N,N
455660,KR7455660001,ACE 미국하이일드액티브(H),EF,,0,0,0,N,N,,0,N,N,N,2.0,N,N,,,,,N,,,0,,,Y,,,,,,9175,1,1,N,N,N,0,N,N,N,0,0,0,100,N,90,11357,0,20230418,6700,0,12.0,,0,,N,N,N,0,0,0,0,0.0,,614,,N,N,N
455850,KR7455850008,SOL AI반도체소부장,EF,,0,0,0,N,N,,0,N,N,N,2.0,N,N,,,,,N,,,0,,,Y,,,,,,30310,1,1,N,N,N,0,N,N,N,0,0,0,40,Y,90,4628708,0,20230425,44700,0,12.0,,0,,N,N,N,0,0,0,0,0.0,,13548,,N,N,Y
455860,KR7455860007,SOL 2차전지소부장Fn,EF,,0,0,0,N,N,,0,N,N,N,2.0,N,N,,,,,N,,,0,,,Y,,,,,,4760,1,1,N,N,N,0,N,N,N,0,0,0,100,N,90,1022302,0,20230425,24050,0,12.0,,0,,N,N,N,0,0,0,0,0.0,,1144,,N,N,N
455890,KR7455890004,RISE 머니마켓액티브,EF,,0,0,0,N,N,,0,N,N,N,2.0,N,N,,,,,N,,,0,,,Y,,,,,,55665,1,1,N,N,N,0,N,N,N,0,0,0,50,Y,90,163219,0,20230509,56132,0,12.0,,0,,N,N,N,0,0,0,0,0.0,,31245,,N,N,N
455960,KR7455960005,RISE 미국달러SOFR금리액티브(합성),EF,,0,0,0,N,N,,0,N,N,N,2.0,N,N,,,,,N,,,0,,,Y,,,,,,11790,1,1,N,N,N,0,N,N,N,0,0,0,100,N,90,5397,0,20230516,4580,0,12.0,,0,,N,N,N,0,0,0,0,0.0,,539,,N,N,N
456040,KR7456040005,OCI,ST,2.0,27,8,0,,N,,4,N,N,N,,N,N,,,,,N,,,0,,,N,,,,,,73000,1,1,N,N,N,0,N,N,N,0,0,0,50,Y,90,15448,5000,20230530,8952,44762475000,12.0,,0,,N,N,Y,10416,711,691,546,0.74,20260630.0,6535,378,N,N,Y
456200,KR7456200005,PLUS 미국달러SOFR금리액티브(합성),EF,,0,0,0,N,N,,0,N,N,N,2.0,N,N,,,,,N,,,0,,,Y,,,,,,58275,1,1,N,N,N,0,N,N,N,0,0,0,100,N,90,328,0,20230509,110,0,12.0,,0,,N,N,N,0,0,0,0,0.0,,64,,N,N,N
456250,KR7456250000,KODEX 유럽명품TOP10 STOXX,EF,,0,0,0,N,N,,0,N,N,N,2.0,N,N,,,,,N,,,0,,,Y,,,,,,7510,1,1,N,N,N,0,N,N,N,0,0,0,100,N,90,4786,0,20230425,1150,0,12.0,,0,,N,N,N,0,0,0,0,0.0,,86,,N,N,N
456600,KR7456600006,TIME 글로벌AI인공지능액티브,EF,,0,0,0,N,N,,0,N,N,N,2.0,N,N,,,,,N,,,0,,,Y,,,,,,58750,1,1,N,N,N,0,N,N,N,0,0,0,50,Y,90,101155,0,20230516,35880,0,12.0,,0,,N,N,N,0,0,0,0,0.0,,21079,,N,N,N
456610,KR7456610005,TIGER 미국달러SOFR금리액티브(합성),EF,,0,0,0,N,N,,0,N,N,N,2.0,N,N,,,,,N,,,0,,,Y,,,,,,58455,1,1,N,N,N,0,N,N,N,0,0,0,50,Y,90,26798,0,20230509,12836,0,12.0,,0,,N,N,N,0,0,0,0,0.0,,7503,,N,N,N
456680,KR7456680008,TIGER 차이나전기차레버리지(합성),EF,,0,0,0,N,N,,0,N,N,N,2.0,N,N,,,,,N,,,0,,,N,,,,,,4730,1,1,N,N,N,0,N,N,N,0,0,0,100,N,90,4073,0,20230509,4080,0,12.0,,0,,N,N,N,0,0,0,0,0.0,,192,,N,N,N
456880,KR7456880004,ACE 미국달러SOFR금리(합성),EF,,0,0,0,N,N,,0,N,N,N,2.0,N,N,,,,,N,,,0,,,Y,,,,,,11820,1,1,N,N,N,0,N,N,N,0,0,0,100,N,90,37886,0,20230425,27580,0,12.0,,0,,N,N,N,0,0,0,0,0.0,,3259,,N,N,N
457190,KR7457190007,이수스페셜티케미컬,ST,2.0,27,8,0,,N,,4,N,N,Y,,N,N,,,,,N,,,0,,,N,,,,,,79400,1,1,N,N,N,0,N,N,N,0,0,0,100,N,90,227901,1000,20230531,30218,30218872000,12.0,,0,,N,Y,Y,2166,112,80,55,0.0,20260630.0,23993,,N,N,N
457480,KR7457480002,ACE 테슬라밸류체인액티브,EF,,0,0,0,N,N,,0,N,N,N,2.0,N,N,,,,,N,,,0,,,Y,,,,,,18260,1,1,N,N,N,0,N,N,N,0,0,0,50,Y,90,182113,0,20230516,41300,0,12.0,,0,,N,N,N,0,0,0,0,0.0,,7541,,N,N,N
457690,KR7457690006,KODEX 33-06 국고채액티브,EF,,0,0,0,N,N,,0,N,N,N,2.0,N,N,,,,,N,,,0,,,Y,,,,,,10530,1,1,N,N,N,0,N,N,N,0,0,0,100,N,90,5903,0,20230531,1620,0,12.0,,0,,N,N,N,0,0,0,0,0.0,,170,,N,N,N
457700,KR7457700003,KODEX 53-09 국고채액티브,EF,,0,0,0,N,N,,0,N,N,N,2.0,N,N,,,,,N,,,0,,,Y,,,,,,9305,1,1,N,N,N,0,N,N,N,0,0,0,100,N,90,810,0,20230531,1320,0,12.0,,0,,N,N,N,0,0,0,0,0.0,,122,,N,N,N
457930,KR7457930006,BNK 미래전략기술액티브,EF,,0,0,0,N,N,,0,N,N,N,2.0,N,N,,,,,N,,,0,,,Y,,,,,,27835,1,1,N,N,N,0,N,N,N,0,0,0,100,N,90,6,0,20230620,300,0,12.0,,0,,N,N,N,0,0,0,0,0.0,,83,,N,N,N
457990,KR7457990000,PLUS 태양광&ESS,EF,,0,0,0,N,N,,0,N,N,N,2.0,N,N,,,,,N,,,0,,,Y,,,,,,39155,1,1,N,N,N,0,N,N,N,0,0,0,100,N,90,557831,0,20230620,4050,0,12.0,,0,,N,N,N,0,0,0,0,0.0,,1585,,N,N,N
458030,KR7458030004,WON 국공채머니마켓액티브,EF,,0,0,0,N,N,,0,N,N,N,2.0,N,N,,,,,N,,,0,,,Y,,,,,,55210,1,1,N,N,N,0,N,N,N,0,0,0,100,N,90,215,0,20230531,1808,0,12.0,,0,,N,N,N,0,0,0,0,0.0,,998,,N,N,N
458210,KR7458210002,KIWOOM CD금리액티브(합성),EF,,0,0,0,N,N,,0,N,N,N,2.0,N,N,,,,,N,,,0,,,Y,,,,,,110960,1,1,N,N,N,0,N,N,N,0,0,0,100,N,90,2107,0,20230523,1343,0,12.0,,0,,N,N,N,0,0,0,0,0.0,,1490,,N,N,N
458250,KR7458250008,TIGER 미국30년국채스트립액티브(합성 H),EF,,0,0,0,N,N,,0,N,N,N,2.0,N,N,,,,,N,,,0,,,Y,,,,,,30950,1,1,N,N,N,0,N,N,N,0,0,0,50,Y,90,113710,0,20230531,11234,0,12.0,,0,,N,N,N,0,0,0,0,0.0,,3476,,N,N,N
458260,KR7458260007,TIGER 미국투자등급회사채액티브(H),EF,,0,0,0,N,N,,0,N,N,N,2.0,N,N,,,,,N,,,0,,,Y,,,,,,44545,1,1,N,N,N,0,N,N,N,0,0,0,100,N,90,2674,0,20230531,4790,0,12.0,,0,,N,N,N,0,0,0,0,0.0,,2133,,N,N,N
458730,KR7458730009,TIGER 미국배당다우존스,EF,,0,0,0,N,N,,0,N,N,N,2.0,N,N,,,,,N,,,0,,,Y,,,,,,13975,1,1,N,N,N,0,N,N,N,0,0,0,40,Y,90,1737753,0,20230620,299250,0,12.0,,0,,N,N,N,0,0,0,0,0.0,,41820,,N,N,N
458750,KR7458750007,TIGER 미국배당다우존스타겟커버드콜1호,EF,,0,0,0,N,N,,0,N,N,N,2.0,N,N,,,,,N,,,0,,,Y,,,,,,12065,1,1,N,N,N,0,N,N,N,0,0,0,100,N,90,16169,0,20230620,5200,0,12.0,,0,,N,N,N,0,0,0,0,0.0,,627,,N,N,N
458760,KR7458760006,TIGER 미국배당다우존스타겟커버드콜2호,EF,,0,0,0,N,N,,0,N,N,N,2.0,N,N,,,,,N,,,0,,,Y,,,,,,10135,1,1,N,N,N,0,N,N,N,0,0,0,50,Y,90,173036,0,20230620,64350,0,12.0,,0,,N,N,N,0,0,0,0,0.0,,6521,,N,N,N
459560,KR7459560009,KODEX 테슬라밸류체인FactSet,EF,,0,0,0,N,N,,0,N,N,N,2.0,N,N,,,,,N,,,0,,,Y,,,,,,22900,1,1,N,N,N,0,N,N,N,0,0,0,100,N,90,5642,0,20230608,1500,0,12.0,,0,,N,N,N,0,0,0,0,0.0,,343,,N,N,N
459580,KR7459580007,KODEX CD금리액티브(합성),EF,,0,0,0,N,N,,0,N,N,N,2.0,N,N,,,,,N,,,0,,,Y,,,,,,1074240,1,1,N,N,N,0,N,N,N,0,0,0,50,Y,90,917965,0,20230608,6598,0,12.0,,0,,N,N,N,0,0,0,0,0.0,,70881,,N,N,N
459750,KR7459750006,RISE 글로벌주식분산액티브,EF,,0,0,0,N,N,,0,N,N,N,2.0,N,N,,,,,N,,,0,,,Y,,,,,,17370,1,1,N,N,N,0,N,N,N,0,0,0,100,N,90,3488,0,20230627,1750,0,12.0,,0,,N,N,N,0,0,0,0,0.0,,303,,N,N,N
459790,KR7459790002,KIWOOM 미국성장기업30액티브,EF,,0,0,0,N,N,,0,N,N,N,2.0,N,N,,,,,N,,,0,,,Y,,,,,,20780,1,1,N,N,N,0,N,N,N,0,0,0,100,N,90,237,0,20230627,1450,0,12.0,,0,,N,N,N,0,0,0,0,0.0,,301,,N,N,N
460270,KR7460270002,KIWOOM 미국달러SOFR금리액티브(합성),EF,,0,0,0,N,N,,0,N,N,N,2.0,N,N,,,,,N,,,0,,,Y,,,,,,12240,1,1,N,N,N,0,N,N,N,0,0,0,100,N,90,42,0,20230620,810,0,12.0,,0,,N,N,N,0,0,0,0,0.0,,99,,N,N,N
460660,KR7460660004,RISE 미국S&P배당킹,EF,,0,0,0,N,N,,0,N,N,N,2.0,N,N,,,,,N,,,0,,,Y,,,,,,10990,1,1,N,N,N,0,N,N,N,0,0,0,100,N,90,3075,0,20230627,1500,0,12.0,,0,,N,N,N,0,0,0,0,0.0,,164,,N,N,N
460850,KR7460850001,동국씨엠,ST,3.0,27,11,0,,N,,0,N,N,N,,N,N,,,,,N,,,0,,,N,,,,,,5300,1,1,N,N,N,0,N,N,N,0,0,0,60,Y,90,31506,5000,20230616,29898,149493280000,12.0,,0,,N,N,Y,14603,300,123,35,-0.8,20260630.0,1584,364,N,N,N
460860,KR7460860000,동국제강,ST,3.0,27,11,0,,N,,0,N,N,N,,N,N,,,,,N,,,0,,,N,,,,,,9670,1,1,N,N,N,0,N,N,N,0,0,0,40,Y,90,211412,5000,20230616,49608,248040085000,12.0,,0,,N,N,Y,0,0,0,0,0.0,20250930.0,4797,364,N,N,Y
460960,KR7460960008,ACE 글로벌인컴TOP10,EF,,0,0,0,N,N,,0,N,N,N,2.0,N,N,,,,,N,,,0,,,Y,,,,,,10340,1,1,N,N,N,0,N,N,N,0,0,0,100,N,90,33366,0,20230711,7800,0,12.0,,0,,N,N,N,0,0,0,0,0.0,,806,,N,N,N
461340,KR7461340002,HANARO 글로벌생성형AI액티브,EF,,0,0,0,N,N,,0,N,N,N,2.0,N,N,,,,,N,,,0,,,Y,,,,,,44950,1,1,N,N,N,0,N,N,N,0,0,0,100,N,90,2856,0,20230711,1100,0,12.0,,0,,N,N,N,0,0,0,0,0.0,,494,,N,N,N
461450,KR7461450009,KODEX 코스닥글로벌,EF,,0,0,0,N,N,,0,N,N,N,2.0,N,N,,,,,N,,,0,,,Y,,,,,,16625,1,1,N,N,N,0,N,N,N,0,0,0,100,N,90,3553,0,20230629,1300,0,12.0,,0,,N,N,N,0,0,0,0,0.0,,216,,N,N,N
461460,KR7461460008,PLUS 국고채10년액티브,EF,,0,0,0,N,N,,0,N,N,N,2.0,N,N,,,,,N,,,0,,,Y,,,,,,51410,1,1,N,N,N,0,N,N,N,0,0,0,100,N,90,6237,0,20230718,1872,0,12.0,,0,,N,N,N,0,0,0,0,0.0,,962,,N,N,N
461490,KR7461490005,RISE 글로벌자산배분액티브,EF,,0,0,0,N,N,,0,N,N,N,2.0,N,N,,,,,N,,,0,,,Y,,,,,,14480,1,1,N,N,N,0,N,N,N,0,0,0,100,N,90,47701,0,20230627,19200,0,12.0,,0,,N,N,N,0,0,0,0,0.0,,2780,,N,N,N
461500,KR7461500001,HANARO 종합채권(AA-이상)액티브,EF,,0,0,0,N,N,,0,N,N,N,2.0,N,N,,,,,N,,,0,,,Y,,,,,,105560,1,1,N,N,N,0,N,N,N,0,0,0,100,N,90,97,0,20231026,1201,0,12.0,,0,,N,N,N,0,0,0,0,0.0,,1267,,N,N,N
461580,KR7461580003,TIGER 코스닥글로벌,EF,,0,0,0,N,N,,0,N,N,N,2.0,N,N,,,,,N,,,0,,,Y,,,,,,17040,1,1,N,N,N,0,N,N,N,0,0,0,100,N,90,10174,0,20230629,600,0,12.0,,0,,N,N,N,0,0,0,0,0.0,,102,,N,N,N
461600,KR7461600009,SOL 미국30년국채액티브(H),EF,,0,0,0,N,N,,0,N,N,N,2.0,N,N,,,,,N,,,0,,,Y,,,,,,7845,1,1,N,N,N,0,N,N,N,0,0,0,100,N,90,8432,0,20230711,2650,0,12.0,,0,,N,N,N,0,0,0,0,0.0,,207,,N,N,N
461900,KR7461900003,PLUS 미국테크TOP10,EF,,0,0,0,N,N,,0,N,N,N,2.0,N,N,,,,,N,,,0,,,Y,,,,,,23110,1,1,N,N,N,0,N,N,N,0,0,0,100,N,90,13176,0,20230718,800,0,12.0,,0,,N,N,N,0,0,0,0,0.0,,184,,N,N,N
461910,KR7461910002,PLUS 미국테크TOP10레버리지(합성),EF,,0,0,0,N,N,,0,N,N,N,2.0,N,N,,,,,N,,,0,,,N,,,,,,38765,1,1,N,N,N,0,N,N,N,0,0,0,100,N,90,2031,0,20230718,500,0,12.0,,0,,N,N,N,0,0,0,0,0.0,,193,,N,N,N
461950,KR7461950008,KODEX 2차전지핵심소재10,EF,,0,0,0,N,N,,0,N,N,N,2.0,N,N,,,,,N,,,0,,,Y,,,,,,5220,1,1,N,N,N,0,N,N,N,0,0,0,100,N,90,1963311,0,20230704,35700,0,12.0,,0,,N,N,N,0,0,0,0,0.0,,1863,,N,N,N
462010,KR7462010000,TIGER 2차전지소재Fn,EF,,0,0,0,N,N,,0,N,N,N,2.0,N,N,,,,,N,,,0,,,Y,,,,,,5135,1,1,N,N,N,0,N,N,N,0,0,0,40,Y,90,4093358,0,20230713,109700,0,12.0,,0,,N,N,N,0,0,0,0,0.0,,5633,,N,N,N
462330,KR7462330002,KODEX 2차전지산업레버리지,EF,,0,0,0,N,N,,0,N,N,N,2.0,N,N,,,,,N,,,0,,,N,,,,,,1150,1,1,N,N,N,0,N,N,N,0,0,0,100,N,90,85322584,0,20230704,760200,0,12.0,,0,,N,N,N,0,0,0,0,0.0,,8742,,N,N,N
462340,KR7462340001,에셋플러스 글로벌다이나믹시니어액티브,EF,,0,0,0,N,N,,0,N,N,N,2.0,N,N,,,,,N,,,0,,,Y,,,,,,16215,1,1,N,N,N,0,N,N,N,0,0,0,100,N,90,46,0,20230725,500,0,12.0,,0,,N,N,N,0,0,0,0,0.0,,81,,N,N,N
462520,KR7462520008,조선내화,ST,3.0,27,10,0,,N,,0,N,N,N,,N,N,,,,,N,,,0,,,N,,,,,,12860,1,1,N,N,N,0,N,N,N,0,0,0,60,Y,90,41274,500,20230728,11855,5927584000,12.0,,0,,N,N,Y,2581,100,66,29,0.98,20260630.0,1524,,N,N,N
462870,KR7462870007,시프트업,ST,2.0,29,0,0,,N,,0,N,N,N,,N,N,,,,,N,,,0,,,N,,,,,,31350,1,1,N,N,N,0,N,N,N,0,0,0,40,Y,90,29135,200,20240711,58741,11814378000,12.0,,0,,N,N,Y,1030,496,1001,795,0.0,20260630.0,18415,,N,N,N
462900,KR7462900002,KoAct 바이오헬스케어액티브,EF,,0,0,0,N,N,,0,N,N,N,2.0,N,N,,,,,N,,,0,,,Y,,,,,,13210,1,1,N,N,N,0,N,N,N,0,0,0,50,Y,90,889175,0,20230803,26350,0,12.0,,0,,N,N,N,0,0,0,0,0.0,,3480,,N,N,N
463050,KR7463050005,TIME K바이오액티브,EF,,0,0,0,N,N,,0,N,N,N,2.0,N,N,,,,,N,,,0,,,Y,,,,,,11715,1,1,N,N,N,0,N,N,N,0,0,0,100,N,90,393471,0,20230817,18900,0,12.0,,0,,N,N,N,0,0,0,0,0.0,,2214,,N,N,N
463250,KR7463250001,TIGER K방산&우주,EF,,0,0,0,N,N,,0,N,N,N,2.0,N,N,,,,,N,,,0,,,Y,,,,,,31725,1,1,N,N,N,0,N,N,N,0,0,0,40,Y,90,358931,0,20230725,14750,0,12.0,,0,,N,N,N,0,0,0,0,0.0,,4679,,N,N,N
463290,KR7463290007,1Q 단기금융채액티브,EF,,0,0,0,N,N,,0,N,N,N,2.0,N,N,,,,,N,,,0,,,Y,,,,,,109620,1,1,N,N,N,0,N,N,N,0,0,0,100,N,90,4660,0,20230803,1153,0,12.0,,0,,N,N,N,0,0,0,0,0.0,,1263,,N,N,N
463300,KR7463300004,RISE 중국본토CSI300,EF,,0,0,0,N,N,,0,N,N,N,2.0,N,N,,,,,N,,,0,,,Y,,,,,,12300,1,1,N,N,N,0,N,N,N,0,0,0,100,N,90,771,0,20230808,1600,0,12.0,,0,,N,N,N,0,0,0,0,0.0,,196,,N,N,N
463640,KR7463640003,KODEX 미국S&P500유틸리티,EF,,0,0,0,N,N,,0,N,N,N,2.0,N,N,,,,,N,,,0,,,Y,,,,,,12940,1,1,N,N,N,0,N,N,N,0,0,0,100,N,90,8862,0,20230801,800,0,12.0,,0,,N,N,N,0,0,0,0,0.0,,103,,N,N,N
463680,KR7463680009,KODEX 미국S&P500테크놀로지,EF,,0,0,0,N,N,,0,N,N,N,2.0,N,N,,,,,N,,,0,,,Y,,,,,,23265,1,1,N,N,N,0,N,N,N,0,0,0,100,N,90,23195,0,20230801,5750,0,12.0,,0,,N,N,N,0,0,0,0,0.0,,1337,,N,N,N
463690,KR7463690008,KODEX 미국S&P500커뮤니케이션,EF,,0,0,0,N,N,,0,N,N,N,2.0,N,N,,,,,N,,,0,,,Y,,,,,,17320,1,1,N,N,N,0,N,N,N,0,0,0,100,N,90,656,0,20230801,550,0,12.0,,0,,N,N,N,0,0,0,0,0.0,,95,,N,N,N
464310,KR7464310002,TIGER 글로벌AI&로보틱스 INDXX,EF,,0,0,0,N,N,,0,N,N,N,2.0,N,N,,,,,N,,,0,,,Y,,,,,,13380,1,1,N,N,N,0,N,N,N,0,0,0,100,N,90,8615,0,20230817,7800,0,12.0,,0,,N,N,N,0,0,0,0,0.0,,1043,,N,N,N
464470,KR7464470004,PLUS 미국채30년액티브,EF,,0,0,0,N,N,,0,N,N,N,2.0,N,N,,,,,N,,,0,,,Y,,,,,,43605,1,1,N,N,N,0,N,N,N,0,0,0,100,N,90,10466,0,20230822,834,0,12.0,,0,,N,N,N,0,0,0,0,0.0,,363,,N,N,N
464600,KR7464600006,SOL 자동차소부장Fn,EF,,0,0,0,N,N,,0,N,N,N,2.0,N,N,,,,,N,,,0,,,Y,,,,,,24660,1,1,N,N,N,0,N,N,N,0,0,0,100,N,90,5727,0,20230822,900,0,12.0,,0,,N,N,N,0,0,0,0,0.0,,221,,N,N,N
464610,KR7464610005,SOL 의료기기소부장Fn,EF,,0,0,0,N,N,,0,N,N,N,2.0,N,N,,,,,N,,,0,,,Y,,,,,,7100,1,1,N,N,N,0,N,N,N,0,0,0,100,N,90,16967,0,20230822,1600,0,12.0,,0,,N,N,N,0,0,0,0,0.0,,113,,N,N,N
464920,KR7464920008,PLUS 일본반도체소부장,EF,,0,0,0,N,N,,0,N,N,N,2.0,N,N,,,,,N,,,0,,,Y,,,,,,26290,1,1,N,N,N,0,N,N,N,0,0,0,100,N,90,51699,0,20230831,1200,0,12.0,,0,,N,N,N,0,0,0,0,0.0,,315,,N,N,N
464930,KR7464930007,TIGER 글로벌혁신블루칩TOP10,EF,,0,0,0,N,N,,0,N,N,N,2.0,N,N,,,,,N,,,0,,,Y,,,,,,20530,1,1,N,N,N,0,N,N,N,0,0,0,100,N,90,2506,0,20230829,5000,0,12.0,,0,,N,N,N,0,0,0,0,0.0,,1026,,N,N,N
465330,KR7465330009,RISE 2차전지TOP10,EF,,0,0,0,N,N,,0,N,N,N,2.0,N,N,,,,,N,,,0,,,Y,,,,,,12240,1,1,N,N,N,0,N,N,N,0,0,0,100,N,90,344886,0,20230912,5900,0,12.0,,0,,N,N,N,0,0,0,0,0.0,,722,,N,N,N
465350,KR7465350007,RISE 2차전지TOP10인버스(합성),EF,,0,0,0,N,N,,0,N,N,N,2.0,N,N,,,,,N,,,0,,,N,,,,,,14860,1,1,N,N,N,0,N,N,N,0,0,0,100,N,90,112121,0,20230912,2000,0,12.0,,0,,N,N,N,0,0,0,0,0.0,,297,,N,N,N
465580,KR7465580009,ACE 미국빅테크TOP7 Plus,EF,,0,0,0,N,N,,0,N,N,N,2.0,N,N,,,,,N,,,0,,,Y,,,,,,24985,1,1,N,N,N,0,N,N,N,0,0,0,40,Y,90,451882,0,20230912,50150,0,12.0,,0,,N,N,N,0,0,0,0,0.0,,12529,,N,N,N
465610,KR7465610004,ACE 미국빅테크TOP7 Plus레버리지(합성),EF,,0,0,0,N,N,,0,N,N,N,2.0,N,N,,,,,N,,,0,,,N,,,,,,44430,1,1,N,N,N,0,N,N,N,0,0,0,100,N,90,3407,0,20230912,2400,0,12.0,,0,,N,N,N,0,0,0,0,0.0,,1066,,N,N,N
465620,KR7465620003,ACE 미국빅테크TOP7 Plus인버스(합성),EF,,0,0,0,N,N,,0,N,N,N,2.0,N,N,,,,,N,,,0,,,N,,,,,,6250,1,1,N,N,N,0,N,N,N,0,0,0,100,N,90,2140,0,20230912,100,0,12.0,,0,,N,N,N,0,0,0,0,0.0,,6,,N,N,N
465660,KR7465660009,TIGER 일본반도체FACTSET,EF,,0,0,0,N,N,,0,N,N,N,2.0,N,N,,,,,N,,,0,,,Y,,,,,,27050,1,1,N,N,N,0,N,N,N,0,0,0,100,N,90,13525,0,20230919,2100,0,12.0,,0,,N,N,N,0,0,0,0,0.0,,568,,N,N,N
465670,KR7465670008,TIGER 미국캐시카우100,EF,,0,0,0,N,N,,0,N,N,N,2.0,N,N,,,,,N,,,0,,,Y,,,,,,15535,1,1,N,N,N,0,N,N,N,0,0,0,100,N,90,9340,0,20230919,1200,0,12.0,,0,,N,N,N,0,0,0,0,0.0,,186,,N,N,N
465770,KR7465770006,STX그린로지스,ST,3.0,19,0,0,,N,,0,N,N,N,,N,N,,,,,N,,,0,,,N,,,,,,2155,1,1,N,N,Y,0,N,N,N,0,0,0,100,N,90,560733,2500,20230915,7218,18045950000,12.0,,0,,N,N,Y,308,-15,111,110,-37.08,20260630.0,155,,N,N,N
466810,KR7466810009,BNK 2차전지양극재,EF,,0,0,0,N,N,,0,N,N,N,2.0,N,N,,,,,N,,,0,,,Y,,,,,,6345,1,1,N,N,N,0,N,N,N,0,0,0,100,N,90,22427,0,20231019,1500,0,12.0,,0,,N,N,N,0,0,0,0,0.0,,95,,N,N,N
466920,KR7466920006,SOL 조선TOP3플러스,EF,,0,0,0,N,N,,0,N,N,N,2.0,N,N,,,,,N,,,0,,,Y,,,,,,24865,1,1,N,N,N,0,N,N,N,0,0,0,40,Y,90,1059340,0,20231005,53050,0,12.0,,0,,N,N,N,0,0,0,0,0.0,,13190,,N,N,Y
466930,KR7466930005,SOL 자동차TOP3플러스,EF,,0,0,0,N,N,,0,N,N,N,2.0,N,N,,,,,N,,,0,,,Y,,,,,,23055,1,1,N,N,N,0,N,N,N,0,0,0,100,N,90,122924,0,20231005,7750,0,12.0,,0,,N,N,N,0,0,0,0,0.0,,1786,,N,N,N
466940,KR7466940004,TIGER 은행고배당플러스TOP10,EF,,0,0,0,N,N,,0,N,N,N,2.0,N,N,,,,,N,,,0,,,Y,,,,,,25675,1,1,N,N,N,0,N,N,N,0,0,0,40,Y,90,359729,0,20231017,31850,0,12.0,,0,,N,N,N,0,0,0,0,0.0,,8177,,N,N,N
466950,KR7466950003,TIGER 글로벌AI액티브,EF,,0,0,0,N,N,,0,N,N,N,2.0,N,N,,,,,N,,,0,,,Y,,,,,,32445,1,1,N,N,N,0,N,N,N,0,0,0,50,Y,90,85023,0,20231011,18870,0,12.0,,0,,N,N,N,0,0,0,0,0.0,,6122,,N,N,N
468370,KR7468370002,KODEX iShares미국인플레이션국채액티브,EF,,0,0,0,N,N,,0,N,N,N,2.0,N,N,,,,,N,,,0,,,Y,,,,,,10035,1,1,N,N,N,0,N,N,N,0,0,0,100,N,90,15070,0,20231019,1670,0,12.0,,0,,N,N,N,0,0,0,0,0.0,,167,,N,N,N
468380,KR7468380001,KODEX iShares미국하이일드액티브,EF,,0,0,0,N,N,,0,N,N,N,2.0,N,N,,,,,N,,,0,,,Y,,,,,,10305,1,1,N,N,N,0,N,N,N,0,0,0,100,N,90,90014,0,20231019,8440,0,12.0,,0,,N,N,N,0,0,0,0,0.0,,869,,N,N,N
468630,KR7468630009,KODEX iShares미국투자등급회사채액티브,EF,,0,0,0,N,N,,0,N,N,N,2.0,N,N,,,,,N,,,0,,,Y,,,,,,10140,1,1,N,N,N,0,N,N,N,0,0,0,100,N,90,31969,0,20231019,3010,0,12.0,,0,,N,N,N,0,0,0,0,0.0,,305,,N,N,N
469050,KR7469050009,RISE 미국반도체NYSE(H),EF,,0,0,0,N,N,,0,N,N,N,2.0,N,N,,,,,N,,,0,,,Y,,,,,,35295,1,1,N,N,N,0,N,N,N,0,0,0,100,N,90,76911,0,20231024,1100,0,12.0,,0,,N,N,N,0,0,0,0,0.0,,388,,N,N,N
469060,KR7469060008,RISE 미국반도체NYSE,EF,,0,0,0,N,N,,0,N,N,N,2.0,N,N,,,,,N,,,0,,,Y,,,,,,37850,1,1,N,N,N,0,N,N,N,0,0,0,100,N,90,12561,0,20231024,2200,0,12.0,,0,,N,N,N,0,0,0,0,0.0,,832,,N,N,N
469070,KR7469070007,RISE AI&로봇,EF,,0,0,0,N,N,,0,N,N,N,2.0,N,N,,,,,N,,,0,,,Y,,,,,,10940,1,1,N,N,N,0,N,N,N,0,0,0,40,Y,90,257036,0,20231024,33500,0,12.0,,0,,N,N,N,0,0,0,0,0.0,,3664,,N,N,N
469150,KR7469150007,ACE AI반도체TOP3+,EF,,0,0,0,N,N,,0,N,N,N,2.0,N,N,,,,,N,,,0,,,Y,,,,,,64420,1,1,N,N,N,0,N,N,N,0,0,0,40,Y,90,259327,0,20231017,20050,0,12.0,,0,,N,N,N,0,0,0,0,0.0,,12916,,N,N,N
469160,KR7469160006,ACE 일본반도체,EF,,0,0,0,N,N,,0,N,N,N,2.0,N,N,,,,,N,,,0,,,Y,,,,,,26725,1,1,N,N,N,0,N,N,N,0,0,0,100,N,90,5340,0,20231017,850,0,12.0,,0,,N,N,N,0,0,0,0,0.0,,227,,N,N,N
469170,KR7469170005,ACE 포스코그룹포커스,EF,,0,0,0,N,N,,0,N,N,N,2.0,N,N,,,,,N,,,0,,,Y,,,,,,5955,1,1,N,N,N,0,N,N,N,0,0,0,100,N,90,412014,0,20231017,20350,0,12.0,,0,,N,N,N,0,0,0,0,0.0,,1211,,N,N,N
469530,KR7469530000,RISE 미국달러선물인버스,EF,,0,0,0,N,N,,0,N,N,N,2.0,N,N,,,,,N,,,0,,,N,,,,,,9715,1,1,N,N,N,0,N,N,N,0,0,0,100,N,90,10,0,20231109,640,0,12.0,,0,,N,N,N,0,0,0,0,0.0,,62,,N,N,N
469790,KR7469790000,KIWOOM 코리아테크TOP10,EF,,0,0,0,N,N,,0,N,N,N,2.0,N,N,,,,,N,,,0,,,Y,,,,,,43550,1,1,N,N,N,0,N,N,N,0,0,0,100,N,90,954,0,20231031,700,0,12.0,,0,,N,N,N,0,0,0,0,0.0,,304,,N,N,N
469830,KR7469830004,SOL 초단기채권액티브,EF,,0,0,0,N,N,,0,N,N,N,2.0,N,N,,,,,N,,,0,,,Y,,,,,,54575,1,1,N,N,N,0,N,N,N,0,0,0,50,Y,90,143369,0,20231107,19532,0,12.0,,0,,N,N,N,0,0,0,0,0.0,,10659,,N,N,N
470310,KR7470310004,UNICORN 생성형AI강소기업액티브,EF,,0,0,0,N,N,,0,N,N,N,2.0,N,N,,,,,N,,,0,,,Y,,,,,,18090,1,1,N,N,N,0,N,N,N,0,0,0,100,N,90,383,0,20231121,300,0,12.0,,0,,N,N,N,0,0,0,0,0.0,,54,,N,N,N
471040,KR7471040006,KoAct 글로벌AI&로봇액티브,EF,,0,0,0,N,N,,0,N,N,N,2.0,N,N,,,,,N,,,0,,,Y,,,,,,30570,1,1,N,N,N,0,N,N,N,0,0,0,100,N,90,37760,0,20231121,9200,0,12.0,,0,,N,N,N,0,0,0,0,0.0,,2812,,N,N,N
471230,KR7471230003,KODEX 국고채10년액티브,EF,,0,0,0,N,N,,0,N,N,N,2.0,N,N,,,,,N,,,0,,,Y,,,,,,103975,1,1,N,N,N,0,N,N,N,0,0,0,50,Y,90,5368,0,20231114,4479,0,12.0,,0,,N,N,N,0,0,0,0,0.0,,4657,,N,N,N
471460,KR7471460006,KIWOOM 국고채30년액티브,EF,,0,0,0,N,N,,0,N,N,N,2.0,N,N,,,,,N,,,0,,,Y,,,,,,46090,1,1,N,N,N,0,N,N,N,0,0,0,100,N,90,1282,0,20231107,460,0,12.0,,0,,N,N,N,0,0,0,0,0.0,,212,,N,N,N
471760,KR7471760009,TIGER AI반도체핵심공정,EF,,0,0,0,N,N,,0,N,N,N,2.0,N,N,,,,,N,,,0,,,Y,,,,,,16790,1,1,N,N,N,0,N,N,N,0,0,0,100,N,90,1748516,0,20231121,9500,0,12.0,,0,,N,N,N,0,0,0,0,0.0,,1595,,N,N,N
471780,KR7471780007,TIGER 코리아테크액티브,EF,,0,0,0,N,N,,0,N,N,N,2.0,N,N,,,,,N,,,0,,,Y,,,,,,39500,1,1,N,N,N,0,N,N,N,0,0,0,100,N,90,103500,0,20231128,7800,0,12.0,,0,,N,N,N,0,0,0,0,0.0,,3081,,N,N,N
471990,KR7471990002,KODEX AI반도체핵심장비,EF,,0,0,0,N,N,,0,N,N,N,2.0,N,N,,,,,N,,,0,,,Y,,,,,,30485,1,1,N,N,N,0,N,N,N,0,0,0,40,Y,90,2510191,0,20231121,21600,0,12.0,,0,,N,N,N,0,0,0,0,0.0,,6584,,N,N,N
472150,KR7472150002,TIGER 배당커버드콜액티브,EF,,0,0,0,N,N,,0,N,N,N,2.0,N,N,,,,,N,,,0,,,Y,,,,,,19950,1,1,N,N,N,0,N,N,N,0,0,0,50,Y,90,3500756,0,20231212,136820,0,12.0,,0,,N,N,N,0,0,0,0,0.0,,27295,,N,N,N
472160,KR7472160001,TIGER 미국테크TOP10 INDXX(H),EF,,0,0,0,N,N,,0,N,N,N,2.0,N,N,,,,,N,,,0,,,Y,,,,,,19995,1,1,N,N,N,0,N,N,N,0,0,0,100,N,90,218335,0,20231205,11700,0,12.0,,0,,N,N,N,0,0,0,0,0.0,,2339,,N,N,N
472170,KR7472170000,TIGER 미국테크TOP10채권혼합,EF,,0,0,0,N,N,,0,N,N,N,2.0,N,N,,,,,N,,,0,,,Y,,,,,,14165,1,1,N,N,N,0,N,N,N,0,0,0,100,N,90,118330,0,20231205,24650,0,12.0,,0,,N,N,N,0,0,0,0,0.0,,3491,,N,N,N
472720,KR7472720002,TRUSTON 주주가치액티브,EF,,0,0,0,N,N,,0,N,N,N,2.0,N,N,,,,,N,,,0,,,Y,,,,,,25215,1,1,N,N,N,0,N,N,N,0,0,0,100,N,90,503,0,20231214,520,0,12.0,,0,,N,N,N,0,0,0,0,0.0,,131,,N,N,N
472830,KR7472830009,RISE 미국30년국채커버드콜(합성),EF,,0,0,0,N,N,,0,N,N,N,2.0,N,N,,,,,N,,,0,,,Y,,,,,,7145,1,1,N,N,N,0,N,N,N,0,0,0,100,N,90,35197,0,20231214,5550,0,12.0,,0,,N,N,N,0,0,0,0,0.0,,396,,N,N,N
472840,KR7472840008,IBK 200,EF,,0,0,0,N,N,,0,N,N,N,2.0,N,N,,,,,N,,,0,,,Y,,,,,,108325,1,1,N,N,N,0,N,N,N,0,0,0,100,N,90,573,0,20231221,375,0,12.0,,0,,N,N,N,0,0,0,0,0.0,,406,,N,N,N
472870,KR7472870005,RISE 미국30년국채엔화노출(합성 H),EF,,0,0,0,N,N,,0,N,N,N,2.0,N,N,,,,,N,,,0,,,Y,,,,,,6265,1,1,N,N,N,0,N,N,N,0,0,0,100,N,90,156196,0,20231227,24250,0,12.0,,0,,N,N,N,0,0,0,0,0.0,,1519,,N,N,N
472920,KR7472920008,HK 종합채권(AA-이상)액티브,EF,,0,0,0,N,N,,0,N,N,N,2.0,N,N,,,,,N,,,0,,,Y,,,,,,98700,1,1,N,N,N,0,N,N,N,0,0,0,100,N,90,53,0,20231128,2586,0,12.0,,0,,N,N,N,0,0,0,0,0.0,,2552,,N,N,N
473290,KR7473290005,KODEX 26-12 회사채(AA-이상)액티브,EF,,0,0,0,N,N,,0,N,N,N,2.0,N,N,,,,,N,,,0,,,Y,,,,,,10905,1,1,N,N,N,0,N,N,N,0,0,0,50,Y,90,5410,0,20231212,25110,0,12.0,,0,,N,N,N,0,0,0,0,0.0,,2738,,N,N,N
473330,KR7473330009,SOL 미국30년국채커버드콜(합성),EF,,0,0,0,N,N,,0,N,N,N,2.0,N,N,,,,,N,,,0,,,Y,,,,,,7260,1,1,N,N,N,0,N,N,N,0,0,0,100,N,90,214136,0,20231227,36100,0,12.0,,0,,N,N,N,0,0,0,0,0.0,,2620,,N,N,N
473440,KR7473440006,ACE 11월만기자동연장회사채AA-이상액티브,EF,,0,0,0,N,N,,0,N,N,N,2.0,N,N,,,,,N,,,0,,,Y,,,,,,10885,1,1,N,N,N,0,N,N,N,0,0,0,100,N,90,194,0,20231219,8700,0,12.0,,0,,N,N,N,0,0,0,0,0.0,,946,,N,N,N
473460,KR7473460004,KODEX 미국서학개미,EF,,0,0,0,N,N,,0,N,N,N,2.0,N,N,,,,,N,,,0,,,Y,,,,,,24400,1,1,N,N,N,0,N,N,N,0,0,0,100,N,90,23510,0,20231227,7550,0,12.0,,0,,N,N,N,0,0,0,0,0.0,,1842,,N,N,N
473490,KR7473490001,KIWOOM 글로벌AI반도체,EF,,0,0,0,N,N,,0,N,N,N,2.0,N,N,,,,,N,,,0,,,Y,,,,,,34450,1,1,N,N,N,0,N,N,N,0,0,0,100,N,90,11550,0,20231221,1500,0,12.0,,0,,N,N,N,0,0,0,0,0.0,,516,,N,N,N
473590,KR7473590008,ACE 미국주식베스트셀러,EF,,0,0,0,N,N,,0,N,N,N,2.0,N,N,,,,,N,,,0,,,Y,,,,,,20185,1,1,N,N,N,0,N,N,N,0,0,0,100,N,90,11270,0,20231227,2350,0,12.0,,0,,N,N,N,0,0,0,0,0.0,,474,,N,N,N
473640,KR7473640001,HANARO 글로벌금채굴기업,EF,,0,0,0,N,N,,0,N,N,N,2.0,N,N,,,,,N,,,0,,,Y,,,,,,30505,1,1,N,N,N,0,N,N,N,0,0,0,100,N,90,8227,0,20240118,2100,0,12.0,,0,,N,N,N,0,0,0,0,0.0,,640,,N,N,N
474220,KR7474220001,TIGER 미국테크TOP10타겟커버드콜,EF,,0,0,0,N,N,,0,N,N,N,2.0,N,N,,,,,N,,,0,,,Y,,,,,,15065,1,1,N,N,N,0,N,N,N,0,0,0,50,Y,90,56316,0,20240116,28250,0,12.0,,0,,N,N,N,0,0,0,0,0.0,,4255,,N,N,N
474390,KR7474390002,SOL 국고채30년액티브,EF,,0,0,0,N,N,,0,N,N,N,2.0,N,N,,,,,N,,,0,,,Y,,,,,,41265,1,1,N,N,N,0,N,N,N,0,0,0,100,N,90,5084,0,20240116,114,0,12.0,,0,,N,N,N,0,0,0,0,0.0,,47,,N,N,N
474590,KR7474590007,WON 반도체밸류체인액티브,EF,,0,0,0,N,N,,0,N,N,N,2.0,N,N,,,,,N,,,0,,,Y,,,,,,50375,1,1,N,N,N,0,N,N,N,0,0,0,100,N,90,73839,0,20240116,7700,0,12.0,,0,,N,N,N,0,0,0,0,0.0,,3878,,N,N,N
474800,KR7474800000,KIWOOM 미국원유에너지기업,EF,,0,0,0,N,N,,0,N,N,N,2.0,N,N,,,,,N,,,0,,,Y,,,,,,15620,1,1,N,N,N,0,N,N,N,0,0,0,100,N,90,47447,0,20240116,2100,0,12.0,,0,,N,N,N,0,0,0,0,0.0,,328,,N,N,N
474920,KR7474920006,에셋플러스 차이나일등기업포커스10액티브,EF,,0,0,0,N,N,,0,N,N,N,2.0,N,N,,,,,N,,,0,,,Y,,,,,,17175,1,1,N,N,N,0,N,N,N,0,0,0,100,N,90,394,0,20240116,940,0,12.0,,0,,N,N,N,0,0,0,0,0.0,,161,,N,N,N
475050,KR7475050001,ACE KPOP포커스,EF,,0,0,0,N,N,,0,N,N,N,2.0,N,N,,,,,N,,,0,,,Y,,,,,,6810,1,1,N,N,N,0,N,N,N,0,0,0,100,N,90,1584502,0,20240130,15350,0,12.0,,0,,N,N,N,0,0,0,0,0.0,,1045,,N,N,N
475070,KR7475070009,KoAct 글로벌친환경전력인프라액티브,EF,,0,0,0,N,N,,0,N,N,N,2.0,N,N,,,,,N,,,0,,,Y,,,,,,30485,1,1,N,N,N,0,N,N,N,0,0,0,100,N,90,10049,0,20240118,1100,0,12.0,,0,,N,N,N,0,0,0,0,0.0,,335,,N,N,N
475080,KR7475080008,KODEX 테슬라커버드콜채권혼합액티브,EF,,0,0,0,N,N,,0,N,N,N,2.0,N,N,,,,,N,,,0,,,Y,,,,,,7840,1,1,N,N,N,0,N,N,N,0,0,0,100,N,90,88511,0,20240123,36350,0,12.0,,0,,N,N,N,0,0,0,0,0.0,,2849,,N,N,N
475150,KR7475150009,SK이터닉스,ST,2.0,18,0,0,,N,,0,N,N,Y,,N,N,,,,,N,,,0,,,N,,,,,,49100,1,1,N,N,N,0,N,N,N,0,0,0,50,Y,90,481943,200,20240329,34067,6813400800,12.0,,0,,N,Y,Y,2684,96,-108,-80,2.83,20260630.0,16726,535,N,N,Y
475260,KR7475260006,ACE 2월만기자동연장회사채AA-이상액티브,EF,,0,0,0,N,N,,0,N,N,N,2.0,N,N,,,,,N,,,0,,,Y,,,,,,10775,1,1,N,N,N,0,N,N,N,0,0,0,100,N,90,507,0,20240123,4610,0,12.0,,0,,N,N,N,0,0,0,0,0.0,,496,,N,N,N
475270,KR7475270005,ACE 5월만기자동연장회사채AA-이상액티브,EF,,0,0,0,N,N,,0,N,N,N,2.0,N,N,,,,,N,,,0,,,Y,,,,,,10755,1,1,N,N,N,0,N,N,N,0,0,0,100,N,90,1,0,20240123,2380,0,12.0,,0,,N,N,N,0,0,0,0,0.0,,255,,N,N,N
475280,KR7475280004,ACE 8월만기자동연장회사채AA-이상액티브,EF,,0,0,0,N,N,,0,N,N,N,2.0,N,N,,,,,N,,,0,,,Y,,,,,,10750,1,1,N,N,N,0,N,N,N,0,0,0,100,N,90,3248,0,20240123,7550,0,12.0,,0,,N,N,N,0,0,0,0,0.0,,811,,N,N,N
475300,KR7475300000,SOL 반도체전공정,EF,,0,0,0,N,N,,0,N,N,N,2.0,N,N,,,,,N,,,0,,,Y,,,,,,26515,1,1,N,N,N,0,N,N,N,0,0,0,100,N,90,2794963,0,20240214,16600,0,12.0,,0,,N,N,N,0,0,0,0,0.0,,4401,,N,N,N
475310,KR7475310009,SOL 반도체후공정,EF,,0,0,0,N,N,,0,N,N,N,2.0,N,N,,,,,N,,,0,,,Y,,,,,,32870,1,1,N,N,N,0,N,N,N,0,0,0,100,N,90,1062573,0,20240214,4850,0,12.0,,0,,N,N,N,0,0,0,0,0.0,,1594,,N,N,N
475350,KR7475350005,RISE 버크셔포트폴리오TOP10,EF,,0,0,0,N,N,,0,N,N,N,2.0,N,N,,,,,N,,,0,,,Y,,,,,,13885,1,1,N,N,N,0,N,N,N,0,0,0,100,N,90,14691,0,20240227,5100,0,12.0,,0,,N,N,N,0,0,0,0,0.0,,708,,N,N,N
475380,KR7475380002,RISE 글로벌리얼티인컴,EF,,0,0,0,N,N,,0,N,N,N,2.0,N,N,,,,,N,,,0,,,Y,,,,,,9600,1,1,N,N,N,0,N,N,N,0,0,0,100,N,90,19424,0,20240220,2650,0,12.0,,0,,N,N,N,0,0,0,0,0.0,,254,,N,N,N
475560,KR7475560009,더본코리아,ST,3.0,16,0,0,,N,,0,N,N,N,,N,N,,,,,N,,,0,,,N,,,,,,14200,1,1,N,N,N,0,N,N,N,0,0,0,100,N,90,11612,500,20241106,14827,7552705000,12.0,,0,,N,N,Y,1628,-98,-71,-67,-2.74,20260630.0,2105,,N,N,N
475630,KR7475630000,TIGER CD1년금리액티브(합성),EF,,0,0,0,N,N,,0,N,N,N,2.0,N,N,,,,,N,,,0,,,Y,,,,,,1079715,1,1,N,N,N,0,N,N,N,0,0,0,50,Y,90,38301,0,20240206,1222,0,12.0,,0,,N,N,N,0,0,0,0,0.0,,13203,,N,N,N
475720,KR7475720009,RISE 200위클리커버드콜,EF,,0,0,0,N,N,,0,N,N,N,2.0,N,N,,,,,N,,,0,,,Y,,,,,,12540,1,1,N,N,N,0,N,N,N,0,0,0,50,Y,90,745612,0,20240305,69300,0,12.0,,0,,N,N,N,0,0,0,0,0.0,,8690,,N,N,N
476000,KR7476000005,UNICORN 포스트IPO액티브,EF,,0,0,0,N,N,,0,N,N,N,2.0,N,N,,,,,N,,,0,,,Y,,,,,,5140,1,1,N,N,N,0,N,N,N,0,0,0,100,N,90,421,0,20240227,550,0,12.0,,0,,N,N,N,0,0,0,0,0.0,,28,,N,N,N
476030,KR7476030002,SOL 미국나스닥100,EF,,0,0,0,N,N,,0,N,N,N,2.0,N,N,,,,,N,,,0,,,Y,,,,,,17560,1,1,N,N,N,0,N,N,N,0,0,0,100,N,90,33264,0,20240312,7900,0,12.0,,0,,N,N,N,0,0,0,0,0.0,,1387,,N,N,N
476070,KR7476070008,KODEX 글로벌비만치료제TOP2 Plus,EF,,0,0,0,N,N,,0,N,N,N,2.0,N,N,,,,,N,,,0,,,Y,,,,,,9785,1,1,N,N,N,0,N,N,N,0,0,0,100,N,90,7421,0,20240214,2600,0,12.0,,0,,N,N,N,0,0,0,0,0.0,,254,,N,N,N
476260,KR7476260005,HANARO 반도체핵심공정주도주,EF,,0,0,0,N,N,,0,N,N,N,2.0,N,N,,,,,N,,,0,,,Y,,,,,,14995,1,1,N,N,N,0,N,N,N,0,0,0,100,N,90,524223,0,20240227,3650,0,12.0,,0,,N,N,N,0,0,0,0,0.0,,547,,N,N,N
476310,KR7476310008,RISE 글로벌비만산업TOP2+,EF,,0,0,0,N,N,,0,N,N,N,2.0,N,N,,,,,N,,,0,,,Y,,,,,,8770,1,1,N,N,N,0,N,N,N,0,0,0,100,N,90,231,0,20240227,550,0,12.0,,0,,N,N,N,0,0,0,0,0.0,,48,,N,N,N
476450,KR7476450002,KIWOOM 머니마켓액티브,EF,,0,0,0,N,N,,0,N,N,N,2.0,N,N,,,,,N,,,0,,,Y,,,,,,52960,1,1,N,N,N,0,N,N,N,0,0,0,100,N,90,931,0,20240229,3458,0,12.0,,0,,N,N,N,0,0,0,0,0.0,,1831,,N,N,N
476550,KR7476550009,TIGER 미국30년국채커버드콜액티브(H),EF,,0,0,0,N,N,,0,N,N,N,2.0,N,N,,,,,N,,,0,,,Y,,,,,,6325,1,1,N,N,N,0,N,N,N,0,0,0,50,Y,90,690247,0,20240227,116100,0,12.0,,0,,N,N,N,0,0,0,0,0.0,,7343,,N,N,N
476690,KR7476690003,TIGER 글로벌비만치료제TOP2Plus,EF,,0,0,0,N,N,,0,N,N,N,2.0,N,N,,,,,N,,,0,,,Y,,,,,,9605,1,1,N,N,N,0,N,N,N,0,0,0,100,N,90,8124,0,20240229,3000,0,12.0,,0,,N,N,N,0,0,0,0,0.0,,288,,N,N,N
476750,KR7476750005,ACE 미국30년국채엔화노출액티브(H),EF,,0,0,0,N,N,,0,N,N,N,2.0,N,N,,,,,N,,,0,,,Y,,,,,,6765,1,1,N,N,N,0,N,N,N,0,0,0,100,N,90,159063,0,20240312,8300,0,12.0,,0,,N,N,N,0,0,0,0,0.0,,561,,N,N,N
476760,KR7476760004,ACE 미국30년국채액티브,EF,,0,0,0,N,N,,0,N,N,N,2.0,N,N,,,,,N,,,0,,,Y,,,,,,8110,1,1,N,N,N,0,N,N,N,0,0,0,100,N,90,762862,0,20240312,47700,0,12.0,,0,,N,N,N,0,0,0,0,0.0,,3868,,N,N,N
476800,KR7476800008,KODEX 한국부동산리츠인프라,EF,,0,0,0,N,N,,0,N,N,N,2.0,N,N,,,,,N,,,0,,,Y,,,,,,4200,1,1,N,N,N,0,N,N,N,0,0,0,100,N,90,410184,0,20240305,116950,0,12.0,,0,,N,N,N,0,0,0,0,0.0,,4911,,N,N,N
476850,KR7476850003,KoAct 배당성장액티브,EF,,0,0,0,N,N,,0,N,N,N,2.0,N,N,,,,,N,,,0,,,Y,,,,,,21795,1,1,N,N,N,0,N,N,N,0,0,0,100,N,90,47740,0,20240227,5050,0,11.0,,0,,N,N,N,0,0,0,0,0.0,,1100,,N,N,N
477050,KR7477050009,PLUS 머니마켓액티브,EF,,0,0,0,N,N,,0,N,N,N,2.0,N,N,,,,,N,,,0,,,Y,,,,,,53705,1,1,N,N,N,0,N,N,N,0,0,0,100,N,90,16777,0,20240326,10812,0,12.0,,0,,N,N,N,0,0,0,0,0.0,,5806,,N,N,N
477080,KR7477080006,RISE CD금리액티브(합성),EF,,0,0,0,N,N,,0,N,N,N,2.0,N,N,,,,,N,,,0,,,Y,,,,,,107815,1,1,N,N,N,0,N,N,N,0,0,0,50,Y,90,5512,0,20240326,14449,0,12.0,,0,,N,N,N,0,0,0,0,0.0,,15578,,N,N,N
477490,KR7477490007,에셋플러스 글로벌일등기업포커스10액티브,EF,,0,0,0,N,N,,0,N,N,N,2.0,N,N,,,,,N,,,0,,,Y,,,,,,19000,1,1,N,N,N,0,N,N,N,0,0,0,100,N,90,86,0,20240319,900,0,12.0,,0,,N,N,N,0,0,0,0,0.0,,171,,N,N,N
477730,KR7477730006,KODEX 인도타타그룹,EF,,0,0,0,N,N,,0,N,N,N,2.0,N,N,,,,,N,,,0,,,Y,,,,,,6645,1,1,N,N,N,0,N,N,N,0,0,0,100,N,90,1606,0,20240508,2950,0,12.0,,0,,N,N,N,0,0,0,0,0.0,,196,,N,N,N
478150,KR7478150006,TIME 글로벌우주테크&방산액티브,EF,,0,0,0,N,N,,0,N,N,N,2.0,N,N,,,,,N,,,0,,,Y,,,,,,17400,1,1,N,N,N,0,N,N,N,0,0,0,100,N,90,43186,0,20240423,11900,0,12.0,,0,,N,N,N,0,0,0,0,0.0,,2070,,N,N,N
479080,KR7479080004,1Q 머니마켓액티브,EF,,0,0,0,N,N,,0,N,N,N,2.0,N,N,,,,,N,,,0,,,Y,,,,,,53960,1,1,N,N,N,0,N,N,N,0,0,0,50,Y,90,14164,0,20240402,16174,0,12.0,,0,,N,N,N,0,0,0,0,0.0,,8727,,N,N,N
479520,KR7479520009,RISE KOFR금리액티브(합성),EF,,0,0,0,N,N,,0,N,N,N,2.0,N,N,,,,,N,,,0,,,Y,,,,,,106705,1,1,N,N,N,0,N,N,N,0,0,0,50,Y,90,14648,0,20240430,9427,0,12.0,,0,,N,N,N,0,0,0,0,0.0,,10059,,N,N,N
479620,KR7479620007,SOL 미국AI반도체칩메이커,EF,,0,0,0,N,N,,0,N,N,N,2.0,N,N,,,,,N,,,0,,,Y,,,,,,27755,1,1,N,N,N,0,N,N,N,0,0,0,100,N,90,24844,0,20240416,3500,0,12.0,,0,,N,N,N,0,0,0,0,0.0,,971,,N,N,N
479730,KR7479730004,TIGER 인도빌리언컨슈머,EF,,0,0,0,N,N,,0,N,N,N,2.0,N,N,,,,,N,,,0,,,Y,,,,,,8800,1,1,N,N,N,0,N,N,N,0,0,0,100,N,90,10073,0,20240514,5900,0,12.0,,0,,N,N,N,0,0,0,0,0.0,,519,,N,N,N
479850,KR7479850000,HANARO K-뷰티,EF,,0,0,0,N,N,,0,N,N,N,2.0,N,N,,,,,N,,,0,,,Y,,,,,,17635,1,1,N,N,N,0,N,N,N,0,0,0,100,N,90,88762,0,20240416,1350,0,12.0,,0,,N,N,N,0,0,0,0,0.0,,238,,N,N,N
480020,KR7480020007,ACE 미국빅테크7+데일리타겟커버드콜(합성),EF,,0,0,0,N,N,,0,N,N,N,2.0,N,N,,,,,N,,,0,,,Y,,,,,,10180,1,1,N,N,N,0,N,N,N,0,0,0,100,N,90,378244,0,20240423,18400,0,12.0,,0,,N,N,N,0,0,0,0,0.0,,1873,,N,N,N
480030,KR7480030006,ACE 미국500데일리타겟커버드콜(합성),EF,,0,0,0,N,N,,0,N,N,N,2.0,N,N,,,,,N,,,0,,,Y,,,,,,9620,1,1,N,N,N,0,N,N,N,0,0,0,100,N,90,120116,0,20240423,16800,0,12.0,,0,,N,N,N,0,0,0,0,0.0,,1616,,N,N,N
480040,KR7480040005,ACE 미국반도체데일리타겟커버드콜(합성),EF,,0,0,0,N,N,,0,N,N,N,2.0,N,N,,,,,N,,,0,,,Y,,,,,,15325,1,1,N,N,N,0,N,N,N,0,0,0,100,N,90,260967,0,20240423,14300,0,12.0,,0,,N,N,N,0,0,0,0,0.0,,2191,,N,N,N
480260,KR7480260009,TIGER 27-04회사채(A+이상)액티브,EF,,0,0,0,N,N,,0,N,N,N,2.0,N,N,,,,,N,,,0,,,Y,,,,,,53965,1,1,N,N,N,0,N,N,N,0,0,0,100,N,90,3544,0,20240423,7346,0,12.0,,0,,N,N,N,0,0,0,0,0.0,,3964,,N,N,N
480310,KR7480310002,TIGER 글로벌온디바이스AI,EF,,0,0,0,N,N,,0,N,N,N,2.0,N,N,,,,,N,,,0,,,Y,,,,,,21825,1,1,N,N,N,0,N,N,N,0,0,0,100,N,90,7715,0,20240416,2600,0,12.0,,0,,N,N,N,0,0,0,0,0.0,,567,,N,N,N
480370,KR7480370006,씨케이솔루션,ST,3.0,27,12,0,,N,,0,N,N,N,,N,N,,,,,N,,,0,,,N,,,,,,2100,1,1,N,N,N,0,N,N,N,0,0,0,100,N,90,458995,100,20250317,32481,3258913300,12.0,,0,,N,N,Y,1393,-156,-114,-122,-43.89,20260630.0,682,,N,N,N
480460,KR7480460005,WON 한국부동산TOP3플러스,EF,,0,0,0,N,N,,0,N,N,N,2.0,N,N,,,,,N,,,0,,,Y,,,,,,9100,1,1,N,N,N,0,N,N,N,0,0,0,100,N,90,327,0,20240430,850,0,12.0,,0,,N,N,N,0,0,0,0,0.0,,77,,N,N,N
481050,KR7481050003,KODEX CD1년금리플러스액티브(합성),EF,,0,0,0,N,N,,0,N,N,N,2.0,N,N,,,,,N,,,0,,,Y,,,,,,1022475,1,1,N,N,N,0,N,N,N,0,0,0,50,Y,90,31814,0,20240423,2607,0,12.0,,0,,N,N,N,0,0,0,0,0.0,,26662,,N,N,N
481060,KR7481060002,KODEX 미국30년국채타겟커버드콜(합성 H),EF,,0,0,0,N,N,,0,N,N,N,2.0,N,N,,,,,N,,,0,,,Y,,,,,,6975,1,1,N,N,N,0,N,N,N,0,0,0,50,Y,90,402586,0,20240430,101550,0,12.0,,0,,N,N,N,0,0,0,0,0.0,,7083,,N,N,N
481180,KR7481180008,SOL 미국AI소프트웨어,EF,,0,0,0,N,N,,0,N,N,N,2.0,N,N,,,,,N,,,0,,,Y,,,,,,16825,1,1,N,N,N,0,N,N,N,0,0,0,100,N,90,55996,0,20240514,8600,0,12.0,,0,,N,N,N,0,0,0,0,0.0,,1446,,N,N,N
481190,KR7481190007,SOL 미국테크TOP10,EF,,0,0,0,N,N,,0,N,N,N,2.0,N,N,,,,,N,,,0,,,Y,,,,,,17345,1,1,N,N,N,0,N,N,N,0,0,0,100,N,90,79465,0,20240521,17300,0,12.0,,0,,N,N,N,0,0,0,0,0.0,,3000,,N,N,N
481340,KR7481340008,RISE 미국30년국채액티브,EF,,0,0,0,N,N,,0,N,N,N,2.0,N,N,,,,,N,,,0,,,Y,,,,,,7700,1,1,N,N,N,0,N,N,N,0,0,0,100,N,90,54084,0,20240528,3400,0,12.0,,0,,N,N,N,0,0,0,0,0.0,,261,,N,N,N
481430,KR7481430007,RISE 국고채10년액티브,EF,,0,0,0,N,N,,0,N,N,N,2.0,N,N,,,,,N,,,0,,,Y,,,,,,98275,1,1,N,N,N,0,N,N,N,0,0,0,100,N,90,1336,0,20240521,482,0,12.0,,0,,N,N,N,0,0,0,0,0.0,,473,,N,N,N
481850,KR7481850006,신한글로벌액티브리츠,RT,3.0,21,0,0,,N,,0,N,N,N,,N,N,,,,,N,,,0,,,Y,,,,,,975,1,1,N,N,N,0,N,N,N,0,0,0,100,N,90,12723,1000,20240701,43477,43477664000,,,0,,N,N,Y,13,12,11,11,-0.79,20260530.0,423,,N,N,N
482030,KR7482030004,KoAct 반도체&2차전지핵심소재액티브,EF,,0,0,0,N,N,,0,N,N,N,2.0,N,N,,,,,N,,,0,,,Y,,,,,,10080,1,1,N,N,N,0,N,N,N,0,0,0,100,N,90,49366,0,20240514,1050,0,12.0,,0,,N,N,N,0,0,0,0,0.0,,105,,N,N,N
482730,KR7482730009,TIGER 미국S&P500타겟데일리커버드콜,EF,,0,0,0,N,N,,0,N,N,N,2.0,N,N,,,,,N,,,0,,,Y,,,,,,11530,1,1,N,N,N,0,N,N,N,0,0,0,50,Y,90,333481,0,20240521,59400,0,12.0,,0,,N,N,N,0,0,0,0,0.0,,6848,,N,N,N
483020,KR7483020004,KIWOOM 의료AI,EF,,0,0,0,N,N,,0,N,N,N,2.0,N,N,,,,,N,,,0,,,Y,,,,,,9070,1,1,N,N,N,0,N,N,N,0,0,0,100,N,90,4454,0,20240528,650,0,12.0,,0,,N,N,N,0,0,0,0,0.0,,58,,N,N,N
483030,KR7483030003,KIWOOM 미국블록버스터바이오테크의약품+,EF,,0,0,0,N,N,,0,N,N,N,2.0,N,N,,,,,N,,,0,,,Y,,,,,,11065,1,1,N,N,N,0,N,N,N,0,0,0,100,N,90,1237,0,20240528,450,0,12.0,,0,,N,N,N,0,0,0,0,0.0,,49,,N,N,N
483280,KR7483280004,KODEX 미국AI테크TOP10타겟커버드콜,EF,,0,0,0,N,N,,0,N,N,N,2.0,N,N,,,,,N,,,0,,,Y,,,,,,11975,1,1,N,N,N,0,N,N,N,0,0,0,50,Y,90,133371,0,20240528,39600,0,12.0,,0,,N,N,N,0,0,0,0,0.0,,4742,,N,N,N
483290,KR7483290003,KODEX 미국배당다우존스타겟커버드콜,EF,,0,0,0,N,N,,0,N,N,N,2.0,N,N,,,,,N,,,0,,,Y,,,,,,9480,1,1,N,N,N,0,N,N,N,0,0,0,100,N,90,103432,0,20240528,17800,0,12.0,,0,,N,N,N,0,0,0,0,0.0,,1687,,N,N,N
483320,KR7483320008,ACE 엔비디아밸류체인액티브,EF,,0,0,0,N,N,,0,N,N,N,2.0,N,N,,,,,N,,,0,,,Y,,,,,,26610,1,1,N,N,N,0,N,N,N,0,0,0,100,N,90,44165,0,20240611,11650,0,12.0,,0,,N,N,N,0,0,0,0,0.0,,3100,,N,N,N
483330,KR7483330007,ACE 마이크로소프트밸류체인액티브,EF,,0,0,0,N,N,,0,N,N,N,2.0,N,N,,,,,N,,,0,,,Y,,,,,,15505,1,1,N,N,N,0,N,N,N,0,0,0,100,N,90,16496,0,20240611,1050,0,12.0,,0,,N,N,N,0,0,0,0,0.0,,162,,N,N,N
483340,KR7483340006,ACE 구글밸류체인액티브,EF,,0,0,0,N,N,,0,N,N,N,2.0,N,N,,,,,N,,,0,,,Y,,,,,,23350,1,1,N,N,N,0,N,N,N,0,0,0,100,N,90,47014,0,20240611,11300,0,12.0,,0,,N,N,N,0,0,0,0,0.0,,2638,,N,N,N
483570,KR7483570008,KCGI 미국S&P500 TOP10,EF,,0,0,0,N,N,,0,N,N,N,2.0,N,N,,,,,N,,,0,,,Y,,,,,,16100,1,1,N,N,N,0,N,N,N,0,0,0,100,N,90,1828,0,20240528,1600,0,12.0,,0,,N,N,N,0,0,0,0,0.0,,257,,N,N,N
483650,KR7483650008,달바글로벌,ST,2.0,27,8,0,,N,,7,N,N,Y,,N,N,,,,,N,,,0,,,N,,,,,,182800,1,1,N,N,N,0,N,N,N,0,0,0,40,Y,90,128530,100,20250522,12527,1252716500,12.0,,0,,N,Y,Y,3581,923,983,744,49.41,20260630.0,22899,,N,N,Y
484790,KR7484790001,KODEX 미국30년국채액티브(H),EF,,0,0,0,N,N,,0,N,N,N,2.0,N,N,,,,,N,,,0,,,Y,,,,,,7730,1,1,N,N,N,0,N,N,N,0,0,0,50,Y,90,355496,0,20240618,74460,0,12.0,,0,,N,N,N,0,0,0,0,0.0,,5755,,N,N,N
484870,KR7484870001,엠앤씨솔루션,ST,3.0,27,12,0,,N,,0,N,N,N,,N,N,,,,,N,,,0,,,N,,,,,,19270,1,1,N,N,N,0,N,N,N,0,0,0,40,Y,90,192678,100,20241216,27461,2746170000,12.0,,0,,N,N,Y,2828,348,344,270,21.82,20241231.0,5291,,N,N,Y
484880,KR7484880000,SOL 금융지주플러스고배당,EF,,0,0,0,N,N,,0,N,N,N,2.0,N,N,,,,,N,,,0,,,Y,,,,,,21880,1,1,N,N,N,0,N,N,N,0,0,0,100,N,90,326220,0,20240625,15600,0,12.0,,0,,N,N,N,0,0,0,0,0.0,,3413,,N,N,N
484890,KR7484890009,SOL 머니마켓액티브,EF,,0,0,0,N,N,,0,N,N,N,2.0,N,N,,,,,N,,,0,,,Y,,,,,,52705,1,1,N,N,N,0,N,N,N,0,0,0,100,N,90,12157,0,20240625,254,0,12.0,,0,,N,N,N,0,0,0,0,0.0,,133,,N,N,N
485540,KR7485540009,KODEX 미국AI테크TOP10,EF,,0,0,0,N,N,,0,N,N,N,2.0,N,N,,,,,N,,,0,,,Y,,,,,,15860,1,1,N,N,N,0,N,N,N,0,0,0,100,N,90,193566,0,20240625,20350,0,12.0,,0,,N,N,N,0,0,0,0,0.0,,3227,,N,N,N
485690,KR7485690002,RISE 미국AI밸류체인TOP3Plus,EF,,0,0,0,N,N,,0,N,N,N,2.0,N,N,,,,,N,,,0,,,Y,,,,,,23445,1,1,N,N,N,0,N,N,N,0,0,0,100,N,90,100589,0,20240723,3700,0,12.0,,0,,N,N,N,0,0,0,0,0.0,,867,,N,N,N
485810,KR7485810006,TIME 글로벌바이오액티브,EF,,0,0,0,N,N,,0,N,N,N,2.0,N,N,,,,,N,,,0,,,Y,,,,,,11425,1,1,N,N,N,0,N,N,N,0,0,0,100,N,90,14007,0,20240702,1100,0,12.0,,0,,N,N,N,0,0,0,0,0.0,,125,,N,N,N
486240,KR7486240005,DAISHIN AI반도체&인프라액티브,EF,,0,0,0,N,N,,0,N,N,N,2.0,N,N,,,,,N,,,0,,,Y,,,,,,31435,1,1,N,N,N,0,N,N,N,0,0,0,100,N,90,1680,0,20240618,3100,0,12.0,,0,,N,N,N,0,0,0,0,0.0,,974,,N,N,N
486290,KR7486290000,TIGER 미국나스닥100타겟데일리커버드콜,EF,,0,0,0,N,N,,0,N,N,N,2.0,N,N,,,,,N,,,0,,,Y,,,,,,10600,1,1,N,N,N,0,N,N,N,0,0,0,50,Y,90,1168180,0,20240625,248250,0,12.0,,0,,N,N,N,0,0,0,0,0.0,,26314,,N,N,N
486450,KR7486450000,SOL 미국AI전력인프라,EF,,0,0,0,N,N,,0,N,N,N,2.0,N,N,,,,,N,,,0,,,Y,,,,,,19435,1,1,N,N,N,0,N,N,N,0,0,0,100,N,90,111331,0,20240716,10950,0,12.0,,0,,N,N,N,0,0,0,0,0.0,,2128,,N,N,N
486830,KR7486830003,HANARO 머니마켓액티브,EF,,0,0,0,N,N,,0,N,N,N,2.0,N,N,,,,,N,,,0,,,Y,,,,,,53470,1,1,N,N,N,0,N,N,N,0,0,0,100,N,90,1984,0,20240716,5140,0,12.0,,0,,N,N,N,0,0,0,0,0.0,,2748,,N,N,N
487130,KR7487130007,KoAct AI인프라액티브,EF,,0,0,0,N,N,,0,N,N,N,2.0,N,N,,,,,N,,,0,,,Y,,,,,,31405,1,1,N,N,N,0,N,N,N,0,0,0,100,N,90,8169,0,20240709,1450,0,12.0,,0,,N,N,N,0,0,0,0,0.0,,455,,N,N,N
487230,KR7487230005,KODEX 미국AI전력핵심인프라,EF,,0,0,0,N,N,,0,N,N,N,2.0,N,N,,,,,N,,,0,,,Y,,,,,,20625,1,1,N,N,N,0,N,N,N,0,0,0,40,Y,90,1115328,0,20240709,75100,0,12.0,,0,,N,N,N,0,0,0,0,0.0,,15489,,N,N,N
487240,KR7487240004,KODEX AI전력핵심설비,EF,,0,0,0,N,N,,0,N,N,N,2.0,N,N,,,,,N,,,0,,,Y,,,,,,35525,1,1,N,N,N,0,N,N,N,0,0,0,40,Y,90,5586092,0,20240709,87900,0,12.0,,0,,N,N,N,0,0,0,0,0.0,,31226,,N,N,Y
487340,KR7487340002,ACE 머니마켓액티브,EF,,0,0,0,N,N,,0,N,N,N,2.0,N,N,,,,,N,,,0,,,Y,,,,,,106265,1,1,N,N,N,0,N,N,N,0,0,0,50,Y,90,11174,0,20240709,11667,0,12.0,,0,,N,N,N,0,0,0,0,0.0,,12397,,N,N,N
487570,KR7487570004,HS효성,ST,3.0,21,0,0,,N,,0,N,N,N,,N,N,,,,,N,,,0,,,N,,,,,,50300,1,1,N,N,N,0,N,N,N,0,0,0,40,Y,90,1292,5000,20240729,3725,18629635000,12.0,,0,,N,N,Y,7979,483,411,345,8.83,20260630.0,1874,971,N,N,N
487750,KR7487750002,BNK 온디바이스AI,EF,,0,0,0,N,N,,0,N,N,N,2.0,N,N,,,,,N,,,0,,,Y,,,,,,36165,1,1,N,N,N,0,N,N,N,0,0,0,100,N,90,2996,0,20240723,400,0,12.0,,0,,N,N,N,0,0,0,0,0.0,,144,,N,N,N
487910,KR7487910002,ACE 인도컨슈머파워액티브,EF,,0,0,0,N,N,,0,N,N,N,2.0,N,N,,,,,N,,,0,,,Y,,,,,,7420,1,1,N,N,N,0,N,N,N,0,0,0,100,N,90,942,0,20240910,1200,0,12.0,,0,,N,N,N,0,0,0,0,0.0,,89,,N,N,N
487920,KR7487920001,ACE 인도시장대표BIG5그룹액티브,EF,,0,0,0,N,N,,0,N,N,N,2.0,N,N,,,,,N,,,0,,,Y,,,,,,7025,1,1,N,N,N,0,N,N,N,0,0,0,100,N,90,876,0,20240910,1000,0,12.0,,0,,N,N,N,0,0,0,0,0.0,,70,,N,N,N
487950,KR7487950008,KODEX 대만테크고배당다우존스,EF,,0,0,0,N,N,,0,N,N,N,2.0,N,N,,,,,N,,,0,,,Y,,,,,,12835,1,1,N,N,N,0,N,N,N,0,0,0,100,N,90,6605,0,20240723,1450,0,12.0,,0,,N,N,N,0,0,0,0,0.0,,186,,N,N,N
488080,KR7488080003,TIGER 반도체TOP10레버리지,EF,,0,0,0,N,N,,0,N,N,N,2.0,N,N,,,,,N,,,0,,,N,,,,,,38605,1,1,N,N,N,0,N,N,N,0,0,0,100,N,90,3818496,0,20240723,17950,0,12.0,,0,,N,N,N,0,0,0,0,0.0,,6929,,N,N,N
488290,KR7488290008,MIDAS 일본테크액티브,EF,,0,0,0,N,N,,0,N,N,N,2.0,N,N,,,,,N,,,0,,,Y,,,,,,47570,1,1,N,N,N,0,N,N,N,0,0,0,100,N,90,916,0,20240806,350,0,12.0,,0,,N,N,N,0,0,0,0,0.0,,166,,N,N,N
488480,KR7488480005,RISE 일본섹터TOP4Plus,EF,,0,0,0,N,N,,0,N,N,N,2.0,N,N,,,,,N,,,0,,,Y,,,,,,13080,1,1,N,N,N,0,N,N,N,0,0,0,100,N,90,1722,0,20240820,550,0,12.0,,0,,N,N,N,0,0,0,0,0.0,,71,,N,N,N
488500,KR7488500000,TIGER 미국S&P500동일가중,EF,,0,0,0,N,N,,0,N,N,N,2.0,N,N,,,,,N,,,0,,,Y,,,,,,11995,1,1,N,N,N,0,N,N,N,0,0,0,100,N,90,29954,0,20240723,9050,0,12.0,,0,,N,N,N,0,0,0,0,0.0,,1085,,N,N,N
488720,KR7488720004,WON 종합채권(AA-이상)액티브,EF,,0,0,0,N,N,,0,N,N,N,2.0,N,N,,,,,N,,,0,,,Y,,,,,,48905,1,1,N,N,N,0,N,N,N,0,0,0,100,N,90,18,0,20240806,3386,0,12.0,,0,,N,N,N,0,0,0,0,0.0,,1655,,N,N,N
488770,KR7488770009,KODEX 머니마켓액티브,EF,,0,0,0,N,N,,0,N,N,N,2.0,N,N,,,,,N,,,0,,,Y,,,,,,105750,1,1,N,N,N,0,N,N,N,0,0,0,50,Y,90,576253,0,20240806,99055,0,12.0,,0,,N,N,N,0,0,0,0,0.0,,104750,,N,N,N
488980,KR7488980004,SOL 26-12 회사채(AA-이상)액티브,EF,,0,0,0,N,N,,0,N,N,N,2.0,N,N,,,,,N,,,0,,,Y,,,,,,52295,1,1,N,N,N,0,N,N,N,0,0,0,100,N,90,61,0,20241008,4030,0,12.0,,0,,N,N,N,0,0,0,0,0.0,,2107,,N,N,N
489000,KR7489000000,PLUS 일본엔화초단기국채(합성),EF,,0,0,0,N,N,,0,N,N,N,2.0,N,N,,,,,N,,,0,,,Y,,,,,,8970,1,1,N,N,N,0,N,N,N,0,0,0,100,N,90,48259,0,20240813,2200,0,12.0,,0,,N,N,N,0,0,0,0,0.0,,197,,N,N,N
489030,KR7489030007,PLUS 고배당주위클리커버드콜,EF,,0,0,0,N,N,,0,N,N,N,2.0,N,N,,,,,N,,,0,,,N,,,,,,6230,1,1,N,N,N,0,N,N,N,0,0,0,100,N,90,425986,0,20240813,49550,0,12.0,,0,,N,N,N,0,0,0,0,0.0,,3086,,N,N,N
489250,KR7489250001,KODEX 미국배당다우존스,EF,,0,0,0,N,N,,0,N,N,N,2.0,N,N,,,,,N,,,0,,,Y,,,,,,12055,1,1,N,N,N,0,N,N,N,0,0,0,40,Y,90,203077,0,20240813,49200,0,12.0,,0,,N,N,N,0,0,0,0,0.0,,5931,,N,N,N
489290,KR7489290007,WON 미국빌리어네어,EF,,0,0,0,N,N,,0,N,N,N,2.0,N,N,,,,,N,,,0,,,Y,,,,,,14875,1,1,N,N,N,0,N,N,N,0,0,0,100,N,90,2314,0,20240903,1850,0,12.0,,0,,N,N,N,0,0,0,0,0.0,,275,,N,N,N
489790,KR7489790006,한화비전,ST,2.0,27,13,0,,N,,0,N,N,Y,,N,N,,,,,N,,,0,,,N,,,,,,49400,1,1,N,N,N,0,N,N,N,0,0,0,50,Y,90,123637,500,20240927,50488,25244195000,12.0,,0,,N,Y,Y,9837,877,689,612,13.63,20260630.0,24941,913,N,N,Y
489860,KR7489860007,KIWOOM 글로벌전력GRID인프라,EF,,0,0,0,N,N,,0,N,N,N,2.0,N,N,,,,,N,,,0,,,Y,,,,,,14945,1,1,N,N,N,0,N,N,N,0,0,0,100,N,90,3770,0,20240827,850,0,12.0,,0,,N,N,N,0,0,0,0,0.0,,127,,N,N,N
490090,KR7490090008,TIGER 미국AI빅테크10,EF,,0,0,0,N,N,,0,N,N,N,2.0,N,N,,,,,N,,,0,,,Y,,,,,,16360,1,1,N,N,N,0,N,N,N,0,0,0,100,N,90,62614,0,20240827,13250,0,12.0,,0,,N,N,N,0,0,0,0,0.0,,2167,,N,N,N
490330,KR7490330008,KoAct 미국치매&뇌질환치료제액티브,EF,,0,0,0,N,N,,0,N,N,N,2.0,N,N,,,,,N,,,0,,,Y,,,,,,12765,1,1,N,N,N,0,N,N,N,0,0,0,100,N,90,1545,0,20240903,400,0,12.0,,0,,N,N,N,0,0,0,0,0.0,,51,,N,N,N
490480,KR7490480001,SOL K방산,EF,,0,0,0,N,N,,0,N,N,N,2.0,N,N,,,,,N,,,0,,,Y,,,,,,26265,1,1,N,N,N,0,N,N,N,0,0,0,100,N,90,32428,0,20241002,2750,0,12.0,,0,,N,N,N,0,0,0,0,0.0,,722,,N,N,N
490490,KR7490490000,SOL 미국배당미국채혼합50,EF,,0,0,0,N,N,,0,N,N,N,2.0,N,N,,,,,N,,,0,,,Y,,,,,,10355,1,1,N,N,N,0,N,N,N,0,0,0,100,N,90,150746,0,20240924,43300,0,12.0,,0,,N,N,N,0,0,0,0,0.0,,4483,,N,N,N
490590,KR7490590007,RISE 미국AI밸류체인데일리고정커버드콜,EF,,0,0,0,N,N,,0,N,N,N,2.0,N,N,,,,,N,,,0,,,Y,,,,,,14685,1,1,N,N,N,0,N,N,N,0,0,0,50,Y,90,663519,0,20241002,57750,0,12.0,,0,,N,N,N,0,0,0,0,0.0,,8480,,N,N,N
490600,KR7490600004,RISE 미국배당100데일리고정커버드콜,EF,,0,0,0,N,N,,0,N,N,N,2.0,N,N,,,,,N,,,0,,,Y,,,,,,8350,1,1,N,N,N,0,N,N,N,0,0,0,100,N,90,112727,0,20240924,18900,0,12.0,,0,,N,N,N,0,0,0,0,0.0,,1578,,N,N,N
491010,KR7491010005,TIGER 글로벌AI전력인프라액티브,EF,,0,0,0,N,N,,0,N,N,N,2.0,N,N,,,,,N,,,0,,,Y,,,,,,25780,1,1,N,N,N,0,N,N,N,0,0,0,50,Y,90,97709,0,20240910,25310,0,12.0,,0,,N,N,N,0,0,0,0,0.0,,6524,,N,N,N
491090,KR7491090007,KODEX 미국테크TOP3플러스,EF,,0,0,0,N,N,,0,N,N,N,2.0,N,N,,,,,N,,,0,,,Y,,,,,,18560,1,1,N,N,N,0,N,N,N,0,0,0,100,N,90,13035,0,20240910,1800,0,12.0,,0,,N,N,N,0,0,0,0,0.0,,334,,N,N,N
491220,KR7491220000,PLUS 200TR,EF,,0,0,0,N,N,,0,N,N,N,2.0,N,N,,,,,N,,,0,,,Y,,,,,,128950,1,1,N,N,N,0,N,N,N,0,0,0,100,N,90,591,0,20240910,450,0,12.0,,0,,N,N,N,0,0,0,0,0.0,,580,,N,N,N
491230,KR7491230009,PLUS 국공채머니마켓액티브,EF,,0,0,0,N,N,,0,N,N,N,2.0,N,N,,,,,N,,,0,,,Y,,,,,,52665,1,1,N,N,N,0,N,N,N,0,0,0,100,N,90,1528,0,20240910,2206,0,12.0,,0,,N,N,N,0,0,0,0,0.0,,1161,,N,N,N
491510,KR7491510004,파워 K-주주가치액티브,EF,,0,0,0,N,N,,0,N,N,N,2.0,N,N,,,,,N,,,0,,,Y,,,,,,17730,1,1,N,N,N,0,N,N,N,0,0,0,100,N,90,79,0,20240924,850,0,12.0,,0,,N,N,N,0,0,0,0,0.0,,150,,N,N,N
491610,KR7491610002,1Q CD금리액티브(합성),EF,,0,0,0,N,N,,0,N,N,N,2.0,N,N,,,,,N,,,0,,,Y,,,,,,105205,1,1,N,N,N,0,N,N,N,0,0,0,100,N,90,3322,0,20240924,1383,0,12.0,,0,,N,N,N,0,0,0,0,0.0,,1454,,N,N,N
491620,KR7491620001,RISE 미국테크100데일리고정커버드콜,EF,,0,0,0,N,N,,0,N,N,N,2.0,N,N,,,,,N,,,0,,,Y,,,,,,10520,1,1,N,N,N,0,N,N,N,0,0,0,100,N,90,486334,0,20241002,57350,0,12.0,,0,,N,N,N,0,0,0,0,0.0,,6033,,N,N,N
491630,KR7491630000,RISE 미국반도체인버스(합성 H),EF,,0,0,0,N,N,,0,N,N,N,2.0,N,N,,,,,N,,,0,,,N,,,,,,4735,1,1,N,N,N,0,N,N,N,0,0,0,100,N,90,2130,0,20241022,575,0,12.0,,0,,N,N,N,0,0,0,0,0.0,,27,,N,N,N
491700,KR7491700001,HK 200,EF,,0,0,0,N,N,,0,N,N,N,2.0,N,N,,,,,N,,,0,,,Y,,,,,,109660,1,1,N,N,N,0,N,N,N,0,0,0,100,N,90,5098,0,20240910,600,0,12.0,,0,,N,N,N,0,0,0,0,0.0,,657,,N,N,N
491820,KR7491820007,HANARO 전력설비투자,EF,,0,0,0,N,N,,0,N,N,N,2.0,N,N,,,,,N,,,0,,,Y,,,,,,42735,1,1,N,N,N,0,N,N,N,0,0,0,100,N,90,153265,0,20240924,3650,0,12.0,,0,,N,N,N,0,0,0,0,0.0,,1559,,N,N,N
491830,KR7491830006,TIGER 미국AI반도체팹리스,EF,,0,0,0,N,N,,0,N,N,N,2.0,N,N,,,,,N,,,0,,,Y,,,,,,24170,1,1,N,N,N,0,N,N,N,0,0,0,100,N,90,20113,0,20240924,1700,0,12.0,,0,,N,N,N,0,0,0,0,0.0,,410,,N,N,N
492500,KR7492500004,1Q 현대차그룹채권(A+이상)&국고통안,EF,,0,0,0,N,N,,0,N,N,N,2.0,N,N,,,,,N,,,0,,,Y,,,,,,51460,1,1,N,N,N,0,N,N,N,0,0,0,100,N,90,47,0,20241002,1322,0,12.0,,0,,N,N,N,0,0,0,0,0.0,,680,,N,N,N
493420,KR7493420004,SOL 미국배당다우존스2호,EF,,0,0,0,N,N,,0,N,N,N,2.0,N,N,,,,,N,,,0,,,Y,,,,,,11855,1,1,N,N,N,0,N,N,N,0,0,0,100,N,90,15827,0,20241008,2100,0,12.0,,0,,N,N,N,0,0,0,0,0.0,,248,,N,N,N
493810,KR7493810006,TIGER 미국AI빅테크10타겟데일리커버드콜,EF,,0,0,0,N,N,,0,N,N,N,2.0,N,N,,,,,N,,,0,,,Y,,,,,,11545,1,1,N,N,N,0,N,N,N,0,0,0,100,N,90,107659,0,20241015,21350,0,12.0,,0,,N,N,N,0,0,0,0,0.0,,2464,,N,N,N
494180,KR7494180003,TIME 글로벌소비트렌드액티브,EF,,0,0,0,N,N,,0,N,N,N,2.0,N,N,,,,,N,,,0,,,Y,,,,,,12625,1,1,N,N,N,0,N,N,N,0,0,0,100,N,90,216,0,20241029,700,0,12.0,,0,,N,N,N,0,0,0,0,0.0,,88,,N,N,N
494210,KR7494210008,SOL 미국500타겟데일리커버드콜액티브,EF,,0,0,0,N,N,,0,N,N,N,2.0,N,N,,,,,N,,,0,,,Y,,,,,,10660,1,1,N,N,N,0,N,N,N,0,0,0,100,N,90,3755,0,20241015,700,0,12.0,,0,,N,N,N,0,0,0,0,0.0,,74,,N,N,N
494220,KR7494220007,UNICORN SK하이닉스밸류체인액티브,EF,,0,0,0,N,N,,0,N,N,N,2.0,N,N,,,,,N,,,0,,,Y,,,,,,53515,1,1,N,N,N,0,N,N,N,0,0,0,100,N,90,67131,0,20241107,3500,0,12.0,,0,,N,N,N,0,0,0,0,0.0,,1873,,N,N,N
494300,KR7494300007,KODEX 미국나스닥100데일리커버드콜OTM,EF,,0,0,0,N,N,,0,N,N,N,2.0,N,N,,,,,N,,,0,,,Y,,,,,,8965,1,1,N,N,N,0,N,N,N,0,0,0,50,Y,90,630838,0,20241022,118400,0,12.0,,0,,N,N,N,0,0,0,0,0.0,,10614,,N,N,N
494310,KR7494310006,KODEX 반도체레버리지,EF,,0,0,0,N,N,,0,N,N,N,2.0,N,N,,,,,N,,,0,,,N,,,,,,98400,1,1,N,N,N,0,N,N,N,0,0,0,100,N,90,2937061,0,20241022,12700,0,12.0,,0,,N,N,N,0,0,0,0,0.0,,12496,,N,N,N
494330,KR7494330004,ACE 라이프자산주주가치액티브,EF,,0,0,0,N,N,,0,N,N,N,2.0,N,N,,,,,N,,,0,,,Y,,,,,,33125,1,1,N,N,N,0,N,N,N,0,0,0,100,N,90,11712,0,20241015,5700,0,12.0,,0,,N,N,N,0,0,0,0,0.0,,1888,,N,N,N
494340,KR7494340003,ACE 글로벌AI맞춤형반도체,EF,,0,0,0,N,N,,0,N,N,N,2.0,N,N,,,,,N,,,0,,,Y,,,,,,21570,1,1,N,N,N,0,N,N,N,0,0,0,100,N,90,17759,0,20241022,1500,0,12.0,,0,,N,N,N,0,0,0,0,0.0,,323,,N,N,N
494410,KR7494410004,PLUS 미국S&P500성장주,EF,,0,0,0,N,N,,0,N,N,N,2.0,N,N,,,,,N,,,0,,,Y,,,,,,14600,1,1,N,N,N,0,N,N,N,0,0,0,100,N,90,1661,0,20241022,2500,0,12.0,,0,,N,N,N,0,0,0,0,0.0,,365,,N,N,N
494420,KR7494420003,PLUS 미국배당증가성장주데일리커버드콜,EF,,0,0,0,N,N,,0,N,N,N,2.0,N,N,,,,,N,,,0,,,Y,,,,,,8645,1,1,N,N,N,0,N,N,N,0,0,0,100,N,90,10802,0,20241022,1900,0,12.0,,0,,N,N,N,0,0,0,0,0.0,,164,,N,N,N
494670,KR7494670003,TIGER 조선TOP10,EF,,0,0,0,N,N,,0,N,N,N,2.0,N,N,,,,,N,,,0,,,Y,,,,,,19675,1,1,N,N,N,0,N,N,N,0,0,0,40,Y,90,434412,0,20241022,25350,0,12.0,,0,,N,N,N,0,0,0,0,0.0,,4987,,N,N,N
494840,KR7494840002,TIGER 미국방산TOP10,EF,,0,0,0,N,N,,0,N,N,N,2.0,N,N,,,,,N,,,0,,,Y,,,,,,11245,1,1,N,N,N,0,N,N,N,0,0,0,100,N,90,13598,0,20241029,3350,0,12.0,,0,,N,N,N,0,0,0,0,0.0,,376,,N,N,N
494890,KR7494890007,KODEX 200액티브,EF,,0,0,0,N,N,,0,N,N,N,2.0,N,N,,,,,N,,,0,,,Y,,,,,,31260,1,1,N,N,N,0,N,N,N,0,0,0,50,Y,90,340478,0,20241029,32100,0,12.0,,0,,N,N,N,0,0,0,0,0.0,,10034,,N,N,N
495040,KR7495040008,PLUS 코리아밸류업,EF,,0,0,0,N,N,,0,N,N,N,2.0,N,N,,,,,N,,,0,,,Y,,,,,,31425,1,1,N,N,N,0,N,N,N,0,0,0,100,N,90,1868,0,20241104,2700,0,12.0,,0,,N,N,N,0,0,0,0,0.0,,848,,N,N,N
495050,KR7495050007,RISE 코리아밸류업,EF,,0,0,0,N,N,,0,N,N,N,2.0,N,N,,,,,N,,,0,,,Y,,,,,,31745,1,1,N,N,N,0,N,N,N,0,0,0,40,Y,90,650808,0,20241104,29350,0,12.0,,0,,N,N,N,0,0,0,0,0.0,,9317,,N,N,N
495060,KR7495060006,TIME 코리아밸류업액티브,EF,,0,0,0,N,N,,0,N,N,N,2.0,N,N,,,,,N,,,0,,,Y,,,,,,27910,1,1,N,N,N,0,N,N,N,0,0,0,100,N,90,52692,0,20241104,6650,0,12.0,,0,,N,N,N,0,0,0,0,0.0,,1856,,N,N,N
495230,KR7495230005,KoAct 코리아밸류업액티브,EF,,0,0,0,N,N,,0,N,N,N,2.0,N,N,,,,,N,,,0,,,Y,,,,,,31005,1,1,N,N,N,0,N,N,N,0,0,0,100,N,90,26710,0,20241104,7750,0,12.0,,0,,N,N,N,0,0,0,0,0.0,,2402,,N,N,N
495330,KR7495330003,1Q 코리아밸류업,EF,,0,0,0,N,N,,0,N,N,N,2.0,N,N,,,,,N,,,0,,,Y,,,,,,31495,1,1,N,N,N,0,N,N,N,0,0,0,100,N,90,3402,0,20241104,4300,0,12.0,,0,,N,N,N,0,0,0,0,0.0,,1354,,N,N,N
495550,KR7495550006,SOL 코리아밸류업TR,EF,,0,0,0,N,N,,0,N,N,N,2.0,N,N,,,,,N,,,0,,,Y,,,,,,32425,1,1,N,N,N,0,N,N,N,0,0,0,100,N,90,3924,0,20241104,5700,0,12.0,,0,,N,N,N,0,0,0,0,0.0,,1848,,N,N,N
495750,KR7495750002,HANARO 코리아밸류업,EF,,0,0,0,N,N,,0,N,N,N,2.0,N,N,,,,,N,,,0,,,Y,,,,,,31670,1,1,N,N,N,0,N,N,N,0,0,0,100,N,90,1947,0,20241104,2450,0,12.0,,0,,N,N,N,0,0,0,0,0.0,,775,,N,N,N
495850,KR7495850000,KODEX 코리아밸류업,EF,,0,0,0,N,N,,0,N,N,N,2.0,N,N,,,,,N,,,0,,,Y,,,,,,31460,1,1,N,N,N,0,N,N,N,0,0,0,40,Y,90,154900,0,20241104,24500,0,12.0,,0,,N,N,N,0,0,0,0,0.0,,7707,,N,N,N
495940,KR7495940009,RISE 미국AI테크액티브,EF,,0,0,0,N,N,,0,N,N,N,2.0,N,N,,,,,N,,,0,,,Y,,,,,,19940,1,1,N,N,N,0,N,N,N,0,0,0,100,N,90,51456,0,20241126,3150,0,12.0,,0,,N,N,N,0,0,0,0,0.0,,628,,N,N,N
496020,KR7496020009,WON 전단채플러스액티브,EF,,0,0,0,N,N,,0,N,N,N,2.0,N,N,,,,,N,,,0,,,Y,,,,,,52665,1,1,N,N,N,0,N,N,N,0,0,0,100,N,90,2907,0,20241119,11188,0,12.0,,0,,N,N,N,0,0,0,0,0.0,,5892,,N,N,N
496080,KR7496080003,TIGER 코리아밸류업,EF,,0,0,0,N,N,,0,N,N,N,2.0,N,N,,,,,N,,,0,,,Y,,,,,,31590,1,1,N,N,N,0,N,N,N,0,0,0,40,Y,90,114154,0,20241104,15200,0,12.0,,0,,N,N,N,0,0,0,0,0.0,,4801,,N,N,N
496090,KR7496090002,KIWOOM 코리아밸류업,EF,,0,0,0,N,N,,0,N,N,N,2.0,N,N,,,,,N,,,0,,,Y,,,,,,31725,1,1,N,N,N,0,N,N,N,0,0,0,100,N,90,241,0,20241104,3300,0,12.0,,0,,N,N,N,0,0,0,0,0.0,,1046,,N,N,N
496120,KR7496120007,ACE 코리아밸류업,EF,,0,0,0,N,N,,0,N,N,N,2.0,N,N,,,,,N,,,0,,,Y,,,,,,32800,1,1,N,N,N,0,N,N,N,0,0,0,100,N,90,1173,0,20241104,750,0,12.0,,0,,N,N,N,0,0,0,0,0.0,,246,,N,N,N
496130,KR7496130006,TRUSTON 코리아밸류업액티브,EF,,0,0,0,N,N,,0,N,N,N,2.0,N,N,,,,,N,,,0,,,Y,,,,,,24765,1,1,N,N,N,0,N,N,N,0,0,0,100,N,90,124,0,20241104,540,0,12.0,,0,,N,N,N,0,0,0,0,0.0,,133,,N,N,N
496770,KR7496770009,PLUS 글로벌방산,EF,,0,0,0,N,N,,0,N,N,N,2.0,N,N,,,,,N,,,0,,,Y,,,,,,15230,1,1,N,N,N,0,N,N,N,0,0,0,100,N,90,4921,0,20241112,1800,0,12.0,,0,,N,N,N,0,0,0,0,0.0,,274,,N,N,N
497510,KR7497510008,ACE 글로벌빅파마,EF,,0,0,0,N,N,,0,N,N,N,2.0,N,N,,,,,N,,,0,,,Y,,,,,,12155,1,1,N,N,N,0,N,N,N,0,0,0,100,N,90,2178,0,20241119,700,0,12.0,,0,,N,N,N,0,0,0,0,0.0,,85,,N,N,N
497520,KR7497520007,ACE 일라이릴리밸류체인,EF,,0,0,0,N,N,,0,N,N,N,2.0,N,N,,,,,N,,,0,,,Y,,,,,,12560,1,1,N,N,N,0,N,N,N,0,0,0,100,N,90,472,0,20241119,650,0,12.0,,0,,N,N,N,0,0,0,0,0.0,,81,,N,N,N
497570,KR7497570002,TIGER 미국필라델피아AI반도체나스닥,EF,,0,0,0,N,N,,0,N,N,N,2.0,N,N,,,,,N,,,0,,,Y,,,,,,23355,1,1,N,N,N,0,N,N,N,0,0,0,40,Y,90,345900,0,20241126,49900,0,12.0,,0,,N,N,N,0,0,0,0,0.0,,11654,,N,N,N
497780,KR7497780007,KoAct 미국천연가스인프라액티브,EF,,0,0,0,N,N,,0,N,N,N,2.0,N,N,,,,,N,,,0,,,Y,,,,,,9940,1,1,N,N,N,0,N,N,N,0,0,0,100,N,90,21439,0,20241210,1900,0,12.0,,0,,N,N,N,0,0,0,0,0.0,,188,,N,N,N
497880,KR7497880005,SOL CD금리&머니마켓액티브,EF,,0,0,0,N,N,,0,N,N,N,2.0,N,N,,,,,N,,,0,,,Y,,,,,,50075,1,1,N,N,N,0,N,N,N,0,0,0,100,N,90,81668,0,20241126,6038,0,12.0,,0,,N,N,N,0,0,0,0,0.0,,3023,,N,N,N
498050,KR7498050004,HANARO 바이오코리아액티브,EF,,0,0,0,N,N,,0,N,N,N,2.0,N,N,,,,,N,,,0,,,Y,,,,,,10005,1,1,N,N,N,0,N,N,N,0,0,0,100,N,90,2577,0,20241126,950,0,12.0,,0,,N,N,N,0,0,0,0,0.0,,95,,N,N,N
498180,KR7498180009,파워 종합채권(AA-이상)액티브,EF,,0,0,0,N,N,,0,N,N,N,2.0,N,N,,,,,N,,,0,,,Y,,,,,,93805,1,1,N,N,N,0,N,N,N,0,0,0,100,N,90,0,0,20241126,1506,0,12.0,,0,,N,N,N,0,0,0,0,0.0,,1412,,N,N,N
498270,KR7498270008,KIWOOM 미국양자컴퓨팅,EF,,0,0,0,N,N,,0,N,N,N,2.0,N,N,,,,,N,,,0,,,Y,,,,,,14800,1,1,N,N,N,0,N,N,N,0,0,0,100,N,90,42775,0,20241217,15050,0,12.0,,0,,N,N,N,0,0,0,0,0.0,,2227,,N,N,N
498400,KR7498400001,KODEX 200타겟위클리커버드콜,EF,,0,0,0,N,N,,0,N,N,N,2.0,N,N,,,,,N,,,0,,,Y,,,,,,20285,1,1,N,N,N,0,N,N,N,0,0,0,50,Y,90,7293616,0,20241203,292500,0,12.0,,0,,N,N,N,0,0,0,0,0.0,,59333,,N,N,Y
498410,KR7498410000,KODEX 금융고배당TOP10타겟위클리커버드콜,EF,,0,0,0,N,N,,0,N,N,N,2.0,N,N,,,,,N,,,0,,,Y,,,,,,11340,1,1,N,N,N,0,N,N,N,0,0,0,50,Y,90,804586,0,20241217,77900,0,12.0,,0,,N,N,N,0,0,0,0,0.0,,8833,,N,N,N
498610,KR7498610005,RISE 인도디지털성장,EF,,0,0,0,N,N,,0,N,N,N,2.0,N,N,,,,,N,,,0,,,Y,,,,,,7360,1,1,N,N,N,0,N,N,N,0,0,0,100,N,90,2280,0,20250401,600,0,12.0,,0,,N,N,N,0,0,0,0,0.0,,44,,N,N,N
498860,KR7498860006,RISE 코리아금융고배당,EF,,0,0,0,N,N,,0,N,N,N,2.0,N,N,,,,,N,,,0,,,Y,,,,,,16280,1,1,N,N,N,0,N,N,N,0,0,0,100,N,90,4102,0,20241210,2000,0,12.0,,0,,N,N,N,0,0,0,0,0.0,,325,,N,N,N
499150,KR7499150001,SOL 미국S&P500엔화노출(H),EF,,0,0,0,N,N,,0,N,N,N,2.0,N,N,,,,,N,,,0,,,Y,,,,,,10765,1,1,N,N,N,0,N,N,N,0,0,0,100,N,90,1388,0,20241203,500,0,12.0,,0,,N,N,N,0,0,0,0,0.0,,53,,N,N,N
499660,KR7499660009,TIGER CD금리플러스액티브(합성),EF,,0,0,0,N,N,,0,N,N,N,2.0,N,N,,,,,N,,,0,,,Y,,,,,,1000915,1,1,N,N,N,0,N,N,N,0,0,0,100,N,90,9478,0,20241217,455,0,12.0,,0,,N,N,N,0,0,0,0,0.0,,4559,,N,N,N
499790,KR7499790004,GS피앤엘,ST,2.0,21,0,0,,N,,0,N,N,N,,N,N,,,,,N,,,0,,,N,,,,,,37900,1,1,N,N,N,0,N,N,N,0,0,0,50,Y,90,49155,1000,20241223,19830,19830841000,12.0,,0,,N,N,Y,2893,535,434,333,3.77,20260630.0,7515,FN4,N,N,N
950210,KR8702070002,프레스티지바이오파마,DR,,0,0,0,N,N,,0,N,N,N,,N,N,,,,,N,,,0,,,N,,,,,,5930,1,1,N,N,N,0,N,N,N,0,0,0,100,N,90,27933,0,20210205,60096,0,6.0,,0,,N,N,N,261,-936,-1230,-1229,-21.57,20260630.0,3563,,N,N,N
J0036221D,KRA0036221D6,KG모빌리티 122WR,SW,,0,0,0,N,N,,0,N,N,N,,N,N,,,,,N,,,0,,,N,,,,,,850,1,0,N,N,N,0,N,N,N,0,0,0,100,N,90,500143,0,20231219,17892,0,,,0,,N,N,N,0,0,0,0,0.0,,152,,N,N,N
J0113321F,KRA0113321F5,유니켐 41WR,SW,,0,0,0,N,N,,0,N,N,N,,N,N,,,,,N,,,0,,,N,,,,,,104,1,0,N,N,N,0,N,N,N,0,0,0,100,N,90,63374,0,20251121,22290,0,,,0,,N,N,N,0,0,0,0,0.0,,23,,N,N,N
J0669721F,KRA0669721F4,엘앤에프 7WR,SW,,0,0,0,N,N,,0,N,N,N,,N,N,,,,,N,,,0,,,N,,,,,,80300,1,0,N,N,N,0,N,N,N,0,0,0,100,N,90,22553,0,20250922,1643,0,,,0,,N,N,N,0,0,0,0,0.0,,1319,,N,N,N
J0671721G,KRA0671721G8,오텍 13WR,SW,,0,0,0,N,N,,0,N,N,N,,N,N,,,,,N,,,0,,,N,,,,,,772,1,0,N,N,N,0,N,N,N,0,0,0,100,N,90,63500,0,20260126,8248,0,,,0,,N,N,N,0,0,0,0,0.0,,63,,N,N,N
J2109801G,KRA2109801G6,SK디앤디 12R,SR,,0,0,0,N,N,,0,N,N,N,,N,N,,,,,N,,,0,,,N,,,,,,0,1,0,N,N,N,0,N,N,N,0,0,0,100,N,90,0,0,20260921,44676,0,,,0,,N,N,N,0,0,0,0,0.0,,0,,N,N,N
J2475401G,KRA2475401G1,에코프로비엠 18R,SR,,0,0,0,N,N,,0,N,N,N,,N,N,,,,,N,,,0,,,N,,,,,,0,1,0,N,N,N,0,N,N,N,0,0,0,100,N,90,0,0,20260928,8673,0,,,0,,N,N,N,0,0,0,0,0.0,,0,,N,N,N
J2906501G,KRA2906501G7,엘앤씨바이오 12R,SR,,0,0,0,N,N,,0,N,N,N,,N,N,,,,,N,,,0,,,N,,,,,,0,1,0,N,N,N,0,N,N,N,0,0,0,100,N,90,0,0,20260923,3604,0,,,0,,N,N,N,0,0,0,0,0.0,,0,,N,N,N
Q500067,KRG500000671,신한 레버리지 10년 국채선물 ETN,EN,,0,0,0,N,N,,0,N,N,N,3.0,N,N,,,,,N,,,0,,,N,,,,,,9570,1,1,N,N,N,0,N,N,N,0,0,0,100,N,90,2,0,20220613,700,0,,,0,,N,N,N,0,0,0,0,0.0,,66,,N,N,N
Q500068,KRG500000689,신한 인버스 2X 10년 국채선물 ETN,EN,,0,0,0,N,N,,0,N,N,N,3.0,N,N,,,,,N,,,0,,,N,,,,,,12265,1,1,N,N,N,0,N,N,N,0,0,0,100,N,90,2,0,20220613,700,0,,,0,,N,N,N,0,0,0,0,0.0,,85,,N,N,N
Q500069,KRG500000697,신한 레버리지 코스피 200 선물 ETN,EN,,0,0,0,N,N,,0,N,N,N,3.0,N,N,,,,,N,,,0,,,N,,,,,,180625,1,1,N,N,N,0,N,N,N,0,0,0,100,N,90,17,0,20221017,1000,0,,,0,,N,N,N,0,0,0,0,0.0,,1806,,N,N,N
Q500071,KRG500000713,신한 레버리지 코스닥 150 선물 ETN,EN,,0,0,0,N,N,,0,N,N,N,3.0,N,N,,,,,N,,,0,,,N,,,,,,28280,1,1,N,N,N,0,N,N,N,0,0,0,100,N,90,14,0,20221017,2500,0,,,0,,N,N,N,0,0,0,0,0.0,,707,,N,N,N
Q500072,KRG500000721,신한 인버스 2X 코스닥 150 선물 ETN,EN,,0,0,0,N,N,,0,N,N,N,3.0,N,N,,,,,N,,,0,,,N,,,,,,1444,1,1,N,N,N,0,N,N,N,0,0,0,100,N,90,85369,0,20221017,10000,0,,,0,,N,N,N,0,0,0,0,0.0,,144,,N,N,N
Q500085,KRG500000853,신한 코스피 200 TR ETN,EN,,0,0,0,N,N,,0,N,N,N,3.0,N,N,,,,,N,,,0,,,N,,,,,,33640,1,1,N,N,N,0,N,N,N,0,0,0,100,N,90,48,0,20231205,1000,0,,,0,,N,N,N,0,0,0,0,0.0,,336,,N,N,N
Q500086,KRG500000861,신한 코스닥 150 TR ETN,EN,,0,0,0,N,N,,0,N,N,N,3.0,N,N,,,,,N,,,0,,,N,,,,,,12025,1,1,N,N,N,0,N,N,N,0,0,0,100,N,90,30,0,20231205,1000,0,,,0,,N,N,N,0,0,0,0,0.0,,120,,N,N,N
Q500091,KRG500000911,신한 33-12 국고채 플러스 ETN,EN,,0,0,0,N,N,,0,N,N,N,3.0,N,N,,,,,N,,,0,,,N,,,,,,10400,1,1,N,N,N,0,N,N,N,0,0,0,100,N,90,0,0,20240605,2000,0,,,0,,N,N,N,0,0,0,0,0.0,,208,,N,N,N
Q500093,KRG500000937,신한 블룸버그 레버리지 WTI원유선물 ETN B,EN,,0,0,0,N,N,,0,N,N,N,3.0,N,N,,,,,N,,,0,,,N,,,,,,50720,1,1,N,N,N,0,N,N,N,0,0,0,100,N,90,1996,0,20250417,1000,0,,,0,,N,N,N,0,0,0,0,0.0,,507,,N,N,N
Q500094,KRG500000945,신한 블룸버그 인버스2X WTI원유선물 ETN B,EN,,0,0,0,N,N,,0,N,N,N,3.0,N,N,,,,,N,,,0,,,N,,,,,,1858,1,1,N,N,N,0,N,N,N,0,0,0,100,N,90,236160,0,20250417,21000,0,,,0,,N,N,N,0,0,0,0,0.0,,390,,N,N,N
Q500095,KRG500000952,신한 S&P500 VIX S/T 선물 ETN E,EN,,0,0,0,N,N,,0,N,N,N,3.0,N,N,,,,,N,,,0,,,N,,,,,,6255,1,1,N,N,N,0,N,N,N,0,0,0,100,N,90,95,0,20250619,6000,0,,,0,,N,N,N,0,0,0,0,0.0,,375,,N,N,N
Q500096,KRG500000960,신한 인버스2X 천연가스 선물 ETN B,EN,,0,0,0,N,N,,0,N,N,N,3.0,N,N,,,,,N,,,0,,,N,,,,,,13835,1,1,N,N,N,0,N,N,N,0,0,0,100,N,90,1325,0,20250619,5000,0,,,0,,N,N,N,0,0,0,0,0.0,,691,,N,N,N
Q500097,KRG500000978,신한 레버리지 Russell 2000 ETN B,EN,,0,0,0,N,N,,0,N,N,N,3.0,N,N,,,,,N,,,0,,,N,,,,,,12435,1,1,N,N,N,0,N,N,N,0,0,0,100,N,90,101,0,20250916,1000,0,,,0,,N,N,N,0,0,0,0,0.0,,124,,N,N,N
Q500098,KRG500000986,신한 인버스 2X Russell 2000 ETN B,EN,,0,0,0,N,N,,0,N,N,N,3.0,N,N,,,,,N,,,0,,,N,,,,,,6870,1,1,N,N,N,0,N,N,N,0,0,0,100,N,90,0,0,20250916,1000,0,,,0,,N,N,N,0,0,0,0,0.0,,68,,N,N,N
Q500099,KRG500000994,신한 WTI원유 선물 ETN,EN,,0,0,0,N,N,,0,N,N,N,3.0,N,N,,,,,N,,,0,,,N,,,,,,18190,1,1,N,N,N,0,N,N,N,0,0,0,100,N,90,5711,0,20250916,10000,0,,,0,,N,N,N,0,0,0,0,0.0,,1819,,N,N,N
Q500100,KRG500001000,신한 금 선물 ETN,EN,,0,0,0,N,N,,0,N,N,N,3.0,N,N,,,,,N,,,0,,,N,,,,,,10830,1,1,N,N,N,0,N,N,N,0,0,0,100,N,90,223,0,20250916,2000,0,,,0,,N,N,N,0,0,0,0,0.0,,216,,N,N,N
Q500101,KRG500001018,신한 블룸버그 천연가스 선물 ETN,EN,,0,0,0,N,N,,0,N,N,N,3.0,N,N,,,,,N,,,0,,,N,,,,,,8720,1,1,N,N,N,0,N,N,N,0,0,0,100,N,90,385,0,20260430,1000,0,,,0,,N,N,N,0,0,0,0,0.0,,87,,N,N,N
Q500102,KRG500001026,신한 블룸버그 2X 천연가스 선물 ETN B,EN,,0,0,0,N,N,,0,N,N,N,3.0,N,N,,,,,N,,,0,,,N,,,,,,15600,1,1,N,N,N,0,N,N,N,0,0,0,100,N,90,2268,0,20260430,2000,0,,,0,,N,N,N,0,0,0,0,0.0,,312,,N,N,N
Q500035,KRG501500356,신한 레버리지 미국달러 선물 ETN,EN,,0,0,0,N,N,,0,N,N,N,3.0,N,N,,,,,N,,,0,,,N,,,,,,14015,1,1,N,N,N,0,N,N,N,0,0,0,100,N,90,1014,0,20180530,2000,0,,,0,,N,N,N,0,0,0,0,0.0,,280,,N,N,N
Q500036,KRG501500364,신한 인버스 2X 미국달러 선물 ETN,EN,,0,0,0,N,N,,0,N,N,N,3.0,N,N,,,,,N,,,0,,,N,,,,,,4260,1,1,N,N,N,0,N,N,N,0,0,0,100,N,90,31,0,20180530,2000,0,,,0,,N,N,N,0,0,0,0,0.0,,85,,N,N,N
Q500050,KRG502100503,신한 레버리지 S&P500 선물 ETN,EN,,0,0,0,N,N,,0,N,N,N,3.0,N,N,,,,,N,,,0,,,N,,,,,,52805,1,1,N,N,N,0,N,N,N,0,0,0,100,N,90,2,0,20190725,2000,0,,,0,,N,N,N,0,0,0,0,0.0,,1056,,N,N,N
Q500051,KRG502100511,신한 인버스 2X S&P500 선물 ETN,EN,,0,0,0,N,N,,0,N,N,N,3.0,N,N,,,,,N,,,0,,,N,,,,,,1102,1,1,N,N,N,0,N,N,N,0,0,0,100,N,90,77,0,20190725,2000,0,,,0,,N,N,N,0,0,0,0,0.0,,22,,N,N,N
Q500023,KRG502400234,신한 콩 선물 ETN(H),EN,,0,0,0,N,N,,0,N,N,N,3.0,N,N,,,,,N,,,0,,,N,,,,,,14615,1,1,N,N,N,0,N,N,N,0,0,0,100,N,90,81,0,20161027,2000,0,,,0,,N,N,N,0,0,0,0,0.0,,292,,N,N,N
Q500024,KRG502400242,신한 인버스 콩 선물 ETN(H),EN,,0,0,0,N,N,,0,N,N,N,3.0,N,N,,,,,N,,,0,,,N,,,,,,6730,1,1,N,N,N,0,N,N,N,0,0,0,100,N,90,1,0,20161027,2000,0,,,0,,N,N,N,0,0,0,0,0.0,,134,,N,N,N
Q500029,KRG502400291,신한 레버리지 은 선물 ETN(H),EN,,0,0,0,N,N,,0,N,N,N,3.0,N,N,,,,,N,,,0,,,N,,,,,,18410,1,1,N,N,N,0,N,N,N,0,0,0,100,N,90,4851,0,20170915,10000,0,,,0,,N,N,N,0,0,0,0,0.0,,1841,,N,N,N
Q500030,KRG502400309,신한 인버스 2X 은 선물 ETN(H),EN,,0,0,0,N,N,,0,N,N,N,3.0,N,N,,,,,N,,,0,,,N,,,,,,66,1,1,N,N,N,0,N,N,N,0,0,0,100,N,90,7493,0,20170915,34000,0,,,0,,N,N,N,0,0,0,0,0.0,,22,,N,N,N
Q500037,KRG502400374,신한 레버리지 금 선물 ETN,EN,,0,0,0,N,N,,0,N,N,N,3.0,N,N,,,,,N,,,0,,,N,,,,,,60445,1,1,N,N,N,0,N,N,N,0,0,0,100,N,90,421,0,20180614,2000,0,,,0,,N,N,N,0,0,0,0,0.0,,1208,,N,N,N
Q500038,KRG502400382,신한 인버스 2X 금 선물 ETN,EN,,0,0,0,N,N,,0,N,N,N,3.0,N,N,,,,,N,,,0,,,N,,,,,,1198,1,1,N,N,N,0,N,N,N,0,0,0,100,N,90,404,0,20180614,1000,0,,,0,,N,N,N,0,0,0,0,0.0,,11,,N,N,N
Q500040,KRG502400408,신한 레버리지 구리 선물 ETN,EN,,0,0,0,N,N,,0,N,N,N,3.0,N,N,,,,,N,,,0,,,N,,,,,,32100,1,1,N,N,N,0,N,N,N,0,0,0,100,N,90,41,0,20180920,1000,0,,,0,,N,N,N,0,0,0,0,0.0,,321,,N,N,N
Q500041,KRG502400416,신한 인버스 2X 구리 선물 ETN,EN,,0,0,0,N,N,,0,N,N,N,3.0,N,N,,,,,N,,,0,,,N,,,,,,730,1,1,N,N,N,0,N,N,N,0,0,0,100,N,90,7489,0,20180920,5000,0,,,0,,N,N,N,0,0,0,0,0.0,,36,,N,N,N
Q510027,KRG510000273,대신 인버스 2X 코스닥 150 선물 ETN,EN,,0,0,0,N,N,,0,N,N,N,3.0,N,N,,,,,N,,,0,,,N,,,,,,1453,1,1,N,N,N,0,N,N,N,0,0,0,100,N,90,42389,0,20221017,3000,0,,,0,,N,N,N,0,0,0,0,0.0,,43,,N,N,N
Q510044,KRG510000448,대신 레버리지 미국달러 선물 ETN,EN,,0,0,0,N,N,,0,N,N,N,3.0,N,N,,,,,N,,,0,,,N,,,,,,16175,1,1,N,N,N,0,N,N,N,0,0,0,100,N,90,1,0,20260430,1500,0,,,0,,N,N,N,0,0,0,0,0.0,,242,,N,N,N
Q510045,KRG510000455,대신 인버스 2X 미국달러 선물 ETN,EN,,0,0,0,N,N,,0,N,N,N,3.0,N,N,,,,,N,,,0,,,N,,,,,,23890,1,1,N,N,N,0,N,N,N,0,0,0,100,N,90,0,0,20260430,1500,0,,,0,,N,N,N,0,0,0,0,0.0,,358,,N,N,N
Q520046,KRG520000461,미래에셋 레버리지 옥수수 선물 ETN,EN,,0,0,0,N,N,,0,N,N,N,3.0,N,N,,,,,N,,,0,,,N,,,,,,10705,1,1,N,N,N,0,N,N,N,0,0,0,100,N,90,2045,0,20211216,1000,0,,,0,,N,N,N,0,0,0,0,0.0,,107,,N,N,N
Q520047,KRG520000479,미래에셋 인버스 2X 옥수수 선물 ETN,EN,,0,0,0,N,N,,0,N,N,N,3.0,N,N,,,,,N,,,0,,,N,,,,,,25200,1,1,N,N,N,0,N,N,N,0,0,0,100,N,90,67,0,20211216,1000,0,,,0,,N,N,N,0,0,0,0,0.0,,252,,N,N,N
Q520054,KRG520000545,미래에셋 레버리지 코스피200 선물 ETN,EN,,0,0,0,N,N,,0,N,N,N,3.0,N,N,,,,,N,,,0,,,N,,,,,,179325,1,1,N,N,N,0,N,N,N,0,0,0,100,N,90,858,0,20221017,2000,0,,,0,,N,N,N,0,0,0,0,0.0,,3586,,N,N,N
Q520056,KRG520000560,미래에셋 레버리지 코스닥150 선물 ETN,EN,,0,0,0,N,N,,0,N,N,N,3.0,N,N,,,,,N,,,0,,,N,,,,,,28050,1,1,N,N,N,0,N,N,N,0,0,0,100,N,90,2004,0,20221017,2000,0,,,0,,N,N,N,0,0,0,0,0.0,,561,,N,N,N
Q520057,KRG520000578,미래에셋 인버스 2X 코스닥150 선물 ETN,EN,,0,0,0,N,N,,0,N,N,N,3.0,N,N,,,,,N,,,0,,,N,,,,,,1433,1,1,N,N,N,0,N,N,N,0,0,0,100,N,90,11315550,0,20221017,31500,0,,,0,,N,N,N,0,0,0,0,0.0,,451,,N,N,N
Q520064,KRG520000644,미래에셋 2X 미국채울트라30년 선물 ETN,EN,,0,0,0,N,N,,0,N,N,N,3.0,N,N,,,,,N,,,0,,,N,,,,,,5165,1,1,N,N,N,0,N,N,N,0,0,0,100,N,90,30,0,20230705,2000,0,,,0,,N,N,N,0,0,0,0,0.0,,103,,N,N,N
Q520065,KRG520000651,미래에셋 -2X 미국채울트라30년 선물 ETN,EN,,0,0,0,N,N,,0,N,N,N,3.0,N,N,,,,,N,,,0,,,N,,,,,,16220,1,1,N,N,N,0,N,N,N,0,0,0,100,N,90,4,0,20230705,2000,0,,,0,,N,N,N,0,0,0,0,0.0,,324,,N,N,N
Q520066,KRG520000669,미래에셋 KRX금현물 Auto-KO-C 2810-01 ETN,EN,,0,0,0,N,N,,0,N,N,N,4.0,N,N,,,,,N,,,0,,,N,,,,,,20705,1,1,N,N,N,0,N,N,N,0,0,0,100,N,90,3080,0,20231026,6000,0,,,0,,N,N,N,0,0,0,0,0.0,,1242,,N,N,N
Q520072,KRG520000727,미래에셋 미국 AI TOP3 ETN,EN,,0,0,0,N,N,,0,N,N,N,3.0,N,N,,,,,N,,,0,,,N,,,,,,17100,1,1,N,N,N,0,N,N,N,0,0,0,100,N,90,118,0,20240423,3000,0,,,0,,N,N,N,0,0,0,0,0.0,,513,,N,N,N
Q520073,KRG520000735,미래에셋 레버리지 미국 AI TOP3 ETN,EN,,0,0,0,N,N,,0,N,N,N,3.0,N,N,,,,,N,,,0,,,N,,,,,,44770,1,1,N,N,N,0,N,N,N,0,0,0,100,N,90,3,0,20240423,1000,0,,,0,,N,N,N,0,0,0,0,0.0,,447,,N,N,N
Q520074,KRG520000743,미래에셋 미국 방위산업 TOP3 ETN,EN,,0,0,0,N,N,,0,N,N,N,3.0,N,N,,,,,N,,,0,,,N,,,,,,13115,1,1,N,N,N,0,N,N,N,0,0,0,100,N,90,8,0,20240423,3000,0,,,0,,N,N,N,0,0,0,0,0.0,,393,,N,N,N
Q520075,KRG520000750,미래에셋 레버리지 미국 방위산업 TOP3 ETN,EN,,0,0,0,N,N,,0,N,N,N,3.0,N,N,,,,,N,,,0,,,N,,,,,,28795,1,1,N,N,N,0,N,N,N,0,0,0,100,N,90,0,0,20240423,1000,0,,,0,,N,N,N,0,0,0,0,0.0,,287,,N,N,N
Q520076,KRG520000768,미래에셋 1.5X 천연가스 선물 ETN,EN,,0,0,0,N,N,,0,N,N,N,3.0,N,N,,,,,N,,,0,,,N,,,,,,5940,1,1,N,N,N,0,N,N,N,0,0,0,100,N,90,8870,0,20240530,2500,0,,,0,,N,N,N,0,0,0,0,0.0,,148,,N,N,N
Q520077,KRG520000776,미래에셋 -1.5X 천연가스 선물 ETN,EN,,0,0,0,N,N,,0,N,N,N,3.0,N,N,,,,,N,,,0,,,N,,,,,,12450,1,1,N,N,N,0,N,N,N,0,0,0,100,N,90,195,0,20240530,2500,0,,,0,,N,N,N,0,0,0,0,0.0,,311,,N,N,N
Q520078,KRG520000784,미래에셋 미국 제약 TOP3 ETN,EN,,0,0,0,N,N,,0,N,N,N,3.0,N,N,,,,,N,,,0,,,N,,,,,,13840,1,1,N,N,N,0,N,N,N,0,0,0,100,N,90,89,0,20240920,3000,0,,,0,,N,N,N,0,0,0,0,0.0,,415,,N,N,N
Q520079,KRG520000792,미래에셋 레버리지 미국 제약 TOP3 ETN,EN,,0,0,0,N,N,,0,N,N,N,3.0,N,N,,,,,N,,,0,,,N,,,,,,32000,1,1,N,N,N,0,N,N,N,0,0,0,100,N,90,74,0,20240920,1000,0,,,0,,N,N,N,0,0,0,0,0.0,,320,,N,N,N
Q520080,KRG520000800,미래에셋 미국 테크&반도체 TOP3 ETN,EN,,0,0,0,N,N,,0,N,N,N,3.0,N,N,,,,,N,,,0,,,N,,,,,,21420,1,1,N,N,N,0,N,N,N,0,0,0,100,N,90,2,0,20240920,3000,0,,,0,,N,N,N,0,0,0,0,0.0,,642,,N,N,N
Q520081,KRG520000818,미래에셋 2X 미국 테크&반도체 TOP3 ETN,EN,,0,0,0,N,N,,0,N,N,N,3.0,N,N,,,,,N,,,0,,,N,,,,,,67600,1,1,N,N,N,0,N,N,N,0,0,0,100,N,90,26,0,20240920,1000,0,,,0,,N,N,N,0,0,0,0,0.0,,676,,N,N,N
Q520082,KRG520000826,미래에셋 미국 자율주행대표기업 ETN,EN,,0,0,0,N,N,,0,N,N,N,3.0,N,N,,,,,N,,,0,,,N,,,,,,13170,1,1,N,N,N,0,N,N,N,0,0,0,100,N,90,4,0,20241211,3000,0,,,0,,N,N,N,0,0,0,0,0.0,,395,,N,N,N
Q520083,KRG520000834,미래에셋 2X 미국 자율주행대표기업 ETN,EN,,0,0,0,N,N,,0,N,N,N,3.0,N,N,,,,,N,,,0,,,N,,,,,,28220,1,1,N,N,N,0,N,N,N,0,0,0,100,N,90,193,0,20241211,1000,0,,,0,,N,N,N,0,0,0,0,0.0,,282,,N,N,N
Q520084,KRG520000842,미래에셋 -2X 미국 자율주행대표기업 ETN,EN,,0,0,0,N,N,,0,N,N,N,3.0,N,N,,,,,N,,,0,,,N,,,,,,6575,1,1,N,N,N,0,N,N,N,0,0,0,100,N,90,0,0,20241211,1000,0,,,0,,N,N,N,0,0,0,0,0.0,,65,,N,N,N
Q520085,KRG520000859,미래에셋 -2X 미국 AI TOP3 ETN,EN,,0,0,0,N,N,,0,N,N,N,3.0,N,N,,,,,N,,,0,,,N,,,,,,7445,1,1,N,N,N,0,N,N,N,0,0,0,100,N,90,4534,0,20241211,1000,0,,,0,,N,N,N,0,0,0,0,0.0,,74,,N,N,N
Q520086,KRG520000867,미래에셋-0.5X S&P500 VIX S/T선물 ETN(H)B,EN,,0,0,0,N,N,,0,N,N,N,3.0,N,N,,,,,N,,,0,,,N,,,,,,24950,1,1,N,N,N,0,N,N,N,0,0,0,100,N,90,49,0,20250210,2500,0,,,0,,N,N,N,0,0,0,0,0.0,,623,,N,N,N
Q520087,KRG520000875,미래에셋 레버리지 KRX 금현물 ETN,EN,,0,0,0,N,N,,0,N,N,N,3.0,N,N,,,,,N,,,0,,,N,,,,,,26970,1,1,N,N,N,0,N,N,N,0,0,0,100,N,90,39519,0,20250522,2000,0,,,0,,N,N,N,0,0,0,0,0.0,,539,,N,N,N
Q520088,KRG520000883,미래에셋 S&P500 VIX S/T 선물 ETN(H),EN,,0,0,0,N,N,,0,N,N,N,3.0,N,N,,,,,N,,,0,,,N,,,,,,6120,1,1,N,N,N,0,N,N,N,0,0,0,100,N,90,325,0,20250522,2000,0,,,0,,N,N,N,0,0,0,0,0.0,,122,,N,N,N
Q520089,KRG520000891,미래에셋 CAPE 실러 US Core Sector ETN,EN,,0,0,0,N,N,,0,N,N,N,3.0,N,N,,,,,N,,,0,,,N,,,,,,10670,1,1,N,N,N,0,N,N,N,0,0,0,100,N,90,0,0,20250709,5000,0,,,0,,N,N,N,0,0,0,0,0.0,,533,,N,N,N
Q520090,KRG520000909,미래에셋 천연가스 선물 ETN B,EN,,0,0,0,N,N,,0,N,N,N,3.0,N,N,,,,,N,,,0,,,N,,,,,,7220,1,1,N,N,N,0,N,N,N,0,0,0,100,N,90,38147,0,20250709,4000,0,,,0,,N,N,N,0,0,0,0,0.0,,288,,N,N,N
Q520091,KRG520000917,미래에셋 인버스 천연가스 선물 ETN B,EN,,0,0,0,N,N,,0,N,N,N,3.0,N,N,,,,,N,,,0,,,N,,,,,,9970,1,1,N,N,N,0,N,N,N,0,0,0,100,N,90,642,0,20250709,4000,0,,,0,,N,N,N,0,0,0,0,0.0,,398,,N,N,N
Q520092,KRG520000925,미래에셋 레버리지 은 선물 ETN B,EN,,0,0,0,N,N,,0,N,N,N,3.0,N,N,,,,,N,,,0,,,N,,,,,,25585,1,1,N,N,N,0,N,N,N,0,0,0,100,N,90,19509,0,20250828,2000,0,,,0,,N,N,N,0,0,0,0,0.0,,511,,N,N,N
Q520093,KRG520000933,미래에셋 인버스 2X 은 선물 ETN B,EN,,0,0,0,N,N,,0,N,N,N,3.0,N,N,,,,,N,,,0,,,N,,,,,,2285,1,1,N,N,N,0,N,N,N,0,0,0,100,N,90,5120,0,20250828,12000,0,,,0,,N,N,N,0,0,0,0,0.0,,274,,N,N,N
Q520094,KRG520000941,미래에셋 CD금리 플러스 ETN,EN,,0,0,0,N,N,,0,N,N,N,3.0,N,N,,,,,N,,,0,,,N,,,,,,102625,1,1,N,N,N,0,N,N,N,0,0,0,100,N,90,19494,0,20251202,2000,0,,,0,,N,N,N,0,0,0,0,0.0,,2052,,N,N,N
Q520095,KRG520000958,미래에셋 레버리지 WTI원유 선물 ETN,EN,,0,0,0,N,N,,0,N,N,N,3.0,N,N,,,,,N,,,0,,,N,,,,,,24720,1,1,N,N,N,0,N,N,N,0,0,0,100,N,90,80047,0,20260819,2500,0,,,0,,N,N,N,0,0,0,0,0.0,,618,,N,N,N
Q520096,KRG520000966,미래에셋 인버스 2X WTI원유 선물 ETN,EN,,0,0,0,N,N,,0,N,N,N,3.0,N,N,,,,,N,,,0,,,N,,,,,,13370,1,1,N,N,N,0,N,N,N,0,0,0,100,N,90,519317,0,20260819,2500,0,,,0,,N,N,N,0,0,0,0,0.0,,334,,N,N,N
Q520097,KRG520000974,미래에셋 1.5X S&P500 VIX S/T선물 ETN,EN,,0,0,0,N,N,,0,N,N,N,3.0,N,N,,,,,N,,,0,,,N,,,,,,8260,1,1,N,N,N,0,N,N,N,0,0,0,100,N,90,14519,0,20260408,1000,0,,,0,,N,N,N,0,0,0,0,0.0,,82,,N,N,N
Q520098,KRG520000982,미래에셋 레버리지 반도체 ETN,EN,,0,0,0,N,N,,0,N,N,N,3.0,N,N,,,,,N,,,0,,,N,,,,,,32080,1,1,N,N,N,0,N,N,N,0,0,0,100,N,90,10080,0,20260408,6000,0,,,0,,N,N,N,0,0,0,0,0.0,,1924,,N,N,N
Q520099,KRG520000990,미래에셋 인버스 2X 반도체 ETN,EN,,0,0,0,N,N,,0,N,N,N,3.0,N,N,,,,,N,,,0,,,N,,,,,,2710,1,1,N,N,N,0,N,N,N,0,0,0,100,N,90,3184831,0,20260408,13000,0,,,0,,N,N,N,0,0,0,0,0.0,,352,,N,N,N
Q520100,KRG520001006,미래에셋 레버리지 삼성전자 단일종목 ETN,EN,,0,0,0,N,N,,0,N,N,N,9.0,N,N,,,,,N,,,0,,,N,,,,,,11740,1,1,N,N,N,0,N,N,N,0,0,0,100,N,90,115834,0,20260527,5000,0,,,0,,N,N,N,0,0,0,0,0.0,,587,,N,N,N
Q520101,KRG520001014,미래에셋 레버리지 SK하이닉스 단일종목ETN,EN,,0,0,0,N,N,,0,N,N,N,9.0,N,N,,,,,N,,,0,,,N,,,,,,10085,1,1,N,N,N,0,N,N,N,0,0,0,100,N,90,46285,0,20260527,5000,0,,,0,,N,N,N,0,0,0,0,0.0,,504,,N,N,N
Q520102,KRG520001022,미래에셋 인버스 2X 코스피200 선물 ETN B,EN,,0,0,0,N,N,,0,N,N,N,3.0,N,N,,,,,N,,,0,,,N,,,,,,23755,1,1,N,N,N,0,N,N,N,0,0,0,100,N,90,1629882,0,20260602,2000,0,,,0,,N,N,N,0,0,0,0,0.0,,475,,N,N,N
Q520103,KRG520001030,미래에셋 코스피200 선물 ETN B,EN,,0,0,0,N,N,,0,N,N,N,3.0,N,N,,,,,N,,,0,,,N,,,,,,9740,1,1,N,N,N,0,N,N,N,0,0,0,100,N,90,244518,0,20260917,2000,0,,,0,,N,N,N,0,0,0,0,0.0,,194,,N,N,N
Q520104,KRG520001048,미래에셋 인버스 코스피200 선물 ETN B,EN,,0,0,0,N,N,,0,N,N,N,3.0,N,N,,,,,N,,,0,,,N,,,,,,10215,1,1,N,N,N,0,N,N,N,0,0,0,100,N,90,232091,0,20260917,2000,0,,,0,,N,N,N,0,0,0,0,0.0,,204,,N,N,N
Q520105,KRG520001055,미래에셋 코스닥150 선물 ETN B,EN,,0,0,0,N,N,,0,N,N,N,3.0,N,N,,,,,N,,,0,,,N,,,,,,10740,1,1,N,N,N,0,N,N,N,0,0,0,100,N,90,138766,0,20260917,2000,0,,,0,,N,N,N,0,0,0,0,0.0,,214,,N,N,N
Q520106,KRG520001063,미래에셋 인버스 코스닥150 선물 ETN B,EN,,0,0,0,N,N,,0,N,N,N,3.0,N,N,,,,,N,,,0,,,N,,,,,,9240,1,1,N,N,N,0,N,N,N,0,0,0,100,N,90,284737,0,20260917,2000,0,,,0,,N,N,N,0,0,0,0,0.0,,184,,N,N,N
Q530092,KRG530000923,삼성 인버스 코스피 200 선물 ETN,EN,,0,0,0,N,N,,0,N,N,N,3.0,N,N,,,,,N,,,0,,,N,,,,,,2555,1,1,N,N,N,0,N,N,N,0,0,0,100,N,90,17594,0,20211021,5000,0,,,0,,N,N,N,0,0,0,0,0.0,,127,,N,N,N
Q530094,KRG530000949,삼성 인버스 코스닥 150 선물 ETN,EN,,0,0,0,N,N,,0,N,N,N,3.0,N,N,,,,,N,,,0,,,N,,,,,,4955,1,1,N,N,N,0,N,N,N,0,0,0,100,N,90,291,0,20211021,1000,0,,,0,,N,N,N,0,0,0,0,0.0,,49,,N,N,N
Q530095,KRG530000956,삼성 구리 선물 ETN(H),EN,,0,0,0,N,N,,0,N,N,N,3.0,N,N,,,,,N,,,0,,,N,,,,,,15055,1,1,N,N,N,0,N,N,N,0,0,0,100,N,90,13,0,20211109,1000,0,,,0,,N,N,N,0,0,0,0,0.0,,150,,N,N,N
Q530096,KRG530000964,삼성 인버스 구리 선물 ETN(H),EN,,0,0,0,N,N,,0,N,N,N,3.0,N,N,,,,,N,,,0,,,N,,,,,,6325,1,1,N,N,N,0,N,N,N,0,0,0,100,N,90,2,0,20211109,1000,0,,,0,,N,N,N,0,0,0,0,0.0,,63,,N,N,N
Q530104,KRG530001046,삼성 레버리지 코스피200 선물 ETN,EN,,0,0,0,N,N,,0,N,N,N,3.0,N,N,,,,,N,,,0,,,N,,,,,,181595,1,1,N,N,N,0,N,N,N,0,0,0,100,N,90,545,0,20221017,1000,0,,,0,,N,N,N,0,0,0,0,0.0,,1815,,N,N,N
Q530106,KRG530001061,삼성 레버리지 코스닥150 선물 ETN,EN,,0,0,0,N,N,,0,N,N,N,3.0,N,N,,,,,N,,,0,,,N,,,,,,27745,1,1,N,N,N,0,N,N,N,0,0,0,100,N,90,146109,0,20221017,1000,0,,,0,,N,N,N,0,0,0,0,0.0,,277,,N,N,N
Q530107,KRG530001079,삼성 인버스 2X 코스닥150 선물 ETN,EN,,0,0,0,N,N,,0,N,N,N,3.0,N,N,,,,,N,,,0,,,N,,,,,,1425,1,1,N,N,N,0,N,N,N,0,0,0,100,N,90,30164286,0,20221017,60000,0,,,0,,N,N,N,0,0,0,0,0.0,,855,,N,N,N
Q530112,KRG530001129,삼성 S&P500 TR ETN,EN,,0,0,0,N,N,,0,N,N,N,3.0,N,N,,,,,N,,,0,,,N,,,,,,19320,1,1,N,N,N,0,N,N,N,0,0,0,100,N,90,47,0,20230628,1000,0,,,0,,N,N,N,0,0,0,0,0.0,,193,,N,N,N
Q530113,KRG530001137,삼성 레버리지 S&P500 선물 ETN,EN,,0,0,0,N,N,,0,N,N,N,3.0,N,N,,,,,N,,,0,,,N,,,,,,53255,1,1,N,N,N,0,N,N,N,0,0,0,100,N,90,90,0,20230628,1000,0,,,0,,N,N,N,0,0,0,0,0.0,,532,,N,N,N
Q530114,KRG530001145,삼성 인버스 2X S&P500 선물 ETN,EN,,0,0,0,N,N,,0,N,N,N,3.0,N,N,,,,,N,,,0,,,N,,,,,,7800,1,1,N,N,N,0,N,N,N,0,0,0,100,N,90,644,0,20230628,1000,0,,,0,,N,N,N,0,0,0,0,0.0,,78,,N,N,N
Q530115,KRG530001152,삼성 레버리지 나스닥 100 TR ETN,EN,,0,0,0,N,N,,0,N,N,N,3.0,N,N,,,,,N,,,0,,,N,,,,,,71765,1,1,N,N,N,0,N,N,N,0,0,0,100,N,90,276,0,20231108,1000,0,,,0,,N,N,N,0,0,0,0,0.0,,717,,N,N,N
Q530116,KRG530001160,삼성 인버스 2X 나스닥 100 TR ETN,EN,,0,0,0,N,N,,0,N,N,N,3.0,N,N,,,,,N,,,0,,,N,,,,,,3960,1,1,N,N,N,0,N,N,N,0,0,0,100,N,90,74978,0,20231108,5000,0,,,0,,N,N,N,0,0,0,0,0.0,,198,,N,N,N
Q530117,KRG530001178,삼성 코스피 200 TR ETN,EN,,0,0,0,N,N,,0,N,N,N,3.0,N,N,,,,,N,,,0,,,N,,,,,,33490,1,1,N,N,N,0,N,N,N,0,0,0,100,N,90,2427,0,20231219,1000,0,,,0,,N,N,N,0,0,0,0,0.0,,334,,N,N,N
Q530118,KRG530001186,삼성 코스닥 150 TR ETN,EN,,0,0,0,N,N,,0,N,N,N,3.0,N,N,,,,,N,,,0,,,N,,,,,,11675,1,1,N,N,N,0,N,N,N,0,0,0,100,N,90,50173,0,20231219,3000,0,,,0,,N,N,N,0,0,0,0,0.0,,350,,N,N,N
Q530119,KRG530001194,삼성 레버리지 항셍테크 TR ETN(H) B,EN,,0,0,0,N,N,,0,N,N,N,3.0,N,N,,,,,N,,,0,,,N,,,,,,19525,1,1,N,N,N,0,N,N,N,0,0,0,100,N,90,263,0,20240326,1000,0,,,0,,N,N,N,0,0,0,0,0.0,,195,,N,N,N
Q530120,KRG530001202,삼성 나스닥 100 TR ETN,EN,,0,0,0,N,N,,0,N,N,N,3.0,N,N,,,,,N,,,0,,,N,,,,,,16275,1,1,N,N,N,0,N,N,N,0,0,0,100,N,90,546,0,20240603,1000,0,,,0,,N,N,N,0,0,0,0,0.0,,162,,N,N,N
Q530121,KRG530001210,삼성 항셍테크 TR ETN(H) B,EN,,0,0,0,N,N,,0,N,N,N,3.0,N,N,,,,,N,,,0,,,N,,,,,,11330,1,1,N,N,N,0,N,N,N,0,0,0,100,N,90,0,0,20240625,1000,0,,,0,,N,N,N,0,0,0,0,0.0,,113,,N,N,N
Q530122,KRG530001228,삼성 인버스 2X 항셍테크 TR ETN(H) B,EN,,0,0,0,N,N,,0,N,N,N,3.0,N,N,,,,,N,,,0,,,N,,,,,,7630,1,1,N,N,N,0,N,N,N,0,0,0,100,N,90,62,0,20240625,1000,0,,,0,,N,N,N,0,0,0,0,0.0,,76,,N,N,N
Q530123,KRG530001236,삼성 일본니케이225선물 ETN(H),EN,,0,0,0,N,N,,0,N,N,N,3.0,N,N,,,,,N,,,0,,,N,,,,,,18610,1,1,N,N,N,0,N,N,N,0,0,0,100,N,90,1,0,20240910,1000,0,,,0,,N,N,N,0,0,0,0,0.0,,186,,N,N,N
Q530124,KRG530001244,삼성 레버리지 일본니케이225선물 ETN(H),EN,,0,0,0,N,N,,0,N,N,N,3.0,N,N,,,,,N,,,0,,,N,,,,,,58800,1,1,N,N,N,0,N,N,N,0,0,0,100,N,90,108,0,20240910,1000,0,,,0,,N,N,N,0,0,0,0,0.0,,588,,N,N,N
Q530125,KRG530001251,삼성 인버스 2X 일본니케이225선물 ETN(H),EN,,0,0,0,N,N,,0,N,N,N,3.0,N,N,,,,,N,,,0,,,N,,,,,,3725,1,1,N,N,N,0,N,N,N,0,0,0,100,N,90,24680,0,20240910,1000,0,,,0,,N,N,N,0,0,0,0,0.0,,37,,N,N,N
Q530126,KRG530001269,삼성 코리아 밸류업 TR ETN,EN,,0,0,0,N,N,,0,N,N,N,3.0,N,N,,,,,N,,,0,,,N,,,,,,32985,1,1,N,N,N,0,N,N,N,0,0,0,100,N,90,2,0,20241104,2000,0,,,0,,N,N,N,0,0,0,0,0.0,,659,,N,N,N
Q530127,KRG530001277,삼성 미국다우존스 TR ETN,EN,,0,0,0,N,N,,0,N,N,N,3.0,N,N,,,,,N,,,0,,,N,,,,,,11290,1,1,N,N,N,0,N,N,N,0,0,0,100,N,90,1,0,20241224,1000,0,,,0,,N,N,N,0,0,0,0,0.0,,112,,N,N,N
Q530128,KRG530001285,삼성 레버리지 미국다우존스 선물 ETN,EN,,0,0,0,N,N,,0,N,N,N,3.0,N,N,,,,,N,,,0,,,N,,,,,,23300,1,1,N,N,N,0,N,N,N,0,0,0,100,N,90,1942,0,20241224,1000,0,,,0,,N,N,N,0,0,0,0,0.0,,233,,N,N,N
Q530129,KRG530001293,삼성 인버스 2X 미국다우존스 선물 ETN,EN,,0,0,0,N,N,,0,N,N,N,3.0,N,N,,,,,N,,,0,,,N,,,,,,14080,1,1,N,N,N,0,N,N,N,0,0,0,100,N,90,3,0,20241224,1000,0,,,0,,N,N,N,0,0,0,0,0.0,,140,,N,N,N
Q530130,KRG530001301,삼성 S&P500 VIX S/T 선물 ETN B,EN,,0,0,0,N,N,,0,N,N,N,3.0,N,N,,,,,N,,,0,,,N,,,,,,6520,1,1,N,N,N,0,N,N,N,0,0,0,100,N,90,10520,0,20250210,3000,0,,,0,,N,N,N,0,0,0,0,0.0,,195,,N,N,N
Q530131,KRG530001319,삼성 인버스0.5X S&P500 VIX S/T선물 ETN B,EN,,0,0,0,N,N,,0,N,N,N,3.0,N,N,,,,,N,,,0,,,N,,,,,,22620,1,1,N,N,N,0,N,N,N,0,0,0,100,N,90,33,0,20250210,3000,0,,,0,,N,N,N,0,0,0,0,0.0,,678,,N,N,N
Q530132,KRG530001327,삼성 블룸버그 WTI원유 선물 ETN B,EN,,0,0,0,N,N,,0,N,N,N,3.0,N,N,,,,,N,,,0,,,N,,,,,,18700,1,1,N,N,N,0,N,N,N,0,0,0,100,N,90,5358,0,20250417,1000,0,,,0,,N,N,N,0,0,0,0,0.0,,187,,N,N,N
Q530133,KRG530001335,삼성 블룸버그 레버리지 WTI원유선물 ETN B,EN,,0,0,0,N,N,,0,N,N,N,3.0,N,N,,,,,N,,,0,,,N,,,,,,50990,1,1,N,N,N,0,N,N,N,0,0,0,100,N,90,6366,0,20250417,1000,0,,,0,,N,N,N,0,0,0,0,0.0,,509,,N,N,N
Q530134,KRG530001343,삼성 블룸버그 인버스2X WTI원유선물 ETN B,EN,,0,0,0,N,N,,0,N,N,N,3.0,N,N,,,,,N,,,0,,,N,,,,,,1860,1,1,N,N,N,0,N,N,N,0,0,0,100,N,90,1570496,0,20250417,90000,0,,,0,,N,N,N,0,0,0,0,0.0,,1674,,N,N,N
Q530135,KRG530001350,삼성 인버스 China A50 선물 ETN(H) B,EN,,0,0,0,N,N,,0,N,N,N,3.0,N,N,,,,,N,,,0,,,N,,,,,,8795,1,1,N,N,N,0,N,N,N,0,0,0,100,N,90,2,0,20250509,1000,0,,,0,,N,N,N,0,0,0,0,0.0,,87,,N,N,N
Q530136,KRG530001368,삼성 인버스 2X 천연가스 선물 ETN D,EN,,0,0,0,N,N,,0,N,N,N,3.0,N,N,,,,,N,,,0,,,N,,,,,,12455,1,1,N,N,N,0,N,N,N,0,0,0,100,N,90,135522,0,20250509,10000,0,,,0,,N,N,N,0,0,0,0,0.0,,1245,,N,N,N
Q530137,KRG530001376,삼성 KRX 2차전지 TOP10 TR ETN,EN,,0,0,0,N,N,,0,N,N,N,3.0,N,N,,,,,N,,,0,,,N,,,,,,13520,1,1,N,N,N,0,N,N,N,0,0,0,100,N,90,7425,0,20250721,1000,0,,,0,,N,N,N,0,0,0,0,0.0,,135,,N,N,N
Q530138,KRG530001384,삼성 KRX 레버리지 2차전지 TOP10 TR ETN,EN,,0,0,0,N,N,,0,N,N,N,3.0,N,N,,,,,N,,,0,,,N,,,,,,24775,1,1,N,N,N,0,N,N,N,0,0,0,100,N,90,4434,0,20250721,1000,0,,,0,,N,N,N,0,0,0,0,0.0,,247,,N,N,N
Q530139,KRG530001392,삼성 iSelect 조선 TOP10 TR ETN,EN,,0,0,0,N,N,,0,N,N,N,3.0,N,N,,,,,N,,,0,,,N,,,,,,10320,1,1,N,N,N,0,N,N,N,0,0,0,100,N,90,68,0,20250721,1000,0,,,0,,N,N,N,0,0,0,0,0.0,,103,,N,N,N
Q530140,KRG530001400,삼성 iSelect 레버리지 조선 TOP10 TR ETN,EN,,0,0,0,N,N,,0,N,N,N,3.0,N,N,,,,,N,,,0,,,N,,,,,,14705,1,1,N,N,N,0,N,N,N,0,0,0,100,N,90,2953,0,20250721,1000,0,,,0,,N,N,N,0,0,0,0,0.0,,147,,N,N,N
Q530141,KRG530001418,삼성 중국 자동차 TOP5 TR ETN(H),EN,,0,0,0,N,N,,0,N,N,N,3.0,N,N,,,,,N,,,0,,,N,,,,,,7390,1,1,N,N,N,0,N,N,N,0,0,0,100,N,90,2,0,20250909,1000,0,,,0,,N,N,N,0,0,0,0,0.0,,73,,N,N,N
Q530142,KRG530001426,삼성 중국 AI 테크 TOP5 TR ETN(H),EN,,0,0,0,N,N,,0,N,N,N,3.0,N,N,,,,,N,,,0,,,N,,,,,,7005,1,1,N,N,N,0,N,N,N,0,0,0,100,N,90,68,0,20250909,1000,0,,,0,,N,N,N,0,0,0,0,0.0,,70,,N,N,N
Q530143,KRG530001434,삼성 인버스 2X 은 선물 ETN,EN,,0,0,0,N,N,,0,N,N,N,3.0,N,N,,,,,N,,,0,,,N,,,,,,45390,1,1,N,N,N,0,N,N,N,0,0,0,100,N,90,80,0,20260306,1000,0,,,0,,N,N,N,0,0,0,0,0.0,,453,,N,N,N
Q530145,KRG530001459,삼성 레버리지 천연가스 선물 ETN D,EN,,0,0,0,N,N,,0,N,N,N,3.0,N,N,,,,,N,,,0,,,N,,,,,,12375,1,1,N,N,N,0,N,N,N,0,0,0,100,N,90,210154,0,20260318,17000,0,,,0,,N,N,N,0,0,0,0,0.0,,2103,,N,N,N
Q530148,KRG530001483,삼성 인버스 2X 코스피200 선물 ETN B,EN,,0,0,0,N,N,,0,N,N,N,3.0,N,N,,,,,N,,,0,,,N,,,,,,31200,1,1,N,N,N,0,N,N,N,0,0,0,100,N,90,770453,0,20260917,1000,0,,,0,,N,N,N,0,0,0,0,0.0,,312,,N,N,N
Q530067,KRG531400676,삼성 KRX 금현물 ETN,EN,,0,0,0,N,N,,0,N,N,N,3.0,N,N,,,,,N,,,0,,,N,,,,,,30465,1,1,N,N,N,0,N,N,N,0,0,0,100,N,90,883,0,20191105,2000,0,,,0,,N,N,N,0,0,0,0,0.0,,609,,N,N,N
Q530060,KRG531800602,삼성 코스피 양매도 5% OTM ETN,EN,,0,0,0,N,N,,0,N,N,N,3.0,N,N,,,,,N,,,0,,,N,,,,,,7185,1,1,N,N,N,0,N,N,N,0,0,0,100,N,90,0,0,20181107,1000,0,,,0,,N,N,N,0,0,0,0,0.0,,71,,N,N,N
Q530031,KRG532400311,삼성 레버리지 WTI원유 선물 ETN,EN,,0,0,0,N,N,,0,N,N,N,3.0,N,N,,,,,N,,,0,,,N,,,,,,2915,1,1,N,N,N,0,N,N,N,0,0,0,100,N,90,888520,0,20170703,404000,0,,,0,,N,N,N,0,0,0,0,0.0,,11776,,N,N,N
Q530055,KRG532400550,삼성 레버리지 금 선물 ETN(H),EN,,0,0,0,N,N,,0,N,N,N,3.0,N,N,,,,,N,,,0,,,N,,,,,,98120,1,1,N,N,N,0,N,N,N,0,0,0,100,N,90,165,0,20180614,1000,0,,,0,,N,N,N,0,0,0,0,0.0,,981,,N,N,N
Q530056,KRG532400568,삼성 인버스 2X 금 선물 ETN(H),EN,,0,0,0,N,N,,0,N,N,N,3.0,N,N,,,,,N,,,0,,,N,,,,,,1935,1,1,N,N,N,0,N,N,N,0,0,0,100,N,90,2655,0,20180614,4000,0,,,0,,N,N,N,0,0,0,0,0.0,,77,,N,N,N
Q530061,KRG532400618,삼성 레버리지 은 선물 ETN(H),EN,,0,0,0,N,N,,0,N,N,N,3.0,N,N,,,,,N,,,0,,,N,,,,,,30445,1,1,N,N,N,0,N,N,N,0,0,0,100,N,90,11146,0,20181113,3000,0,,,0,,N,N,N,0,0,0,0,0.0,,913,,N,N,N
Q530062,KRG532400626,삼성 인버스 2X 은 선물 ETN(H),EN,,0,0,0,N,N,,0,N,N,N,3.0,N,N,,,,,N,,,0,,,N,,,,,,46,1,1,N,N,N,0,N,N,N,0,0,0,100,N,90,27753,0,20181113,130000,0,,,0,,N,N,N,0,0,0,0,0.0,,59,,N,N,N
Q530063,KRG532400634,삼성 레버리지 구리 선물 ETN(H),EN,,0,0,0,N,N,,0,N,N,N,3.0,N,N,,,,,N,,,0,,,N,,,,,,25365,1,1,N,N,N,0,N,N,N,0,0,0,100,N,90,1217,0,20181113,1000,0,,,0,,N,N,N,0,0,0,0,0.0,,253,,N,N,N
Q530064,KRG532400642,삼성 인버스 2X 구리 선물 ETN(H),EN,,0,0,0,N,N,,0,N,N,N,3.0,N,N,,,,,N,,,0,,,N,,,,,,666,1,1,N,N,N,0,N,N,N,0,0,0,100,N,90,3366,0,20181113,15000,0,,,0,,N,N,N,0,0,0,0,0.0,,99,,N,N,N
Q550069,KRG550000696,N2 레버리지 구리 선물 ETN(H),EN,,0,0,0,N,N,,0,N,N,N,3.0,N,N,,,,,N,,,0,,,N,,,,,,25525,1,1,N,N,N,0,N,N,N,0,0,0,100,N,90,0,0,20211109,1000,0,,,0,,N,N,N,0,0,0,0,0.0,,255,,N,N,N
Q550070,KRG550000704,N2 인버스 레버리지 구리 선물 ETN(H),EN,,0,0,0,N,N,,0,N,N,N,3.0,N,N,,,,,N,,,0,,,N,,,,,,4780,1,1,N,N,N,0,N,N,N,0,0,0,100,N,90,0,0,20211109,1000,0,,,0,,N,N,N,0,0,0,0,0.0,,47,,N,N,N
Q550082,KRG550000829,N2 KIS CD금리투자 ETN,EN,,0,0,0,N,N,,0,N,N,N,3.0,N,N,,,,,N,,,0,,,N,,,,,,55910,1,1,N,N,N,0,N,N,N,0,0,0,100,N,90,0,0,20230406,14000,0,,,0,,N,N,N,0,0,0,0,0.0,,7827,,N,N,N
Q550084,KRG550000845,N2 코스피 200 TR ETN,EN,,0,0,0,N,N,,0,N,N,N,3.0,N,N,,,,,N,,,0,,,N,,,,,,33015,1,1,N,N,N,0,N,N,N,0,0,0,100,N,90,11,0,20231227,2000,0,,,0,,N,N,N,0,0,0,0,0.0,,660,,N,N,N
Q550085,KRG550000852,N2 코스닥 150 TR ETN,EN,,0,0,0,N,N,,0,N,N,N,3.0,N,N,,,,,N,,,0,,,N,,,,,,11250,1,1,N,N,N,0,N,N,N,0,0,0,100,N,90,4,0,20231227,2000,0,,,0,,N,N,N,0,0,0,0,0.0,,225,,N,N,N
Q550087,KRG550000878,N2 선진국 1등주 ETN,EN,,0,0,0,N,N,,0,N,N,N,3.0,N,N,,,,,N,,,0,,,N,,,,,,10455,1,1,N,N,N,0,N,N,N,0,0,0,100,N,90,0,0,20240430,2000,0,,,0,,N,N,N,0,0,0,0,0.0,,209,,N,N,N
Q550088,KRG550000886,N2 월간 레버리지 선진국 1등주 ETN,EN,,0,0,0,N,N,,0,N,N,N,3.0,N,N,,,,,N,,,0,,,N,,,,,,19825,1,1,N,N,N,0,N,N,N,0,0,0,100,N,90,0,0,20240430,1000,0,,,0,,N,N,N,0,0,0,0,0.0,,198,,N,N,N
Q550089,KRG550000894,N2 월간 레버리지 코스피 200 선물 ETN,EN,,0,0,0,N,N,,0,N,N,N,3.0,N,N,,,,,N,,,0,,,N,,,,,,139930,1,1,N,N,N,0,N,N,N,0,0,0,100,N,90,8,0,20240430,1000,0,,,0,,N,N,N,0,0,0,0,0.0,,1399,,N,N,N
Q550091,KRG550000910,N2 방위산업 Top5 ETN,EN,,0,0,0,N,N,,0,N,N,N,3.0,N,N,,,,,N,,,0,,,N,,,,,,33645,1,1,N,N,N,0,N,N,N,0,0,0,100,N,90,5855,0,20240801,2000,0,,,0,,N,N,N,0,0,0,0,0.0,,672,,N,N,N
Q550092,KRG550000928,N2 월간 레버리지 방위산업 Top5 ETN,EN,,0,0,0,N,N,,0,N,N,N,3.0,N,N,,,,,N,,,0,,,N,,,,,,106110,1,1,N,N,N,0,N,N,N,0,0,0,100,N,90,47,0,20240801,1000,0,,,0,,N,N,N,0,0,0,0,0.0,,1061,,N,N,N
Q550093,KRG550000936,N2 전력인프라 Top5 ETN,EN,,0,0,0,N,N,,0,N,N,N,3.0,N,N,,,,,N,,,0,,,N,,,,,,36145,1,1,N,N,N,0,N,N,N,0,0,0,100,N,90,2736,0,20240801,2000,0,,,0,,N,N,N,0,0,0,0,0.0,,722,,N,N,N
Q550095,KRG550000951,N2 레버리지 국채10년 ETN,EN,,0,0,0,N,N,,0,N,N,N,3.0,N,N,,,,,N,,,0,,,N,,,,,,17320,1,1,N,N,N,0,N,N,N,0,0,0,100,N,90,0,0,20241031,500,0,,,0,,N,N,N,0,0,0,0,0.0,,86,,N,N,N
Q550096,KRG550000969,N2 레버리지 국채30년 ETN,EN,,0,0,0,N,N,,0,N,N,N,3.0,N,N,,,,,N,,,0,,,N,,,,,,11370,1,1,N,N,N,0,N,N,N,0,0,0,100,N,90,0,0,20241031,500,0,,,0,,N,N,N,0,0,0,0,0.0,,56,,N,N,N
Q550097,KRG550000977,N2 레버리지 코스닥150 선물 ETN,EN,,0,0,0,N,N,,0,N,N,N,3.0,N,N,,,,,N,,,0,,,N,,,,,,20270,1,1,N,N,N,0,N,N,N,0,0,0,100,N,90,1670,0,20250619,1000,0,,,0,,N,N,N,0,0,0,0,0.0,,202,,N,N,N
Q550098,KRG550000985,N2 인버스 2X 코스닥150 선물 ETN,EN,,0,0,0,N,N,,0,N,N,N,3.0,N,N,,,,,N,,,0,,,N,,,,,,5195,1,1,N,N,N,0,N,N,N,0,0,0,100,N,90,8011,0,20250619,1000,0,,,0,,N,N,N,0,0,0,0,0.0,,51,,N,N,N
Q550099,KRG550000993,N2 레버리지 천연가스 선물 ETN,EN,,0,0,0,N,N,,0,N,N,N,3.0,N,N,,,,,N,,,0,,,N,,,,,,9455,1,1,N,N,N,0,N,N,N,0,0,0,100,N,90,8190,0,20250926,1000,0,,,0,,N,N,N,0,0,0,0,0.0,,94,,N,N,N
Q550100,KRG550001009,N2 인버스 2X 천연가스 선물 ETN,EN,,0,0,0,N,N,,0,N,N,N,3.0,N,N,,,,,N,,,0,,,N,,,,,,9760,1,1,N,N,N,0,N,N,N,0,0,0,100,N,90,318,0,20250926,1000,0,,,0,,N,N,N,0,0,0,0,0.0,,97,,N,N,N
Q550041,KRG552100411,N2 미국 IT TOP5 ETN(H),EN,,0,0,0,N,N,,0,N,N,N,3.0,N,N,,,,,N,,,0,,,N,,,,,,61425,1,1,N,N,N,0,N,N,N,0,0,0,100,N,90,0,0,20170731,700,0,,,0,,N,N,N,0,0,0,0,0.0,,429,,N,N,N
Q570047,KRG570000478,한투 FTSE100 ETN,EN,,0,0,0,N,N,,0,N,N,N,3.0,N,N,,,,,N,,,0,,,N,,,,,,25845,1,1,N,N,N,0,N,N,N,0,0,0,100,N,90,0,0,20200522,1000,0,,,0,,N,N,N,0,0,0,0,0.0,,258,,N,N,N
Q570050,KRG570000502,한투 S&P500선물 ETN,EN,,0,0,0,N,N,,0,N,N,N,3.0,N,N,,,,,N,,,0,,,N,,,,,,26390,1,1,N,N,N,0,N,N,N,0,0,0,100,N,90,2,0,20200821,5000,0,,,0,,N,N,N,0,0,0,0,0.0,,1319,,N,N,N
Q570051,KRG570000510,한투 나스닥100 ETN,EN,,0,0,0,N,N,,0,N,N,N,3.0,N,N,,,,,N,,,0,,,N,,,,,,31520,1,1,N,N,N,0,N,N,N,0,0,0,100,N,90,77,0,20200821,5000,0,,,0,,N,N,N,0,0,0,0,0.0,,1576,,N,N,N
Q570069,KRG570000692,한투 레버리지플래티넘선물 ETN,EN,,0,0,0,N,N,,0,N,N,N,3.0,N,N,,,,,N,,,0,,,N,,,,,,27450,1,1,N,N,N,0,N,N,N,0,0,0,100,N,90,68,0,20220411,1000,0,,,0,,N,N,N,0,0,0,0,0.0,,274,,N,N,N
Q570070,KRG570000700,한투 인버스2X플래티넘선물 ETN,EN,,0,0,0,N,N,,0,N,N,N,3.0,N,N,,,,,N,,,0,,,N,,,,,,1850,1,1,N,N,N,0,N,N,N,0,0,0,100,N,90,165,0,20220411,1000,0,,,0,,N,N,N,0,0,0,0,0.0,,18,,N,N,N
Q570071,KRG570000718,한투 구리선물 ETN,EN,,0,0,0,N,N,,0,N,N,N,3.0,N,N,,,,,N,,,0,,,N,,,,,,17140,1,1,N,N,N,0,N,N,N,0,0,0,100,N,90,2,0,20211109,1000,0,,,0,,N,N,N,0,0,0,0,0.0,,171,,N,N,N
Q570072,KRG570000726,한투 레버리지구리선물 ETN,EN,,0,0,0,N,N,,0,N,N,N,3.0,N,N,,,,,N,,,0,,,N,,,,,,29205,1,1,N,N,N,0,N,N,N,0,0,0,100,N,90,0,0,20211109,1000,0,,,0,,N,N,N,0,0,0,0,0.0,,292,,N,N,N
Q570073,KRG570000734,한투 인버스2X구리선물 ETN,EN,,0,0,0,N,N,,0,N,N,N,3.0,N,N,,,,,N,,,0,,,N,,,,,,5485,1,1,N,N,N,0,N,N,N,0,0,0,100,N,90,0,0,20211109,1000,0,,,0,,N,N,N,0,0,0,0,0.0,,54,,N,N,N
Q570074,KRG570000742,한투 유럽탄소배출권선물 ETN(H),EN,,0,0,0,N,N,,0,N,N,N,3.0,N,N,,,,,N,,,0,,,N,,,,,,12195,1,1,N,N,N,0,N,N,N,0,0,0,100,N,90,0,0,20211108,1000,0,,,0,,N,N,N,0,0,0,0,0.0,,121,,N,N,N
Q570081,KRG570000817,한투 레버리지코스닥150선물 ETN,EN,,0,0,0,N,N,,0,N,N,N,3.0,N,N,,,,,N,,,0,,,N,,,,,,30000,1,1,N,N,N,0,N,N,N,0,0,0,100,N,90,3,0,20221017,1000,0,,,0,,N,N,N,0,0,0,0,0.0,,300,,N,N,N
Q570082,KRG570000825,한투 인버스2X코스닥150선물 ETN,EN,,0,0,0,N,N,,0,N,N,N,3.0,N,N,,,,,N,,,0,,,N,,,,,,1447,1,1,N,N,N,0,N,N,N,0,0,0,100,N,90,45413,0,20221017,20000,0,,,0,,N,N,N,0,0,0,0,0.0,,289,,N,N,N
Q570085,KRG570000858,한투 인도네시아대표원자재 ETN,EN,,0,0,0,N,N,,0,N,N,N,3.0,N,N,,,,,N,,,0,,,N,,,,,,9870,1,1,N,N,N,0,N,N,N,0,0,0,100,N,90,152,0,20221128,1000,0,,,0,,N,N,N,0,0,0,0,0.0,,98,,N,N,N
Q570090,KRG570000908,한투 KIS CD금리투자 ETN,EN,,0,0,0,N,N,,0,N,N,N,3.0,N,N,,,,,N,,,0,,,N,,,,,,55935,1,1,N,N,N,0,N,N,N,0,0,0,100,N,90,0,0,20230406,6000,0,,,0,,N,N,N,0,0,0,0,0.0,,3356,,N,N,N
Q570091,KRG570000916,한투 인버스유로스탁스50 ETN(H) C,EN,,0,0,0,N,N,,0,N,N,N,3.0,N,N,,,,,N,,,0,,,N,,,,,,6355,1,1,N,N,N,0,N,N,N,0,0,0,100,N,90,0,0,20230321,1000,0,,,0,,N,N,N,0,0,0,0,0.0,,63,,N,N,N
Q570092,KRG570000924,한투 인버스2X유로스탁스50 ETN(H) B,EN,,0,0,0,N,N,,0,N,N,N,3.0,N,N,,,,,N,,,0,,,N,,,,,,6890,1,1,N,N,N,0,N,N,N,0,0,0,100,N,90,522,0,20230321,1000,0,,,0,,N,N,N,0,0,0,0,0.0,,68,,N,N,N
Q570094,KRG570000940,한투 일본엔선물 ETN C,EN,,0,0,0,N,N,,0,N,N,N,3.0,N,N,,,,,N,,,0,,,N,,,,,,8370,1,1,N,N,N,0,N,N,N,0,0,0,100,N,90,269,0,20230810,1000,0,,,0,,N,N,N,0,0,0,0,0.0,,83,,N,N,N
Q570095,KRG570000957,한투 레버리지일본엔선물 ETN C,EN,,0,0,0,N,N,,0,N,N,N,3.0,N,N,,,,,N,,,0,,,N,,,,,,6175,1,1,N,N,N,0,N,N,N,0,0,0,100,N,90,6028,0,20230810,1000,0,,,0,,N,N,N,0,0,0,0,0.0,,61,,N,N,N
Q570096,KRG570000965,한투 인버스2X일본엔선물 ETN,EN,,0,0,0,N,N,,0,N,N,N,3.0,N,N,,,,,N,,,0,,,N,,,,,,12940,1,1,N,N,N,0,N,N,N,0,0,0,100,N,90,0,0,20230810,1000,0,,,0,,N,N,N,0,0,0,0,0.0,,129,,N,N,N
Q570097,KRG570000973,한투 엔달러선물 ETN(H),EN,,0,0,0,N,N,,0,N,N,N,3.0,N,N,,,,,N,,,0,,,N,,,,,,7835,1,1,N,N,N,0,N,N,N,0,0,0,100,N,90,0,0,20230810,1000,0,,,0,,N,N,N,0,0,0,0,0.0,,78,,N,N,N
Q570098,KRG570000981,한투 레버리지엔달러선물 ETN(H),EN,,0,0,0,N,N,,0,N,N,N,3.0,N,N,,,,,N,,,0,,,N,,,,,,5930,1,1,N,N,N,0,N,N,N,0,0,0,100,N,90,555,0,20230810,1000,0,,,0,,N,N,N,0,0,0,0,0.0,,59,,N,N,N
Q570099,KRG570000999,한투 인버스2X엔달러 선물 ETN(H),EN,,0,0,0,N,N,,0,N,N,N,3.0,N,N,,,,,N,,,0,,,N,,,,,,14825,1,1,N,N,N,0,N,N,N,0,0,0,100,N,90,1,0,20230810,1000,0,,,0,,N,N,N,0,0,0,0,0.0,,148,,N,N,N
Q570100,KRG570001005,한투 일본종합상사TOP5 ETN,EN,,0,0,0,N,N,,0,N,N,N,3.0,N,N,,,,,N,,,0,,,N,,,,,,20690,1,1,N,N,N,0,N,N,N,0,0,0,100,N,90,2553,0,20240104,3000,0,,,0,,N,N,N,0,0,0,0,0.0,,620,,N,N,N
Q570101,KRG570001013,한투 인버스나스닥100 ETN B,EN,,0,0,0,N,N,,0,N,N,N,3.0,N,N,,,,,N,,,0,,,N,,,,,,6375,1,1,N,N,N,0,N,N,N,0,0,0,100,N,90,267,0,20240628,1000,0,,,0,,N,N,N,0,0,0,0,0.0,,63,,N,N,N
Q570102,KRG570001021,한투 레버리지나스닥100 ETN B,EN,,0,0,0,N,N,,0,N,N,N,3.0,N,N,,,,,N,,,0,,,N,,,,,,19305,1,1,N,N,N,0,N,N,N,0,0,0,100,N,90,534,0,20240628,2000,0,,,0,,N,N,N,0,0,0,0,0.0,,386,,N,N,N
Q570103,KRG570001039,한투 인버스2X나스닥100 ETN B,EN,,0,0,0,N,N,,0,N,N,N,3.0,N,N,,,,,N,,,0,,,N,,,,,,3505,1,1,N,N,N,0,N,N,N,0,0,0,100,N,90,28474,0,20240628,10000,0,,,0,,N,N,N,0,0,0,0,0.0,,350,,N,N,N
Q570104,KRG570001047,한투 일본니케이225선물 ETN(H),EN,,0,0,0,N,N,,0,N,N,N,3.0,N,N,,,,,N,,,0,,,N,,,,,,18620,1,1,N,N,N,0,N,N,N,0,0,0,100,N,90,0,0,20240806,3000,0,,,0,,N,N,N,0,0,0,0,0.0,,558,,N,N,N
Q570105,KRG570001054,한투 인버스일본니케이225선물 ETN(H),EN,,0,0,0,N,N,,0,N,N,N,3.0,N,N,,,,,N,,,0,,,N,,,,,,4430,1,1,N,N,N,0,N,N,N,0,0,0,100,N,90,1663,0,20240806,3000,0,,,0,,N,N,N,0,0,0,0,0.0,,132,,N,N,N
Q570106,KRG570001062,한투 레버리지일본니케이225선물 ETN(H),EN,,0,0,0,N,N,,0,N,N,N,3.0,N,N,,,,,N,,,0,,,N,,,,,,57615,1,1,N,N,N,0,N,N,N,0,0,0,100,N,90,669,0,20240806,2500,0,,,0,,N,N,N,0,0,0,0,0.0,,1440,,N,N,N
Q570107,KRG570001070,한투 인버스2X일본니케이225선물 ETN(H),EN,,0,0,0,N,N,,0,N,N,N,3.0,N,N,,,,,N,,,0,,,N,,,,,,3290,1,1,N,N,N,0,N,N,N,0,0,0,100,N,90,2073,0,20240806,2500,0,,,0,,N,N,N,0,0,0,0,0.0,,82,,N,N,N
Q570108,KRG570001088,한투 레버리지국채30년 ETN,EN,,0,0,0,N,N,,0,N,N,N,3.0,N,N,,,,,N,,,0,,,N,,,,,,11245,1,1,N,N,N,0,N,N,N,0,0,0,100,N,90,0,0,20241008,500,0,,,0,,N,N,N,0,0,0,0,0.0,,56,,N,N,N
Q570109,KRG570001096,한투 레버리지미국채30년 ETN,EN,,0,0,0,N,N,,0,N,N,N,3.0,N,N,,,,,N,,,0,,,N,,,,,,13150,1,1,N,N,N,0,N,N,N,0,0,0,100,N,90,3,0,20241008,500,0,,,0,,N,N,N,0,0,0,0,0.0,,65,,N,N,N
Q570110,KRG570001104,한투 3X레버리지국채30년 ETN,EN,,0,0,0,N,N,,0,N,N,N,3.0,N,N,,,,,N,,,0,,,N,,,,,,17000,1,1,N,N,N,0,N,N,N,0,0,0,100,N,90,16,0,20241224,200,0,,,0,,N,N,N,0,0,0,0,0.0,,34,,N,N,N
Q570111,KRG570001112,한투 3X레버리지미국채30년 ETN,EN,,0,0,0,N,N,,0,N,N,N,3.0,N,N,,,,,N,,,0,,,N,,,,,,28570,1,1,N,N,N,0,N,N,N,0,0,0,100,N,90,0,0,20241224,200,0,,,0,,N,N,N,0,0,0,0,0.0,,57,,N,N,N
Q570114,KRG570001146,한투 S&P500 VIX S/T선물 ETN(H) B,EN,,0,0,0,N,N,,0,N,N,N,3.0,N,N,,,,,N,,,0,,,N,,,,,,7290,1,1,N,N,N,0,N,N,N,0,0,0,100,N,90,652,0,20250307,1000,0,,,0,,N,N,N,0,0,0,0,0.0,,72,,N,N,N
Q570115,KRG570001153,한투 인버스0.5X S&P500 VIX S/T선물 ETN B,EN,,0,0,0,N,N,,0,N,N,N,3.0,N,N,,,,,N,,,0,,,N,,,,,,23265,1,1,N,N,N,0,N,N,N,0,0,0,100,N,90,2,0,20250307,1000,0,,,0,,N,N,N,0,0,0,0,0.0,,232,,N,N,N
Q570116,KRG570001161,한투 레버리지WTI원유선물 ETN B,EN,,0,0,0,N,N,,0,N,N,N,3.0,N,N,,,,,N,,,0,,,N,,,,,,51535,1,1,N,N,N,0,N,N,N,0,0,0,100,N,90,17,0,20250417,2000,0,,,0,,N,N,N,0,0,0,0,0.0,,1030,,N,N,N
Q570117,KRG570001179,한투 인버스2XWTI원유선물 ETN B,EN,,0,0,0,N,N,,0,N,N,N,3.0,N,N,,,,,N,,,0,,,N,,,,,,1883,1,1,N,N,N,0,N,N,N,0,0,0,100,N,90,108330,0,20250417,22000,0,,,0,,N,N,N,0,0,0,0,0.0,,414,,N,N,N
Q570118,KRG570001187,한투 인버스2X천연가스선물 ETN B,EN,,0,0,0,N,N,,0,N,N,N,3.0,N,N,,,,,N,,,0,,,N,,,,,,9120,1,1,N,N,N,0,N,N,N,0,0,0,100,N,90,12979,0,20250904,4000,0,,,0,,N,N,N,0,0,0,0,0.0,,364,,N,N,N
Q570119,KRG570001195,한투 인버스2X은선물 ETN,EN,,0,0,0,N,N,,0,N,N,N,3.0,N,N,,,,,N,,,0,,,N,,,,,,44235,1,1,N,N,N,0,N,N,N,0,0,0,100,N,90,2,0,20260306,1000,0,,,0,,N,N,N,0,0,0,0,0.0,,442,,N,N,N
Q570120,KRG570001203,한투 레버리지천연가스선물 ETN C,EN,,0,0,0,N,N,,0,N,N,N,3.0,N,N,,,,,N,,,0,,,N,,,,,,15625,1,1,N,N,N,0,N,N,N,0,0,0,100,N,90,8332,0,20260430,5000,0,,,0,,N,N,N,0,0,0,0,0.0,,781,,N,N,N
Q570121,KRG570001211,한투 금선물 ETN,EN,,0,0,0,N,N,,0,N,N,N,3.0,N,N,,,,,N,,,0,,,N,,,,,,7985,1,1,N,N,N,0,N,N,N,0,0,0,100,N,90,11,0,20260521,2000,0,,,0,,N,N,N,0,0,0,0,0.0,,159,,N,N,N
Q570122,KRG570001229,한투 인버스금선물 ETN,EN,,0,0,0,N,N,,0,N,N,N,3.0,N,N,,,,,N,,,0,,,N,,,,,,10395,1,1,N,N,N,0,N,N,N,0,0,0,100,N,90,18,0,20260521,2000,0,,,0,,N,N,N,0,0,0,0,0.0,,207,,N,N,N
Q570123,KRG570001237,한투 은선물 ETN,EN,,0,0,0,N,N,,0,N,N,N,3.0,N,N,,,,,N,,,0,,,N,,,,,,6215,1,1,N,N,N,0,N,N,N,0,0,0,100,N,90,4,0,20260521,2000,0,,,0,,N,N,N,0,0,0,0,0.0,,124,,N,N,N
Q570124,KRG570001245,한투 인버스은선물 ETN,EN,,0,0,0,N,N,,0,N,N,N,3.0,N,N,,,,,N,,,0,,,N,,,,,,12540,1,1,N,N,N,0,N,N,N,0,0,0,100,N,90,2,0,20260521,2000,0,,,0,,N,N,N,0,0,0,0,0.0,,250,,N,N,N
Q570125,KRG570001252,한투 솔랙티브레버리지금선물 ETN,EN,,0,0,0,N,N,,0,N,N,N,3.0,N,N,,,,,N,,,0,,,N,,,,,,17780,1,1,N,N,N,0,N,N,N,0,0,0,100,N,90,19,0,20260707,1000,0,,,0,,N,N,N,0,0,0,0,0.0,,177,,N,N,N
Q570126,KRG570001260,한투 솔랙티브인버스2X금선물 ETN,EN,,0,0,0,N,N,,0,N,N,N,3.0,N,N,,,,,N,,,0,,,N,,,,,,16095,1,1,N,N,N,0,N,N,N,0,0,0,100,N,90,0,0,20260707,1000,0,,,0,,N,N,N,0,0,0,0,0.0,,160,,N,N,N
Q570127,KRG570001278,한투 인버스2X코스피200선물 ETN,EN,,0,0,0,N,N,,0,N,N,N,3.0,N,N,,,,,N,,,0,,,N,,,,,,32880,1,1,N,N,N,0,N,N,N,0,0,0,100,N,90,1501,0,20260707,1000,0,,,0,,N,N,N,0,0,0,0,0.0,,328,,N,N,N
Q570128,KRG570001286,한투 베트남VN30선물 ETN(H) B,EN,,0,0,0,N,N,,0,N,N,N,3.0,N,N,,,,,N,,,0,,,N,,,,,,9690,1,1,N,N,N,0,N,N,N,0,0,0,100,N,90,2,0,20260930,1000,0,,,0,,N,N,N,0,0,0,0,0.0,,96,,N,N,N
Q570129,KRG570001294,한투 레버리지베트남VN30선물 ETN(H) B,EN,,0,0,0,N,N,,0,N,N,N,3.0,N,N,,,,,N,,,0,,,N,,,,,,18585,1,1,N,N,N,0,N,N,N,0,0,0,100,N,90,0,0,20260930,1000,0,,,0,,N,N,N,0,0,0,0,0.0,,185,,N,N,N
Q570130,KRG570001302,한투 인버스2X베트남VN30선물 ETN(H) B,EN,,0,0,0,N,N,,0,N,N,N,3.0,N,N,,,,,N,,,0,,,N,,,,,,20965,1,1,N,N,N,0,N,N,N,0,0,0,100,N,90,0,0,20260930,1000,0,,,0,,N,N,N,0,0,0,0,0.0,,209,,N,N,N
Q570019,KRG571100194,한투 코스피양매도5%OTM ETN,EN,,0,0,0,N,N,,0,N,N,N,3.0,N,N,,,,,N,,,0,,,N,,,,,,7310,1,1,N,N,N,0,N,N,N,0,0,0,100,N,90,167,0,20170529,15000,0,,,0,,N,N,N,0,0,0,0,0.0,,1096,,N,N,N
Q570029,KRG571100293,한투 코스피양매도3%OTM ETN,EN,,0,0,0,N,N,,0,N,N,N,3.0,N,N,,,,,N,,,0,,,N,,,,,,7370,1,1,N,N,N,0,N,N,N,0,0,0,100,N,90,136,0,20180828,5000,0,,,0,,N,N,N,0,0,0,0,0.0,,368,,N,N,N
Q570022,KRG572100227,한투 레버리지S&P500선물 ETN(H),EN,,0,0,0,N,N,,0,N,N,N,3.0,N,N,,,,,N,,,0,,,N,,,,,,60125,1,1,N,N,N,0,N,N,N,0,0,0,100,N,90,21,0,20171103,5000,0,,,0,,N,N,N,0,0,0,0,0.0,,3006,,N,N,N
Q570023,KRG572100235,한투 인버스2XS&P500선물 ETN(H),EN,,0,0,0,N,N,,0,N,N,N,3.0,N,N,,,,,N,,,0,,,N,,,,,,658,1,1,N,N,N,0,N,N,N,0,0,0,100,N,90,826,0,20171103,5000,0,,,0,,N,N,N,0,0,0,0,0.0,,32,,N,N,N
Q580032,KRG580000328,KB 레버리지 구리 선물 ETN(H),EN,,0,0,0,N,N,,0,N,N,N,3.0,N,N,,,,,N,,,0,,,N,,,,,,25630,1,1,N,N,N,0,N,N,N,0,0,0,100,N,90,901,0,20211109,500,0,,,0,,N,N,N,0,0,0,0,0.0,,128,,N,N,N
Q580033,KRG580000336,KB 인버스 2X 구리 선물 ETN(H),EN,,0,0,0,N,N,,0,N,N,N,3.0,N,N,,,,,N,,,0,,,N,,,,,,4845,1,1,N,N,N,0,N,N,N,0,0,0,100,N,90,3162,0,20211109,500,0,,,0,,N,N,N,0,0,0,0,0.0,,24,,N,N,N
Q580034,KRG580000344,KB 레버리지 FANG 플러스 ETN(H),EN,,0,0,0,N,N,,0,N,N,N,3.0,N,N,,,,,N,,,0,,,N,,,,,,111890,1,1,N,N,N,0,N,N,N,0,0,0,100,N,90,306,0,20220419,500,0,,,0,,N,N,N,0,0,0,0,0.0,,559,,N,N,N
Q580035,KRG580000351,KB S&P 유럽탄소배출권 선물 ETN(H),EN,,0,0,0,N,N,,0,N,N,N,3.0,N,N,,,,,N,,,0,,,N,,,,,,9195,1,1,N,N,N,0,N,N,N,0,0,0,100,N,90,0,0,20220407,1000,0,,,0,,N,N,N,0,0,0,0,0.0,,91,,N,N,N
Q580039,KRG580000393,KB 레버리지 KOSPI 200 선물 ETN,EN,,0,0,0,N,N,,0,N,N,N,3.0,N,N,,,,,N,,,0,,,N,,,,,,179830,1,1,N,N,N,0,N,N,N,0,0,0,100,N,90,948,0,20221017,500,0,,,0,,N,N,N,0,0,0,0,0.0,,899,,N,N,N
Q580043,KRG580000435,KB 레버리지 KOSDAQ 150 선물 ETN,EN,,0,0,0,N,N,,0,N,N,N,3.0,N,N,,,,,N,,,0,,,N,,,,,,27990,1,1,N,N,N,0,N,N,N,0,0,0,100,N,90,3598,0,20221017,500,0,,,0,,N,N,N,0,0,0,0,0.0,,139,,N,N,N
Q580044,KRG580000443,KB 인버스 2X KOSDAQ 150 선물 ETN,EN,,0,0,0,N,N,,0,N,N,N,3.0,N,N,,,,,N,,,0,,,N,,,,,,1433,1,1,N,N,N,0,N,N,N,0,0,0,100,N,90,219335,0,20221017,3000,0,,,0,,N,N,N,0,0,0,0,0.0,,42,,N,N,N
Q580047,KRG580000476,KB 레버리지 항셍테크 선물 ETN(H) B,EN,,0,0,0,N,N,,0,N,N,N,3.0,N,N,,,,,N,,,0,,,N,,,,,,10230,1,1,N,N,N,0,N,N,N,0,0,0,100,N,90,0,0,20221215,1000,0,,,0,,N,N,N,0,0,0,0,0.0,,102,,N,N,N
Q580048,KRG580000484,KB 차이나 대형주 CSI 300 ETN,EN,,0,0,0,N,N,,0,N,N,N,3.0,N,N,,,,,N,,,0,,,N,,,,,,12055,1,1,N,N,N,0,N,N,N,0,0,0,100,N,90,0,0,20230425,2000,0,,,0,,N,N,N,0,0,0,0,0.0,,241,,N,N,N
Q580049,KRG580000492,KB 차이나 중형주 CSI 500 ETN,EN,,0,0,0,N,N,,0,N,N,N,3.0,N,N,,,,,N,,,0,,,N,,,,,,12815,1,1,N,N,N,0,N,N,N,0,0,0,100,N,90,0,0,20230425,2000,0,,,0,,N,N,N,0,0,0,0,0.0,,256,,N,N,N
Q580050,KRG580000500,KB 차이나 과창판 STAR 50 ETN,EN,,0,0,0,N,N,,0,N,N,N,3.0,N,N,,,,,N,,,0,,,N,,,,,,14490,1,1,N,N,N,0,N,N,N,0,0,0,100,N,90,1,0,20230425,1000,0,,,0,,N,N,N,0,0,0,0,0.0,,144,,N,N,N
Q580051,KRG580000518,KB 레버리지 밀 선물 ETN,EN,,0,0,0,N,N,,0,N,N,N,3.0,N,N,,,,,N,,,0,,,N,,,,,,8355,1,1,N,N,N,0,N,N,N,0,0,0,100,N,90,3432,0,20230707,1500,0,,,0,,N,N,N,0,0,0,0,0.0,,125,,N,N,N
Q580052,KRG580000526,KB 인버스 2X 밀 선물 ETN,EN,,0,0,0,N,N,,0,N,N,N,3.0,N,N,,,,,N,,,0,,,N,,,,,,23585,1,1,N,N,N,0,N,N,N,0,0,0,100,N,90,245,0,20230707,500,0,,,0,,N,N,N,0,0,0,0,0.0,,117,,N,N,N
Q580053,KRG580000534,KB 레버리지 콩 선물 ETN,EN,,0,0,0,N,N,,0,N,N,N,3.0,N,N,,,,,N,,,0,,,N,,,,,,17660,1,1,N,N,N,0,N,N,N,0,0,0,100,N,90,177,0,20230707,500,0,,,0,,N,N,N,0,0,0,0,0.0,,88,,N,N,N
Q580054,KRG580000542,KB 인버스 2X 콩 선물 ETN,EN,,0,0,0,N,N,,0,N,N,N,3.0,N,N,,,,,N,,,0,,,N,,,,,,20425,1,1,N,N,N,0,N,N,N,0,0,0,100,N,90,46,0,20230707,500,0,,,0,,N,N,N,0,0,0,0,0.0,,102,,N,N,N
Q580056,KRG580000567,KB 일본 로보틱스 TOP 10 ETN,EN,,0,0,0,N,N,,0,N,N,N,3.0,N,N,,,,,N,,,0,,,N,,,,,,24785,1,1,N,N,N,0,N,N,N,0,0,0,100,N,90,92,0,20231215,2000,0,,,0,,N,N,N,0,0,0,0,0.0,,495,,N,N,N
Q580057,KRG580000575,KB 일본 컨슈머 TOP 10 ETN,EN,,0,0,0,N,N,,0,N,N,N,3.0,N,N,,,,,N,,,0,,,N,,,,,,12260,1,1,N,N,N,0,N,N,N,0,0,0,100,N,90,1,0,20231215,2000,0,,,0,,N,N,N,0,0,0,0,0.0,,245,,N,N,N
Q580058,KRG580000583,KB KIS CD금리투자 ETN,EN,,0,0,0,N,N,,0,N,N,N,3.0,N,N,,,,,N,,,0,,,N,,,,,,54000,1,1,N,N,N,0,N,N,N,0,0,0,100,N,90,0,0,20240320,13000,0,,,0,,N,N,N,0,0,0,0,0.0,,7020,,N,N,N
Q580059,KRG580000591,KB 미국채 10년 ETN,EN,,0,0,0,N,N,,0,N,N,N,3.0,N,N,,,,,N,,,0,,,N,,,,,,9875,1,1,N,N,N,0,N,N,N,0,0,0,100,N,90,3,0,20240702,1000,0,,,0,,N,N,N,0,0,0,0,0.0,,98,,N,N,N
Q580060,KRG580000609,KB 레버리지 미국채 10년 ETN,EN,,0,0,0,N,N,,0,N,N,N,3.0,N,N,,,,,N,,,0,,,N,,,,,,17890,1,1,N,N,N,0,N,N,N,0,0,0,100,N,90,15,0,20240702,500,0,,,0,,N,N,N,0,0,0,0,0.0,,89,,N,N,N
Q580061,KRG580000617,KB 미국채 30년 ETN,EN,,0,0,0,N,N,,0,N,N,N,3.0,N,N,,,,,N,,,0,,,N,,,,,,8730,1,1,N,N,N,0,N,N,N,0,0,0,100,N,90,17,0,20240702,1000,0,,,0,,N,N,N,0,0,0,0,0.0,,87,,N,N,N
Q580062,KRG580000625,KB 레버리지 미국채 30년 ETN,EN,,0,0,0,N,N,,0,N,N,N,3.0,N,N,,,,,N,,,0,,,N,,,,,,13620,1,1,N,N,N,0,N,N,N,0,0,0,100,N,90,3,0,20240702,500,0,,,0,,N,N,N,0,0,0,0,0.0,,68,,N,N,N
Q580063,KRG580000633,KB 레버리지 미국채 10년 선물 ETN,EN,,0,0,0,N,N,,0,N,N,N,3.0,N,N,,,,,N,,,0,,,N,,,,,,17015,1,1,N,N,N,0,N,N,N,0,0,0,100,N,90,8,0,20240702,500,0,,,0,,N,N,N,0,0,0,0,0.0,,85,,N,N,N
Q580064,KRG580000641,KB 인버스 2X 미국채 10년 선물 ETN,EN,,0,0,0,N,N,,0,N,N,N,3.0,N,N,,,,,N,,,0,,,N,,,,,,21400,1,1,N,N,N,0,N,N,N,0,0,0,100,N,90,30,0,20240702,500,0,,,0,,N,N,N,0,0,0,0,0.0,,107,,N,N,N
Q580065,KRG580000658,KB 코스닥 150 TR ETN,EN,,0,0,0,N,N,,0,N,N,N,3.0,N,N,,,,,N,,,0,,,N,,,,,,11900,1,1,N,N,N,0,N,N,N,0,0,0,100,N,90,315,0,20241022,1000,0,,,0,,N,N,N,0,0,0,0,0.0,,119,,N,N,N
Q580066,KRG580000666,KB 인도 대형 성장주 Select 5 ETN,EN,,0,0,0,N,N,,0,N,N,N,3.0,N,N,,,,,N,,,0,,,N,,,,,,8445,1,1,N,N,N,0,N,N,N,0,0,0,100,N,90,4,0,20250411,2000,0,,,0,,N,N,N,0,0,0,0,0.0,,168,,N,N,N
Q580067,KRG580000674,KB 인도 디지털 Select 5 ETN,EN,,0,0,0,N,N,,0,N,N,N,3.0,N,N,,,,,N,,,0,,,N,,,,,,10290,1,1,N,N,N,0,N,N,N,0,0,0,100,N,90,2,0,20250411,2000,0,,,0,,N,N,N,0,0,0,0,0.0,,205,,N,N,N
Q580068,KRG580000682,KB S&P 레버리지 WTI원유 선물 ETN B,EN,,0,0,0,N,N,,0,N,N,N,3.0,N,N,,,,,N,,,0,,,N,,,,,,51355,1,1,N,N,N,0,N,N,N,0,0,0,100,N,90,7286,0,20250417,1000,0,,,0,,N,N,N,0,0,0,0,0.0,,513,,N,N,N
Q580069,KRG580000690,KB S&P 인버스 2X WTI원유 선물 ETN B,EN,,0,0,0,N,N,,0,N,N,N,3.0,N,N,,,,,N,,,0,,,N,,,,,,1902,1,1,N,N,N,0,N,N,N,0,0,0,100,N,90,34245,0,20250417,18500,0,,,0,,N,N,N,0,0,0,0,0.0,,351,,N,N,N
Q580070,KRG580000708,KB 레버리지 2차전지 TOP 10 TR ETN,EN,,0,0,0,N,N,,0,N,N,N,3.0,N,N,,,,,N,,,0,,,N,,,,,,24550,1,1,N,N,N,0,N,N,N,0,0,0,100,N,90,2038,0,20250721,1000,0,,,0,,N,N,N,0,0,0,0,0.0,,245,,N,N,N
Q580071,KRG580000716,KB 인버스 2X 천연가스 선물 ETN B,EN,,0,0,0,N,N,,0,N,N,N,3.0,N,N,,,,,N,,,0,,,N,,,,,,9075,1,1,N,N,N,0,N,N,N,0,0,0,100,N,90,3892,0,20250904,2000,0,,,0,,N,N,N,0,0,0,0,0.0,,181,,N,N,N
Q580072,KRG580000724,KB 화웨이 밸류체인 ETN,EN,,0,0,0,N,N,,0,N,N,N,3.0,N,N,,,,,N,,,0,,,N,,,,,,10755,1,1,N,N,N,0,N,N,N,0,0,0,100,N,90,10,0,20251027,2000,0,,,0,,N,N,N,0,0,0,0,0.0,,215,,N,N,N
Q580073,KRG580000732,KB 레버리지 화웨이 밸류체인 ETN,EN,,0,0,0,N,N,,0,N,N,N,3.0,N,N,,,,,N,,,0,,,N,,,,,,20165,1,1,N,N,N,0,N,N,N,0,0,0,100,N,90,1,0,20251027,1000,0,,,0,,N,N,N,0,0,0,0,0.0,,201,,N,N,N
Q580074,KRG580000740,KB BYD 밸류체인 ETN,EN,,0,0,0,N,N,,0,N,N,N,3.0,N,N,,,,,N,,,0,,,N,,,,,,9400,1,1,N,N,N,0,N,N,N,0,0,0,100,N,90,8,0,20251201,2000,0,,,0,,N,N,N,0,0,0,0,0.0,,188,,N,N,N
Q580075,KRG580000757,KB 레버리지 BYD 밸류체인 ETN,EN,,0,0,0,N,N,,0,N,N,N,3.0,N,N,,,,,N,,,0,,,N,,,,,,16950,1,1,N,N,N,0,N,N,N,0,0,0,100,N,90,1,0,20251201,1000,0,,,0,,N,N,N,0,0,0,0,0.0,,169,,N,N,N
Q580076,KRG580000765,KB 레버리지 미국 나스닥 100 TR ETN B,EN,,0,0,0,N,N,,0,N,N,N,3.0,N,N,,,,,N,,,0,,,N,,,,,,28100,1,1,N,N,N,0,N,N,N,0,0,0,100,N,90,4,0,20251201,2000,0,,,0,,N,N,N,0,0,0,0,0.0,,562,,N,N,N
Q580077,KRG580000773,KB 인버스 2X 미국 나스닥 100 TR ETN B,EN,,0,0,0,N,N,,0,N,N,N,3.0,N,N,,,,,N,,,0,,,N,,,,,,10665,1,1,N,N,N,0,N,N,N,0,0,0,100,N,90,69,0,20251201,3000,0,,,0,,N,N,N,0,0,0,0,0.0,,319,,N,N,N
Q580078,KRG580000781,KB 은 선물 ETN,EN,,0,0,0,N,N,,0,N,N,N,3.0,N,N,,,,,N,,,0,,,N,,,,,,6230,1,1,N,N,N,0,N,N,N,0,0,0,100,N,90,49,0,20260306,1000,0,,,0,,N,N,N,0,0,0,0,0.0,,62,,N,N,N
Q580079,KRG580000799,KB 레버리지 은 선물 ETN,EN,,0,0,0,N,N,,0,N,N,N,3.0,N,N,,,,,N,,,0,,,N,,,,,,6920,1,1,N,N,N,0,N,N,N,0,0,0,100,N,90,8567,0,20260306,1000,0,,,0,,N,N,N,0,0,0,0,0.0,,69,,N,N,N
Q580080,KRG580000807,KB 인버스 은 선물 ETN,EN,,0,0,0,N,N,,0,N,N,N,3.0,N,N,,,,,N,,,0,,,N,,,,,,12790,1,1,N,N,N,0,N,N,N,0,0,0,100,N,90,17,0,20260306,1000,0,,,0,,N,N,N,0,0,0,0,0.0,,127,,N,N,N
Q580081,KRG580000815,KB 인버스 2X 은 선물 ETN,EN,,0,0,0,N,N,,0,N,N,N,3.0,N,N,,,,,N,,,0,,,N,,,,,,45520,1,1,N,N,N,0,N,N,N,0,0,0,100,N,90,219,0,20260306,1000,0,,,0,,N,N,N,0,0,0,0,0.0,,455,,N,N,N
Q580082,KRG580000823,KB 레버리지 반도체 TOP10 TR ETN,EN,,0,0,0,N,N,,0,N,N,N,3.0,N,N,,,,,N,,,0,,,N,,,,,,24380,1,1,N,N,N,0,N,N,N,0,0,0,100,N,90,2975,0,20260407,2500,0,,,0,,N,N,N,0,0,0,0,0.0,,609,,N,N,N
Q580083,KRG580000831,KB 레버리지 미국 S&P500 선물 ETN B,EN,,0,0,0,N,N,,0,N,N,N,3.0,N,N,,,,,N,,,0,,,N,,,,,,25915,1,1,N,N,N,0,N,N,N,0,0,0,100,N,90,41,0,20260407,500,0,,,0,,N,N,N,0,0,0,0,0.0,,129,,N,N,N
Q580084,KRG580000849,KB 인버스 2X 미국 S&P500 선물 ETN B,EN,,0,0,0,N,N,,0,N,N,N,3.0,N,N,,,,,N,,,0,,,N,,,,,,11785,1,1,N,N,N,0,N,N,N,0,0,0,100,N,90,4,0,20260407,500,0,,,0,,N,N,N,0,0,0,0,0.0,,58,,N,N,N
Q580085,KRG580000856,KB 솔랙티브 천연가스 선물 ETN,EN,,0,0,0,N,N,,0,N,N,N,3.0,N,N,,,,,N,,,0,,,N,,,,,,8725,1,1,N,N,N,0,N,N,N,0,0,0,100,N,90,469,0,20260430,1000,0,,,0,,N,N,N,0,0,0,0,0.0,,87,,N,N,N
Q580086,KRG580000864,KB 솔랙티브 레버리지 천연가스 선물 ETN,EN,,0,0,0,N,N,,0,N,N,N,3.0,N,N,,,,,N,,,0,,,N,,,,,,15460,1,1,N,N,N,0,N,N,N,0,0,0,100,N,90,1745,0,20260430,1000,0,,,0,,N,N,N,0,0,0,0,0.0,,154,,N,N,N
Q580087,KRG580000872,KB 솔랙티브 인버스 천연가스 선물 ETN,EN,,0,0,0,N,N,,0,N,N,N,3.0,N,N,,,,,N,,,0,,,N,,,,,,9070,1,1,N,N,N,0,N,N,N,0,0,0,100,N,90,5,0,20260430,1000,0,,,0,,N,N,N,0,0,0,0,0.0,,90,,N,N,N
Q580088,KRG580000880,KB 인버스 2X KOSPI 200 선물 ETN B,EN,,0,0,0,N,N,,0,N,N,N,3.0,N,N,,,,,N,,,0,,,N,,,,,,23700,1,1,N,N,N,0,N,N,N,0,0,0,100,N,90,5243,0,20260602,500,0,,,0,,N,N,N,0,0,0,0,0.0,,118,,N,N,N
Q580089,KRG580000898,KB 솔랙티브 레버리지 금 선물 ETN,EN,,0,0,0,N,N,,0,N,N,N,3.0,N,N,,,,,N,,,0,,,N,,,,,,17745,1,1,N,N,N,0,N,N,N,0,0,0,100,N,90,5548,0,20260707,1000,0,,,0,,N,N,N,0,0,0,0,0.0,,177,,N,N,N
Q580090,KRG580000906,KB 솔랙티브 인버스 2X 금 선물 ETN,EN,,0,0,0,N,N,,0,N,N,N,3.0,N,N,,,,,N,,,0,,,N,,,,,,16345,1,1,N,N,N,0,N,N,N,0,0,0,100,N,90,377,0,20260707,1000,0,,,0,,N,N,N,0,0,0,0,0.0,,163,,N,N,N
Q580010,KRG581100101,KB Wise 분할매매 ETN,EN,,0,0,0,N,N,,0,N,N,N,3.0,N,N,,,,,N,,,0,,,N,,,,,,10430,1,1,N,N,N,0,N,N,N,0,0,0,100,N,90,2,0,20190927,6000,0,,,0,,N,N,N,0,0,0,0,0.0,,625,,N,N,N
Q610001,KRG610000017,메리츠 인플레이션 국채 ETN,EN,,0,0,0,N,N,,0,N,N,N,3.0,N,N,,,,,N,,,0,,,N,,,,,,12130,1,1,N,N,N,0,N,N,N,0,0,0,100,N,90,2,0,20210617,2000,0,,,0,,N,N,N,0,0,0,0,0.0,,242,,N,N,N
Q610003,KRG610000033,메리츠 미국 인플레이션 국채 ETN(H),EN,,0,0,0,N,N,,0,N,N,N,3.0,N,N,,,,,N,,,0,,,N,,,,,,8755,1,1,N,N,N,0,N,N,N,0,0,0,100,N,90,0,0,20210617,2000,0,,,0,,N,N,N,0,0,0,0,0.0,,175,,N,N,N
Q610007,KRG610000074,메리츠 국채30년 ETN,EN,,0,0,0,N,N,,0,N,N,N,3.0,N,N,,,,,N,,,0,,,N,,,,,,6920,1,1,N,N,N,0,N,N,N,0,0,0,100,N,90,0,0,20210909,5000,0,,,0,,N,N,N,0,0,0,0,0.0,,346,,N,N,N
Q610018,KRG610000181,메리츠 국채10년 ETN,EN,,0,0,0,N,N,,0,N,N,N,3.0,N,N,,,,,N,,,0,,,N,,,,,,10010,1,1,N,N,N,0,N,N,N,0,0,0,100,N,90,0,0,20211108,2000,0,,,0,,N,N,N,0,0,0,0,0.0,,200,,N,N,N
Q610020,KRG610000207,메리츠 인버스 국채10년 ETN,EN,,0,0,0,N,N,,0,N,N,N,3.0,N,N,,,,,N,,,0,,,N,,,,,,11985,1,1,N,N,N,0,N,N,N,0,0,0,100,N,90,0,0,20211108,1000,0,,,0,,N,N,N,0,0,0,0,0.0,,119,,N,N,N
Q610022,KRG610000223,메리츠 미국채10년 ETN(H),EN,,0,0,0,N,N,,0,N,N,N,3.0,N,N,,,,,N,,,0,,,N,,,,,,8105,1,1,N,N,N,0,N,N,N,0,0,0,100,N,90,175,0,20211108,3000,0,,,0,,N,N,N,0,0,0,0,0.0,,243,,N,N,N
Q610023,KRG610000231,메리츠 레버리지 미국채10년 ETN(H),EN,,0,0,0,N,N,,0,N,N,N,3.0,N,N,,,,,N,,,0,,,N,,,,,,5485,1,1,N,N,N,0,N,N,N,0,0,0,100,N,90,184,0,20211108,1000,0,,,0,,N,N,N,0,0,0,0,0.0,,54,,N,N,N
Q610024,KRG610000249,메리츠 인버스 미국채10년 ETN(H),EN,,0,0,0,N,N,,0,N,N,N,3.0,N,N,,,,,N,,,0,,,N,,,,,,14245,1,1,N,N,N,0,N,N,N,0,0,0,100,N,90,0,0,20211108,1000,0,,,0,,N,N,N,0,0,0,0,0.0,,142,,N,N,N
Q610025,KRG610000256,메리츠 인버스 2X 미국채10년 ETN(H),EN,,0,0,0,N,N,,0,N,N,N,3.0,N,N,,,,,N,,,0,,,N,,,,,,17590,1,1,N,N,N,0,N,N,N,0,0,0,100,N,90,0,0,20211108,1000,0,,,0,,N,N,N,0,0,0,0,0.0,,175,,N,N,N
Q610028,KRG610000280,메리츠 레버리지 구리 선물 ETN(H),EN,,0,0,0,N,N,,0,N,N,N,3.0,N,N,,,,,N,,,0,,,N,,,,,,25720,1,1,N,N,N,0,N,N,N,0,0,0,100,N,90,3884,0,20211109,1000,0,,,0,,N,N,N,0,0,0,0,0.0,,257,,N,N,N
Q610029,KRG610000298,메리츠 인버스 2X 구리 선물 ETN(H),EN,,0,0,0,N,N,,0,N,N,N,3.0,N,N,,,,,N,,,0,,,N,,,,,,4765,1,1,N,N,N,0,N,N,N,0,0,0,100,N,90,3202,0,20211109,1000,0,,,0,,N,N,N,0,0,0,0,0.0,,47,,N,N,N
Q610030,KRG610000306,메리츠 S&P 유럽탄소배출권 선물 ETN(H),EN,,0,0,0,N,N,,0,N,N,N,3.0,N,N,,,,,N,,,0,,,N,,,,,,12145,1,1,N,N,N,0,N,N,N,0,0,0,100,N,90,0,0,20211108,1000,0,,,0,,N,N,N,0,0,0,0,0.0,,121,,N,N,N
Q610034,KRG610000348,메리츠 대표 농산물 선물 ETN(H),EN,,0,0,0,N,N,,0,N,N,N,3.0,N,N,,,,,N,,,0,,,N,,,,,,9570,1,1,N,N,N,0,N,N,N,0,0,0,100,N,90,0,0,20211216,1000,0,,,0,,N,N,N,0,0,0,0,0.0,,95,,N,N,N
Q610035,KRG610000355,메리츠 레버리지 대표 농산물 선물 ETN(H),EN,,0,0,0,N,N,,0,N,N,N,3.0,N,N,,,,,N,,,0,,,N,,,,,,12715,1,1,N,N,N,0,N,N,N,0,0,0,100,N,90,888,0,20211216,1000,0,,,0,,N,N,N,0,0,0,0,0.0,,127,,N,N,N
Q610036,KRG610000363,메리츠 인버스 2X 대표 농산물 선물 ETN(H),EN,,0,0,0,N,N,,0,N,N,N,3.0,N,N,,,,,N,,,0,,,N,,,,,,19790,1,1,N,N,N,0,N,N,N,0,0,0,100,N,90,889,0,20211216,1000,0,,,0,,N,N,N,0,0,0,0,0.0,,197,,N,N,N
Q610037,KRG610000371,메리츠 미국채30년 ETN(H),EN,,0,0,0,N,N,,0,N,N,N,3.0,N,N,,,,,N,,,0,,,N,,,,,,6870,1,1,N,N,N,0,N,N,N,0,0,0,100,N,90,5,0,20220613,14000,0,,,0,,N,N,N,0,0,0,0,0.0,,961,,N,N,N
Q610038,KRG610000389,메리츠 레버리지 미국채30년 ETN(H),EN,,0,0,0,N,N,,0,N,N,N,3.0,N,N,,,,,N,,,0,,,N,,,,,,3720,1,1,N,N,N,0,N,N,N,0,0,0,100,N,90,1638,0,20220613,10000,0,,,0,,N,N,N,0,0,0,0,0.0,,372,,N,N,N
Q610039,KRG610000397,메리츠 인버스 미국채30년 ETN(H),EN,,0,0,0,N,N,,0,N,N,N,3.0,N,N,,,,,N,,,0,,,N,,,,,,15635,1,1,N,N,N,0,N,N,N,0,0,0,100,N,90,13,0,20220613,1000,0,,,0,,N,N,N,0,0,0,0,0.0,,156,,N,N,N
Q610040,KRG610000405,메리츠 인버스 2X 미국채30년 ETN(H),EN,,0,0,0,N,N,,0,N,N,N,3.0,N,N,,,,,N,,,0,,,N,,,,,,20095,1,1,N,N,N,0,N,N,N,0,0,0,100,N,90,0,0,20220613,1000,0,,,0,,N,N,N,0,0,0,0,0.0,,200,,N,N,N
Q610045,KRG610000454,메리츠 국채3년 ETN,EN,,0,0,0,N,N,,0,N,N,N,3.0,N,N,,,,,N,,,0,,,N,,,,,,11425,1,1,N,N,N,0,N,N,N,0,0,0,100,N,90,0,0,20221031,1000,0,,,0,,N,N,N,0,0,0,0,0.0,,114,,N,N,N
Q610047,KRG610000470,메리츠 인버스 국채3년 ETN,EN,,0,0,0,N,N,,0,N,N,N,3.0,N,N,,,,,N,,,0,,,N,,,,,,10755,1,1,N,N,N,0,N,N,N,0,0,0,100,N,90,0,0,20221031,2000,0,,,0,,N,N,N,0,0,0,0,0.0,,215,,N,N,N
Q610049,KRG610000496,메리츠 국채5년 ETN,EN,,0,0,0,N,N,,0,N,N,N,3.0,N,N,,,,,N,,,0,,,N,,,,,,11520,1,1,N,N,N,0,N,N,N,0,0,0,100,N,90,0,0,20221031,1000,0,,,0,,N,N,N,0,0,0,0,0.0,,115,,N,N,N
Q610051,KRG610000512,메리츠 인버스 국채5년 ETN,EN,,0,0,0,N,N,,0,N,N,N,3.0,N,N,,,,,N,,,0,,,N,,,,,,10635,1,1,N,N,N,0,N,N,N,0,0,0,100,N,90,0,0,20221031,1000,0,,,0,,N,N,N,0,0,0,0,0.0,,106,,N,N,N
Q610055,KRG610000553,메리츠 3X 레버리지 국채3년 ETN,EN,,0,0,0,N,N,,0,N,N,N,3.0,N,N,,,,,N,,,0,,,N,,,,,,21880,1,1,N,N,N,0,N,N,N,0,0,0,100,N,90,0,0,20221221,500,0,,,0,,N,N,N,0,0,0,0,0.0,,109,,N,N,N
Q610056,KRG610000561,메리츠 인버스 3X 국채3년 ETN,EN,,0,0,0,N,N,,0,N,N,N,3.0,N,N,,,,,N,,,0,,,N,,,,,,20475,1,1,N,N,N,0,N,N,N,0,0,0,100,N,90,0,0,20221221,500,0,,,0,,N,N,N,0,0,0,0,0.0,,102,,N,N,N
Q610057,KRG610000579,메리츠 3X 레버리지 국채5년 ETN,EN,,0,0,0,N,N,,0,N,N,N,3.0,N,N,,,,,N,,,0,,,N,,,,,,20810,1,1,N,N,N,0,N,N,N,0,0,0,100,N,90,0,0,20221221,500,0,,,0,,N,N,N,0,0,0,0,0.0,,104,,N,N,N
Q610058,KRG610000587,메리츠 인버스 3X 국채5년 ETN,EN,,0,0,0,N,N,,0,N,N,N,3.0,N,N,,,,,N,,,0,,,N,,,,,,21030,1,1,N,N,N,0,N,N,N,0,0,0,100,N,90,0,0,20221221,500,0,,,0,,N,N,N,0,0,0,0,0.0,,105,,N,N,N
Q610059,KRG610000595,메리츠 3X 레버리지 국채10년 ETN,EN,,0,0,0,N,N,,0,N,N,N,3.0,N,N,,,,,N,,,0,,,N,,,,,,17300,1,1,N,N,N,0,N,N,N,0,0,0,100,N,90,225,0,20221221,500,0,,,0,,N,N,N,0,0,0,0,0.0,,86,,N,N,N
Q610060,KRG610000603,메리츠 인버스 3X 국채10년 ETN,EN,,0,0,0,N,N,,0,N,N,N,3.0,N,N,,,,,N,,,0,,,N,,,,,,22170,1,1,N,N,N,0,N,N,N,0,0,0,100,N,90,0,0,20221221,500,0,,,0,,N,N,N,0,0,0,0,0.0,,110,,N,N,N
Q610061,KRG610000611,메리츠 3X 레버리지 국채30년 ETN,EN,,0,0,0,N,N,,0,N,N,N,3.0,N,N,,,,,N,,,0,,,N,,,,,,24780,1,1,N,N,N,0,N,N,N,0,0,0,100,N,90,830,0,20221221,2000,0,,,0,,N,N,N,0,0,0,0,0.0,,495,,N,N,N
Q610062,KRG610000629,메리츠 인버스 3X 국채30년 ETN,EN,,0,0,0,N,N,,0,N,N,N,3.0,N,N,,,,,N,,,0,,,N,,,,,,62670,1,1,N,N,N,0,N,N,N,0,0,0,100,N,90,45,0,20221221,200,0,,,0,,N,N,N,0,0,0,0,0.0,,125,,N,N,N
Q610063,KRG610000637,메리츠 KIS CD금리투자 ETN,EN,,0,0,0,N,N,,0,N,N,N,3.0,N,N,,,,,N,,,0,,,N,,,,,,55920,1,1,N,N,N,0,N,N,N,0,0,0,100,N,90,36,0,20230406,27600,0,,,0,,N,N,N,0,0,0,0,0.0,,15433,,N,N,N
Q610064,KRG610000645,메리츠 KAP 통안채 6개월 ETN,EN,,0,0,0,N,N,,0,N,N,N,3.0,N,N,,,,,N,,,0,,,N,,,,,,55205,1,1,N,N,N,0,N,N,N,0,0,0,100,N,90,0,0,20230517,1600,0,,,0,,N,N,N,0,0,0,0,0.0,,883,,N,N,N
Q610066,KRG610000660,메리츠 KAP 통안채 3개월 ETN,EN,,0,0,0,N,N,,0,N,N,N,3.0,N,N,,,,,N,,,0,,,N,,,,,,55250,1,1,N,N,N,0,N,N,N,0,0,0,100,N,90,0,0,20230517,1200,0,,,0,,N,N,N,0,0,0,0,0.0,,663,,N,N,N
Q610068,KRG610000686,메리츠 KAP 일본 엔화 ETN,EN,,0,0,0,N,N,,0,N,N,N,3.0,N,N,,,,,N,,,0,,,N,,,,,,9495,1,1,N,N,N,0,N,N,N,0,0,0,100,N,90,3339,0,20231020,1000,0,,,0,,N,N,N,0,0,0,0,0.0,,94,,N,N,N
Q610069,KRG610000694,메리츠 KAP 레버리지 일본 엔화 ETN,EN,,0,0,0,N,N,,0,N,N,N,3.0,N,N,,,,,N,,,0,,,N,,,,,,15885,1,1,N,N,N,0,N,N,N,0,0,0,100,N,90,74007,0,20231020,1500,0,,,0,,N,N,N,0,0,0,0,0.0,,238,,N,N,N
Q610070,KRG610000702,메리츠 KAP 인버스 2X 일본 엔화 ETN,EN,,0,0,0,N,N,,0,N,N,N,3.0,N,N,,,,,N,,,0,,,N,,,,,,25785,1,1,N,N,N,0,N,N,N,0,0,0,100,N,90,37,0,20231020,500,0,,,0,,N,N,N,0,0,0,0,0.0,,128,,N,N,N
Q610071,KRG610000710,메리츠 KAP 중국 위안화 ETN,EN,,0,0,0,N,N,,0,N,N,N,3.0,N,N,,,,,N,,,0,,,N,,,,,,12030,1,1,N,N,N,0,N,N,N,0,0,0,100,N,90,8,0,20231020,1000,0,,,0,,N,N,N,0,0,0,0,0.0,,120,,N,N,N
Q610072,KRG610000728,메리츠 KAP 레버리지 중국 위안화 ETN,EN,,0,0,0,N,N,,0,N,N,N,3.0,N,N,,,,,N,,,0,,,N,,,,,,25815,1,1,N,N,N,0,N,N,N,0,0,0,100,N,90,3,0,20231020,500,0,,,0,,N,N,N,0,0,0,0,0.0,,129,,N,N,N
Q610073,KRG610000736,메리츠 KAP 인버스 2X 중국 위안화 ETN,EN,,0,0,0,N,N,,0,N,N,N,3.0,N,N,,,,,N,,,0,,,N,,,,,,16635,1,1,N,N,N,0,N,N,N,0,0,0,100,N,90,39,0,20231020,500,0,,,0,,N,N,N,0,0,0,0,0.0,,83,,N,N,N
Q610074,KRG610000744,메리츠 미국채10년 ETN,EN,,0,0,0,N,N,,0,N,N,N,3.0,N,N,,,,,N,,,0,,,N,,,,,,10300,1,1,N,N,N,0,N,N,N,0,0,0,100,N,90,35,0,20240425,1000,0,,,0,,N,N,N,0,0,0,0,0.0,,103,,N,N,N
Q610075,KRG610000751,메리츠 3X 레버리지 미국채10년 ETN,EN,,0,0,0,N,N,,0,N,N,N,3.0,N,N,,,,,N,,,0,,,N,,,,,,43735,1,1,N,N,N,0,N,N,N,0,0,0,100,N,90,376,0,20240425,600,0,,,0,,N,N,N,0,0,0,0,0.0,,262,,N,N,N
Q610076,KRG610000769,메리츠 인버스 3X 미국채10년 ETN,EN,,0,0,0,N,N,,0,N,N,N,3.0,N,N,,,,,N,,,0,,,N,,,,,,53620,1,1,N,N,N,0,N,N,N,0,0,0,100,N,90,20,0,20240425,200,0,,,0,,N,N,N,0,0,0,0,0.0,,107,,N,N,N
Q610077,KRG610000777,메리츠 미국채30년 ETN,EN,,0,0,0,N,N,,0,N,N,N,3.0,N,N,,,,,N,,,0,,,N,,,,,,9320,1,1,N,N,N,0,N,N,N,0,0,0,100,N,90,53,0,20240425,1000,0,,,0,,N,N,N,0,0,0,0,0.0,,93,,N,N,N
Q610078,KRG610000785,메리츠 3X 레버리지 미국채30년 ETN,EN,,0,0,0,N,N,,0,N,N,N,3.0,N,N,,,,,N,,,0,,,N,,,,,,29650,1,1,N,N,N,0,N,N,N,0,0,0,100,N,90,6057,0,20240425,1200,0,,,0,,N,N,N,0,0,0,0,0.0,,355,,N,N,N
Q610079,KRG610000793,메리츠 인버스 3X 미국채30년 ETN,EN,,0,0,0,N,N,,0,N,N,N,3.0,N,N,,,,,N,,,0,,,N,,,,,,60745,1,1,N,N,N,0,N,N,N,0,0,0,100,N,90,2,0,20240425,200,0,,,0,,N,N,N,0,0,0,0,0.0,,121,,N,N,N
Q610080,KRG610000801,메리츠 멕시코 페소화 ETN,EN,,0,0,0,N,N,,0,N,N,N,3.0,N,N,,,,,N,,,0,,,N,,,,,,12435,1,1,N,N,N,0,N,N,N,0,0,0,100,N,90,2,0,20240814,1000,0,,,0,,N,N,N,0,0,0,0,0.0,,124,,N,N,N
Q610081,KRG610000819,메리츠 레버리지 멕시코 페소화 ETN,EN,,0,0,0,N,N,,0,N,N,N,3.0,N,N,,,,,N,,,0,,,N,,,,,,28005,1,1,N,N,N,0,N,N,N,0,0,0,100,N,90,0,0,20240814,500,0,,,0,,N,N,N,0,0,0,0,0.0,,140,,N,N,N
Q610082,KRG610000827,메리츠 인도 루피화 ETN,EN,,0,0,0,N,N,,0,N,N,N,3.0,N,N,,,,,N,,,0,,,N,,,,,,9520,1,1,N,N,N,0,N,N,N,0,0,0,100,N,90,5,0,20240814,1000,0,,,0,,N,N,N,0,0,0,0,0.0,,95,,N,N,N
Q610083,KRG610000835,메리츠 레버리지 인도 루피화 ETN,EN,,0,0,0,N,N,,0,N,N,N,3.0,N,N,,,,,N,,,0,,,N,,,,,,16660,1,1,N,N,N,0,N,N,N,0,0,0,100,N,90,0,0,20240814,500,0,,,0,,N,N,N,0,0,0,0,0.0,,83,,N,N,N
Q610084,KRG610000843,메리츠 미국채30년 스트립 ETN(H),EN,,0,0,0,N,N,,0,N,N,N,3.0,N,N,,,,,N,,,0,,,N,,,,,,7860,1,1,N,N,N,0,N,N,N,0,0,0,100,N,90,5,0,20250227,1000,0,,,0,,N,N,N,0,0,0,0,0.0,,78,,N,N,N
Q610085,KRG610000850,메리츠 레버리지 미국채30년 스트립 ETN(H),EN,,0,0,0,N,N,,0,N,N,N,3.0,N,N,,,,,N,,,0,,,N,,,,,,26220,1,1,N,N,N,0,N,N,N,0,0,0,100,N,90,1544,0,20250227,600,0,,,0,,N,N,N,0,0,0,0,0.0,,157,,N,N,N
Q610086,KRG610000868,메리츠 인버스2X 미국채30년 스트립 ETN(H),EN,,0,0,0,N,N,,0,N,N,N,3.0,N,N,,,,,N,,,0,,,N,,,,,,72615,1,1,N,N,N,0,N,N,N,0,0,0,100,N,90,3,0,20250227,200,0,,,0,,N,N,N,0,0,0,0,0.0,,145,,N,N,N
Q610087,KRG610000876,메리츠 WTI원유 선물 ETN(H),EN,,0,0,0,N,N,,0,N,N,N,3.0,N,N,,,,,N,,,0,,,N,,,,,,19860,1,1,N,N,N,0,N,N,N,0,0,0,100,N,90,5047,0,20250507,1000,0,,,0,,N,N,N,0,0,0,0,0.0,,198,,N,N,N
Q610088,KRG610000884,메리츠 레버리지 WTI원유 선물 ETN(H),EN,,0,0,0,N,N,,0,N,N,N,3.0,N,N,,,,,N,,,0,,,N,,,,,,53300,1,1,N,N,N,0,N,N,N,0,0,0,100,N,90,6282,0,20250507,1000,0,,,0,,N,N,N,0,0,0,0,0.0,,533,,N,N,N
Q610089,KRG610000892,메리츠 인버스 2X WTI원유 선물 ETN(H),EN,,0,0,0,N,N,,0,N,N,N,3.0,N,N,,,,,N,,,0,,,N,,,,,,2095,1,1,N,N,N,0,N,N,N,0,0,0,100,N,90,598838,0,20250507,17000,0,,,0,,N,N,N,0,0,0,0,0.0,,356,,N,N,N
Q610090,KRG610000900,메리츠 일본 국채 10년 ETN,EN,,0,0,0,N,N,,0,N,N,N,3.0,N,N,,,,,N,,,0,,,N,,,,,,8225,1,1,N,N,N,0,N,N,N,0,0,0,100,N,90,732,0,20250730,1000,0,,,0,,N,N,N,0,0,0,0,0.0,,82,,N,N,N
Q610091,KRG610000918,메리츠 3X 레버리지 일본 국채 10년 ETN,EN,,0,0,0,N,N,,0,N,N,N,3.0,N,N,,,,,N,,,0,,,N,,,,,,13330,1,1,N,N,N,0,N,N,N,0,0,0,100,N,90,9,0,20250730,500,0,,,0,,N,N,N,0,0,0,0,0.0,,66,,N,N,N
Q610092,KRG610000926,메리츠 인버스 일본 국채 10년 ETN,EN,,0,0,0,N,N,,0,N,N,N,3.0,N,N,,,,,N,,,0,,,N,,,,,,9895,1,1,N,N,N,0,N,N,N,0,0,0,100,N,90,1,0,20250730,1000,0,,,0,,N,N,N,0,0,0,0,0.0,,98,,N,N,N
Q610093,KRG610000934,메리츠 인버스 3X 일본 국채 10년 ETN,EN,,0,0,0,N,N,,0,N,N,N,3.0,N,N,,,,,N,,,0,,,N,,,,,,23355,1,1,N,N,N,0,N,N,N,0,0,0,100,N,90,49,0,20250730,500,0,,,0,,N,N,N,0,0,0,0,0.0,,116,,N,N,N
Q610094,KRG610000942,메리츠 천연가스 선물 ETN(H),EN,,0,0,0,N,N,,0,N,N,N,3.0,N,N,,,,,N,,,0,,,N,,,,,,8360,1,1,N,N,N,0,N,N,N,0,0,0,100,N,90,6662,0,20250916,1000,0,,,0,,N,N,N,0,0,0,0,0.0,,83,,N,N,N
Q610095,KRG610000959,메리츠 레버리지 천연가스 선물 ETN(H),EN,,0,0,0,N,N,,0,N,N,N,3.0,N,N,,,,,N,,,0,,,N,,,,,,9095,1,1,N,N,N,0,N,N,N,0,0,0,100,N,90,29092,0,20250916,1000,0,,,0,,N,N,N,0,0,0,0,0.0,,90,,N,N,N
Q610096,KRG610000967,메리츠 인버스 2X 천연가스 선물 ETN(H),EN,,0,0,0,N,N,,0,N,N,N,3.0,N,N,,,,,N,,,0,,,N,,,,,,10755,1,1,N,N,N,0,N,N,N,0,0,0,100,N,90,873,0,20250916,1000,0,,,0,,N,N,N,0,0,0,0,0.0,,107,,N,N,N
Q610097,KRG610000975,메리츠 미국채30년스트립 커버드콜 ETN(H),EN,,0,0,0,N,N,,0,N,N,N,3.0,N,N,,,,,N,,,0,,,N,,,,,,8415,1,1,N,N,N,0,N,N,N,0,0,0,100,N,90,2,0,20260305,1000,0,,,0,,N,N,N,0,0,0,0,0.0,,84,,N,N,N
Q610098,KRG610000983,메리츠 미국채30년 풋라이트 ETN(H),EN,,0,0,0,N,N,,0,N,N,N,3.0,N,N,,,,,N,,,0,,,N,,,,,,9815,1,1,N,N,N,0,N,N,N,0,0,0,100,N,90,1000,0,20260305,1000,0,,,0,,N,N,N,0,0,0,0,0.0,,98,,N,N,N
Q610099,KRG610000991,메리츠 은 선물 ETN(H),EN,,0,0,0,N,N,,0,N,N,N,3.0,N,N,,,,,N,,,0,,,N,,,,,,6650,1,1,N,N,N,0,N,N,N,0,0,0,100,N,90,3,0,20260306,1000,0,,,0,,N,N,N,0,0,0,0,0.0,,66,,N,N,N
Q610100,KRG610001007,메리츠 레버리지 은 선물 ETN(H),EN,,0,0,0,N,N,,0,N,N,N,3.0,N,N,,,,,N,,,0,,,N,,,,,,7365,1,1,N,N,N,0,N,N,N,0,0,0,100,N,90,4433,0,20260306,1000,0,,,0,,N,N,N,0,0,0,0,0.0,,73,,N,N,N
Q610101,KRG610001015,메리츠 인버스 2X 은 선물 ETN(H),EN,,0,0,0,N,N,,0,N,N,N,3.0,N,N,,,,,N,,,0,,,N,,,,,,47720,1,1,N,N,N,0,N,N,N,0,0,0,100,N,90,4,0,20260306,1000,0,,,0,,N,N,N,0,0,0,0,0.0,,477,,N,N,N
Q610102,KRG610001023,메리츠 솔랙티브 금 선물 ETN(H),EN,,0,0,0,N,N,,0,N,N,N,3.0,N,N,,,,,N,,,0,,,N,,,,,,10290,1,1,N,N,N,0,N,N,N,0,0,0,100,N,90,4,0,20260707,1000,0,,,0,,N,N,N,0,0,0,0,0.0,,102,,N,N,N
Q610103,KRG610001031,메리츠 솔랙티브 레버리지 금 선물 ETN(H),EN,,0,0,0,N,N,,0,N,N,N,3.0,N,N,,,,,N,,,0,,,N,,,,,,20645,1,1,N,N,N,0,N,N,N,0,0,0,100,N,90,3,0,20260707,1000,0,,,0,,N,N,N,0,0,0,0,0.0,,206,,N,N,N
Q610104,KRG610001049,메리츠 솔랙티브 인버스 2X 금 선물 ETN(H),EN,,0,0,0,N,N,,0,N,N,N,3.0,N,N,,,,,N,,,0,,,N,,,,,,18820,1,1,N,N,N,0,N,N,N,0,0,0,100,N,90,57,0,20260707,1000,0,,,0,,N,N,N,0,0,0,0,0.0,,188,,N,N,N
Q610105,KRG610001056,메리츠 레버리지 국채30년 ETN B,EN,,0,0,0,N,N,,0,N,N,N,3.0,N,N,,,,,N,,,0,,,N,,,,,,10025,1,1,N,N,N,0,N,N,N,0,0,0,100,N,90,0,0,20260715,1000,0,,,0,,N,N,N,0,0,0,0,0.0,,100,,N,N,N
Q610106,KRG610001064,메리츠 인버스 국채30년 ETN B,EN,,0,0,0,N,N,,0,N,N,N,3.0,N,N,,,,,N,,,0,,,N,,,,,,9995,1,1,N,N,N,0,N,N,N,0,0,0,100,N,90,100,0,20260715,1000,0,,,0,,N,N,N,0,0,0,0,0.0,,99,,N,N,N
Q610111,KRG610001114,메리츠 일본 국채 30년 ETN(H),EN,,0,0,0,N,N,,0,N,N,N,3.0,N,N,,,,,N,,,0,,,N,,,,,,9930,1,1,N,N,N,0,N,N,N,0,0,0,100,N,90,0,0,20260904,1000,0,,,0,,N,N,N,0,0,0,0,0.0,,99,,N,N,N
Q610112,KRG610001122,메리츠 3X 레버리지 일본 국채 30년 ETN(H),EN,,0,0,0,N,N,,0,N,N,N,3.0,N,N,,,,,N,,,0,,,N,,,,,,19235,1,1,N,N,N,0,N,N,N,0,0,0,100,N,90,9,0,20260904,500,0,,,0,,N,N,N,0,0,0,0,0.0,,96,,N,N,N
Q700011,KRG700000117,하나 레버리지 옥수수 선물 ETN(H),EN,,0,0,0,N,N,,0,N,N,N,3.0,N,N,,,,,N,,,0,,,N,,,,,,9355,1,1,N,N,N,0,N,N,N,0,0,0,100,N,90,745,0,20211216,1000,0,,,0,,N,N,N,0,0,0,0,0.0,,93,,N,N,N
Q700012,KRG700000125,하나 인버스 2X 옥수수 선물 ETN(H),EN,,0,0,0,N,N,,0,N,N,N,3.0,N,N,,,,,N,,,0,,,N,,,,,,21920,1,1,N,N,N,0,N,N,N,0,0,0,100,N,90,3,0,20211216,1000,0,,,0,,N,N,N,0,0,0,0,0.0,,219,,N,N,N
Q700013,KRG700000133,하나 레버리지 콩 선물 ETN(H),EN,,0,0,0,N,N,,0,N,N,N,3.0,N,N,,,,,N,,,0,,,N,,,,,,27440,1,1,N,N,N,0,N,N,N,0,0,0,100,N,90,0,0,20211216,1000,0,,,0,,N,N,N,0,0,0,0,0.0,,274,,N,N,N
Q700014,KRG700000141,하나 인버스 2X 콩 선물 ETN(H),EN,,0,0,0,N,N,,0,N,N,N,3.0,N,N,,,,,N,,,0,,,N,,,,,,9550,1,1,N,N,N,0,N,N,N,0,0,0,100,N,90,3,0,20211216,1000,0,,,0,,N,N,N,0,0,0,0,0.0,,95,,N,N,N
Q700017,KRG700000174,하나 레버리지 코스닥150 선물 ETN,EN,,0,0,0,N,N,,0,N,N,N,3.0,N,N,,,,,N,,,0,,,N,,,,,,29185,1,1,N,N,N,0,N,N,N,0,0,0,100,N,90,83,0,20221017,1000,0,,,0,,N,N,N,0,0,0,0,0.0,,291,,N,N,N
Q700018,KRG700000182,하나 인버스 2X 코스닥150 선물 ETN,EN,,0,0,0,N,N,,0,N,N,N,3.0,N,N,,,,,N,,,0,,,N,,,,,,1450,1,1,N,N,N,0,N,N,N,0,0,0,100,N,90,28389,0,20221017,1000,0,,,0,,N,N,N,0,0,0,0,0.0,,14,,N,N,N
Q700022,KRG700000224,하나 Solactive US Tech Top 10 ETN(H),EN,,0,0,0,N,N,,0,N,N,N,3.0,N,N,,,,,N,,,0,,,N,,,,,,33080,1,1,N,N,N,0,N,N,N,0,0,0,100,N,90,0,0,20221222,2000,0,,,0,,N,N,N,0,0,0,0,0.0,,661,,N,N,N
Q700023,KRG700000232,하나 Solactive 2X US Tech Top 10 ETN(H),EN,,0,0,0,N,N,,0,N,N,N,3.0,N,N,,,,,N,,,0,,,N,,,,,,155875,1,1,N,N,N,0,N,N,N,0,0,0,100,N,90,0,0,20221222,1000,0,,,0,,N,N,N,0,0,0,0,0.0,,1558,,N,N,N
Q700026,KRG700000265,하나 CD금리투자 ETN,EN,,0,0,0,N,N,,0,N,N,N,3.0,N,N,,,,,N,,,0,,,N,,,,,,108000,1,1,N,N,N,0,N,N,N,0,0,0,100,N,90,0,0,20240320,12000,0,,,0,,N,N,N,0,0,0,0,0.0,,12960,,N,N,N
Q700027,KRG700000273,하나 반도체 ETN,EN,,0,0,0,N,N,,0,N,N,N,3.0,N,N,,,,,N,,,0,,,N,,,,,,47065,1,1,N,N,N,0,N,N,N,0,0,0,100,N,90,10522,0,20250312,1000,0,,,0,,N,N,N,0,0,0,0,0.0,,470,,N,N,N
Q700028,KRG700000281,하나 레버리지 반도체 ETN,EN,,0,0,0,N,N,,0,N,N,N,3.0,N,N,,,,,N,,,0,,,N,,,,,,230515,1,1,N,N,N,0,N,N,N,0,0,0,100,N,90,2787,0,20250312,3500,0,,,0,,N,N,N,0,0,0,0,0.0,,8068,,N,N,N
Q700029,KRG700000299,하나 S&P 레버리지 WTI원유 선물 ETN B,EN,,0,0,0,N,N,,0,N,N,N,3.0,N,N,,,,,N,,,0,,,N,,,,,,51010,1,1,N,N,N,0,N,N,N,0,0,0,100,N,90,8,0,20250417,1000,0,,,0,,N,N,N,0,0,0,0,0.0,,510,,N,N,N
Q700030,KRG700000307,하나 S&P 인버스 2X WTI원유 선물 ETN B,EN,,0,0,0,N,N,,0,N,N,N,3.0,N,N,,,,,N,,,0,,,N,,,,,,1859,1,1,N,N,N,0,N,N,N,0,0,0,100,N,90,35729,0,20250417,4000,0,,,0,,N,N,N,0,0,0,0,0.0,,74,,N,N,N
Q700031,KRG700000315,하나 레버리지 천연가스 선물 ETN(H),EN,,0,0,0,N,N,,0,N,N,N,3.0,N,N,,,,,N,,,0,,,N,,,,,,9060,1,1,N,N,N,0,N,N,N,0,0,0,100,N,90,1108,0,20250916,1000,0,,,0,,N,N,N,0,0,0,0,0.0,,90,,N,N,N
Q700032,KRG700000323,하나 인버스 2X 천연가스 선물 ETN(H),EN,,0,0,0,N,N,,0,N,N,N,3.0,N,N,,,,,N,,,0,,,N,,,,,,10750,1,1,N,N,N,0,N,N,N,0,0,0,100,N,90,1927,0,20250916,1000,0,,,0,,N,N,N,0,0,0,0,0.0,,107,,N,N,N
Q700033,KRG700000331,하나 K방산TOP10 ETN,EN,,0,0,0,N,N,,0,N,N,N,3.0,N,N,,,,,N,,,0,,,N,,,,,,8580,1,1,N,N,N,0,N,N,N,0,0,0,100,N,90,31205,0,20250926,1000,0,,,0,,N,N,N,0,0,0,0,0.0,,85,,N,N,N
Q700034,KRG700000349,하나 레버리지 K방산TOP10 ETN,EN,,0,0,0,N,N,,0,N,N,N,3.0,N,N,,,,,N,,,0,,,N,,,,,,9895,1,1,N,N,N,0,N,N,N,0,0,0,100,N,90,16830,0,20250926,1500,0,,,0,,N,N,N,0,0,0,0,0.0,,148,,N,N,N
Q700035,KRG700000356,하나 인버스 2X K방산TOP10 ETN,EN,,0,0,0,N,N,,0,N,N,N,3.0,N,N,,,,,N,,,0,,,N,,,,,,9115,1,1,N,N,N,0,N,N,N,0,0,0,100,N,90,19450,0,20250926,1000,0,,,0,,N,N,N,0,0,0,0,0.0,,91,,N,N,N
Q700036,KRG700000364,하나 인버스 2X 반도체 ETN,EN,,0,0,0,N,N,,0,N,N,N,3.0,N,N,,,,,N,,,0,,,N,,,,,,1747,1,1,N,N,N,0,N,N,N,0,0,0,100,N,90,1337459,0,20260224,5000,0,,,0,,N,N,N,0,0,0,0,0.0,,87,,N,N,N
Q760004,KRG760000049,키움 인버스 미국달러선물 ETN,EN,,0,0,0,N,N,,0,N,N,N,3.0,N,N,,,,,N,,,0,,,N,,,,,,10060,1,1,N,N,N,0,N,N,N,0,0,0,100,N,90,3,0,20221213,2700,0,,,0,,N,N,N,0,0,0,0,0.0,,271,,N,N,N
Q760005,KRG760000056,키움 INDXX 미국테크탑10 ETN,EN,,0,0,0,N,N,,0,N,N,N,3.0,N,N,,,,,N,,,0,,,N,,,,,,35995,1,1,N,N,N,0,N,N,N,0,0,0,100,N,90,2,0,20221222,1000,0,,,0,,N,N,N,0,0,0,0,0.0,,359,,N,N,N
Q760006,KRG760000064,키움 KPOP ETN,EN,,0,0,0,N,N,,0,N,N,N,3.0,N,N,,,,,N,,,0,,,N,,,,,,6940,1,1,N,N,N,0,N,N,N,0,0,0,100,N,90,6,0,20231018,1000,0,,,0,,N,N,N,0,0,0,0,0.0,,69,,N,N,N
Q760007,KRG760000072,키움 코스피 200 TR ETN,EN,,0,0,0,N,N,,0,N,N,N,3.0,N,N,,,,,N,,,0,,,N,,,,,,32990,1,1,N,N,N,0,N,N,N,0,0,0,100,N,90,19,0,20231227,4000,0,,,0,,N,N,N,0,0,0,0,0.0,,1319,,N,N,N
Q760008,KRG760000080,키움 코스닥 150 TR ETN,EN,,0,0,0,N,N,,0,N,N,N,3.0,N,N,,,,,N,,,0,,,N,,,,,,11205,1,1,N,N,N,0,N,N,N,0,0,0,100,N,90,23,0,20231227,2000,0,,,0,,N,N,N,0,0,0,0,0.0,,224,,N,N,N
Q760009,KRG760000098,키움 CD금리투자 ETN,EN,,0,0,0,N,N,,0,N,N,N,3.0,N,N,,,,,N,,,0,,,N,,,,,,107670,1,1,N,N,N,0,N,N,N,0,0,0,100,N,90,4779,0,20240419,9220,0,,,0,,N,N,N,0,0,0,0,0.0,,9927,,N,N,N
Q760010,KRG760000106,키움 2차전지산업 ETN,EN,,0,0,0,N,N,,0,N,N,N,3.0,N,N,,,,,N,,,0,,,N,,,,,,9435,1,1,N,N,N,0,N,N,N,0,0,0,100,N,90,34,0,20240808,700,0,,,0,,N,N,N,0,0,0,0,0.0,,66,,N,N,N
Q760011,KRG760000114,키움 레버리지 2차전지산업 ETN,EN,,0,0,0,N,N,,0,N,N,N,3.0,N,N,,,,,N,,,0,,,N,,,,,,9440,1,1,N,N,N,0,N,N,N,0,0,0,100,N,90,10255,0,20240808,15500,0,,,0,,N,N,N,0,0,0,0,0.0,,1463,,N,N,N
Q760012,KRG760000122,키움 반도체TOP10 ETN,EN,,0,0,0,N,N,,0,N,N,N,3.0,N,N,,,,,N,,,0,,,N,,,,,,31515,1,1,N,N,N,0,N,N,N,0,0,0,100,N,90,8,0,20240808,700,0,,,0,,N,N,N,0,0,0,0,0.0,,220,,N,N,N
Q760013,KRG760000130,키움 레버리지 반도체TOP10 ETN,EN,,0,0,0,N,N,,0,N,N,N,3.0,N,N,,,,,N,,,0,,,N,,,,,,89250,1,1,N,N,N,0,N,N,N,0,0,0,100,N,90,918,0,20240808,5000,0,,,0,,N,N,N,0,0,0,0,0.0,,4462,,N,N,N
Q760014,KRG760000148,키움 바이오TOP10 ETN,EN,,0,0,0,N,N,,0,N,N,N,3.0,N,N,,,,,N,,,0,,,N,,,,,,7360,1,1,N,N,N,0,N,N,N,0,0,0,100,N,90,5,0,20241108,700,0,,,0,,N,N,N,0,0,0,0,0.0,,51,,N,N,N
Q760015,KRG760000155,키움 레버리지 바이오TOP10 ETN,EN,,0,0,0,N,N,,0,N,N,N,3.0,N,N,,,,,N,,,0,,,N,,,,,,7260,1,1,N,N,N,0,N,N,N,0,0,0,100,N,90,19307,0,20241108,2000,0,,,0,,N,N,N,0,0,0,0,0.0,,145,,N,N,N
Q760016,KRG760000163,키움 레버리지 조선TOP10 ETN,EN,,0,0,0,N,N,,0,N,N,N,3.0,N,N,,,,,N,,,0,,,N,,,,,,49480,1,1,N,N,N,0,N,N,N,0,0,0,100,N,90,576,0,20241108,1000,0,,,0,,N,N,N,0,0,0,0,0.0,,494,,N,N,N
Q760017,KRG760000171,키움 조선TOP10 ETN,EN,,0,0,0,N,N,,0,N,N,N,3.0,N,N,,,,,N,,,0,,,N,,,,,,20245,1,1,N,N,N,0,N,N,N,0,0,0,100,N,90,45,0,20241108,700,0,,,0,,N,N,N,0,0,0,0,0.0,,141,,N,N,N
Q760018,KRG760000189,키움 미국달러선물 ETN B,EN,,0,0,0,N,N,,0,N,N,N,3.0,N,N,,,,,N,,,0,,,N,,,,,,9890,1,1,N,N,N,0,N,N,N,0,0,0,100,N,90,149,0,20250411,6000,0,,,0,,N,N,N,0,0,0,0,0.0,,593,,N,N,N
Q760021,KRG760000213,키움 코스피200 선물 달러노출 ETN,EN,,0,0,0,N,N,,0,N,N,N,3.0,N,N,,,,,N,,,0,,,N,,,,,,26975,1,1,N,N,N,0,N,N,N,0,0,0,100,N,90,3,0,20250703,700,0,,,0,,N,N,N,0,0,0,0,0.0,,188,,N,N,N
Q760022,KRG760000221,키움 K방산 TOP5 ETN,EN,,0,0,0,N,N,,0,N,N,N,3.0,N,N,,,,,N,,,0,,,N,,,,,,8945,1,1,N,N,N,0,N,N,N,0,0,0,100,N,90,111,0,20251027,2000,0,,,0,,N,N,N,0,0,0,0,0.0,,178,,N,N,N
Q760023,KRG760000239,키움 레버리지 K방산 TOP5 ETN,EN,,0,0,0,N,N,,0,N,N,N,3.0,N,N,,,,,N,,,0,,,N,,,,,,11045,1,1,N,N,N,0,N,N,N,0,0,0,100,N,90,5732,0,20251027,1000,0,,,0,,N,N,N,0,0,0,0,0.0,,110,,N,N,N
Q760024,KRG760000247,키움 인버스 2X K방산 TOP5 ETN,EN,,0,0,0,N,N,,0,N,N,N,3.0,N,N,,,,,N,,,0,,,N,,,,,,9345,1,1,N,N,N,0,N,N,N,0,0,0,100,N,90,13026,0,20251027,4500,0,,,0,,N,N,N,0,0,0,0,0.0,,420,,N,N,N
Q760025,KRG760000254,키움 전력 TOP5 ETN,EN,,0,0,0,N,N,,0,N,N,N,3.0,N,N,,,,,N,,,0,,,N,,,,,,10500,1,1,N,N,N,0,N,N,N,0,0,0,100,N,90,1376,0,20260224,700,0,,,0,,N,N,N,0,0,0,0,0.0,,73,,N,N,N
Q760026,KRG760000262,키움 레버리지 전력 TOP5 ETN,EN,,0,0,0,N,N,,0,N,N,N,3.0,N,N,,,,,N,,,0,,,N,,,,,,14550,1,1,N,N,N,0,N,N,N,0,0,0,100,N,90,314940,0,20260224,1500,0,,,0,,N,N,N,0,0,0,0,0.0,,218,,N,N,N
Q760027,KRG760000270,키움 인버스 2X 전력 TOP5 ETN,EN,,0,0,0,N,N,,0,N,N,N,3.0,N,N,,,,,N,,,0,,,N,,,,,,5330,1,1,N,N,N,0,N,N,N,0,0,0,100,N,90,46841,0,20260224,2000,0,,,0,,N,N,N,0,0,0,0,0.0,,106,,N,N,N
Q760028,KRG760000288,키움 인버스 2X 반도체TOP10 ETN,EN,,0,0,0,N,N,,0,N,N,N,3.0,N,N,,,,,N,,,0,,,N,,,,,,2510,1,1,N,N,N,0,N,N,N,0,0,0,100,N,90,1514238,0,20260224,8000,0,,,0,,N,N,N,0,0,0,0,0.0,,200,,N,N,N
Q760032,KRG760000320,키움 모험자본창업투자 ETN,EN,,0,0,0,N,N,,0,N,N,N,3.0,N,N,,,,,N,,,0,,,N,,,,,,10555,1,1,N,N,N,0,N,N,N,0,0,0,100,N,90,144,0,20260820,1000,0,,,0,,N,N,N,0,0,0,0,0.0,,105,,N,N,N
900140,KYG5307W1015,엘브이엠씨홀딩스,FS,,0,0,0,N,N,N,0,N,N,N,,N,N,N,N,N,N,N,N,N,0,N,N,N,N,N,N,N,N,1169,1,1,N,N,N,0,N,N,N,0,0,0,50,Y,90,277389,0,20101130,193240,48310108,12.0,,0,,N,N,N,2862,199,118,107,3.55,20250930.0,2258,,N,N,N
